Transaction_ID,Customer_ID,Product_ID,Order_Date,Quantity,Discount_Percent,Payment_Method,Shipping_Status,Sales_Amount,Year,Month
TXN000001,CUST0182,PROD0087,2025-11-28,6,20.0,Paypal,Cancelled,353.38,2025,2025-11
TXN000002,CUST0491,PROD0032,2024-10-12,3,15.0,Bank Transfer,Returned,306.15,2024,2024-10
TXN000003,CUST0361,PROD0027,2025-12-07,4,25.0,Paypal,Delivered,271.53,2025,2025-12
TXN000004,CUST0287,PROD0093,2024-10-07,1,60.0,Cash,Shipped,127.68,2024,2024-10
TXN000005,CUST0459,PROD0051,2024-12-19,3,0.0,Bank Transfer,Shipped,336.84,2024,2024-12
TXN000006,CUST0178,PROD0057,2025-11-02,6,40.0,Upi,Cancelled,1649.23,2025,2025-11
TXN000007,CUST0424,PROD0069,2024-01-01,6,20.0,Paypal,Shipped,267.79,2024,2024-01
TXN000008,CUST0316,PROD0095,2025-08-23,2,0.0,Cash,Cancelled,320.88,2025,2025-08
TXN000009,CUST0327,PROD0030,2024-02-23,4,25.0,Paypal,Shipped,182.31,2024,2024-02
TXN000010,CUST0349,PROD0099,2024-05-20,5,10.0,Upi,Pending,174.15,2024,2024-05
TXN000011,CUST0245,PROD0084,2024-01-01,3,20.0,Credit Card,Shipped,406.27,2024,2024-01
TXN000012,CUST0334,PROD0074,2024-08-25,6,0.0,Paypal,Shipped,1943.64,2024,2024-08
TXN000013,CUST0452,PROD0023,2024-02-07,4,10.0,Bank Transfer,Delivered,1904.47,2024,2024-02
TXN000014,CUST0005,PROD0039,2024-01-01,1,25.0,Bank Transfer,Pending,42.11,2024,2024-01
TXN000015,CUST0329,PROD0070,2025-06-20,2,50.0,Paypal,Returned,72.36,2025,2025-06
TXN000016,CUST0099,PROD0015,2024-12-04,6,40.0,Bank Transfer,Processing,240.37,2024,2024-12
TXN000017,CUST0008,PROD0095,2024-01-01,5,15.0,Paypal,Shipped,681.87,2024,2024-01
TXN000018,CUST0424,PROD0055,2025-06-11,1,30.0,Debit Card,Processing,735.28,2025,2025-06
TXN000019,CUST0072,PROD0062,2024-11-27,1,20.0,Upi,Cancelled,20.14,2024,2024-11
TXN000020,CUST0229,PROD0097,2024-09-30,3,60.0,Credit Card,Returned,44.0,2024,2024-09
TXN000021,CUST0335,PROD0047,2024-01-01,1,5.0,Paypal,Returned,47.8,2024,2024-01
TXN000022,CUST0082,PROD0052,2024-01-01,6,20.0,Debit Card,Returned,81.65,2024,2024-01
TXN000023,CUST0189,PROD0079,2024-08-14,2,40.0,Paypal,Pending,996.59,2024,2024-08
TXN000024,CUST0383,PROD0078,2025-01-17,6,50.0,Paypal,Cancelled,203.34,2025,2025-01
TXN000025,CUST0391,PROD0032,2025-11-27,1,50.0,Paypal,Delivered,60.03,2025,2025-11
TXN000026,CUST0040,PROD0073,2024-04-24,5,50.0,Upi,Processing,274.23,2024,2024-04
TXN000027,CUST0085,PROD0042,2025-06-16,1,15.0,Paypal,Shipped,44.25,2025,2025-06
TXN000028,CUST0461,PROD0066,2024-01-01,4,10.0,Cash,Shipped,331.74,2024,2024-01
TXN000029,CUST0234,PROD0073,2024-02-29,4,20.0,Credit Card,Shipped,351.01,2024,2024-02
TXN000030,CUST0131,PROD0001,2024-08-11,1,0.0,Upi,Delivered,176.07,2024,2024-08
TXN000031,CUST0359,PROD0009,2025-07-08,1,40.0,Credit Card,Returned,113.56,2025,2025-07
TXN000032,CUST0210,PROD0024,2024-05-18,6,30.0,Credit Card,Shipped,425.21,2024,2024-05
TXN000033,CUST0230,PROD0049,2024-01-01,6,50.0,Paypal,Delivered,389.34,2024,2024-01
TXN000034,CUST0061,PROD0023,2024-01-01,5,10.0,Upi,Delivered,2380.59,2024,2024-01
TXN000035,CUST0388,PROD0003,2024-01-01,6,50.0,Upi,Shipped,108.33,2024,2024-01
TXN000036,CUST0422,PROD0030,2024-09-10,3,10.0,Bank Transfer,Cancelled,164.08,2024,2024-09
TXN000037,CUST0480,PROD0093,2024-04-25,6,30.0,Credit Card,Cancelled,1340.68,2024,2024-04
TXN000038,CUST0106,PROD0009,2024-04-13,1,40.0,Credit Card,Cancelled,113.56,2024,2024-04
TXN000039,CUST0380,PROD0006,2025-02-15,2,50.0,Upi,Delivered,241.29,2025,2025-02
TXN000040,CUST0072,PROD0065,2024-10-23,6,60.0,Credit Card,Delivered,74.35,2024,2024-10
TXN000041,CUST0122,PROD0039,2024-05-26,5,15.0,Upi,Returned,238.64,2024,2024-05
TXN000042,CUST0141,PROD0008,2024-01-01,6,10.0,Upi,Pending,528.71,2024,2024-01
TXN000043,CUST0025,PROD0045,2025-10-20,4,50.0,Credit Card,Shipped,351.44,2025,2025-10
TXN000044,CUST0210,PROD0020,2024-01-01,2,50.0,Paypal,Cancelled,90.74,2024,2024-01
TXN000045,CUST0435,PROD0029,2024-11-03,2,40.0,Credit Card,Shipped,174.78,2024,2024-11
TXN000046,CUST0496,PROD0054,2025-07-24,2,30.0,Upi,Returned,271.82,2025,2025-07
TXN000047,CUST0105,PROD0043,2025-10-24,4,25.0,Debit Card,Cancelled,479.85,2025,2025-10
TXN000048,CUST0027,PROD0035,2025-01-21,5,60.0,Credit Card,Shipped,623.46,2025,2025-01
TXN000049,CUST0097,PROD0098,2024-01-01,6,50.0,Upi,Pending,755.4,2024,2024-01
TXN000050,CUST0107,PROD0043,2024-11-06,2,15.0,Debit Card,Pending,271.91,2024,2024-11
TXN000051,CUST0469,PROD0032,2024-01-01,6,15.0,Upi,Cancelled,612.31,2024,2024-01
TXN000052,CUST0283,PROD0042,2024-10-16,4,50.0,Credit Card,Returned,104.12,2024,2024-10
TXN000053,CUST0134,PROD0047,2025-06-09,4,5.0,Paypal,Delivered,191.22,2025,2025-06
TXN000054,CUST0469,PROD0027,2025-01-14,4,0.0,Upi,Processing,362.04,2025,2025-01
TXN000055,CUST0009,PROD0034,2024-01-01,5,30.0,Bank Transfer,Processing,523.46,2024,2024-01
TXN000056,CUST0101,PROD0043,2024-01-01,5,15.0,Paypal,Delivered,679.79,2024,2024-01
TXN000057,CUST0132,PROD0098,2025-05-15,6,40.0,Paypal,Processing,906.48,2025,2025-05
TXN000058,CUST0376,PROD0046,2024-06-22,6,50.0,Paypal,Processing,553.26,2024,2024-06
TXN000059,CUST0470,PROD0070,2025-10-19,5,0.0,Debit Card,Delivered,361.8,2025,2025-10
TXN000060,CUST0392,PROD0001,2025-02-26,6,15.0,Debit Card,Processing,897.96,2025,2025-02
TXN000061,CUST0005,PROD0028,2025-06-01,3,0.0,Paypal,Pending,2685.33,2025,2025-06
TXN000062,CUST0009,PROD0001,2025-06-28,4,0.0,Credit Card,Returned,704.28,2025,2025-06
TXN000063,CUST0275,PROD0037,2024-01-01,6,30.0,Paypal,Shipped,129.57,2024,2024-01
TXN000064,CUST0471,PROD0013,2025-06-20,2,15.0,Cash,Returned,147.49,2025,2025-06
TXN000065,CUST0418,PROD0046,2024-09-30,1,25.0,Upi,Pending,138.32,2024,2024-09
TXN000066,CUST0290,PROD0032,2024-01-01,3,5.0,Credit Card,Shipped,342.17,2024,2024-01
TXN000067,CUST0208,PROD0049,2025-01-21,4,0.0,Credit Card,Processing,519.12,2025,2025-01
TXN000068,CUST0043,PROD0064,2024-01-01,3,60.0,Debit Card,Delivered,64.75,2024,2024-01
TXN000069,CUST0118,PROD0028,2025-12-09,4,20.0,Credit Card,Shipped,2864.35,2025,2025-12
TXN000070,CUST0351,PROD0036,2024-01-01,6,0.0,Paypal,Delivered,1266.96,2024,2024-01
TXN000071,CUST0009,PROD0027,2025-08-24,6,30.0,Debit Card,Returned,380.14,2025,2025-08
TXN000072,CUST0084,PROD0073,2024-09-03,4,50.0,Credit Card,Shipped,219.38,2024,2024-09
TXN000073,CUST0387,PROD0095,2024-05-23,6,5.0,Cash,Delivered,914.51,2024,2024-05
TXN000074,CUST0028,PROD0013,2025-03-23,1,25.0,Upi,Delivered,65.07,2025,2025-03
TXN000075,CUST0016,PROD0082,2024-10-06,4,15.0,Credit Card,Shipped,347.31,2024,2024-10
TXN000076,CUST0349,PROD0075,2025-11-07,1,60.0,Bank Transfer,Cancelled,16.26,2025,2025-11
TXN000077,CUST0366,PROD0010,2024-01-01,2,30.0,Paypal,Shipped,147.22,2024,2024-01
TXN000078,CUST0163,PROD0047,2024-04-19,1,20.0,Paypal,Delivered,40.26,2024,2024-04
TXN000079,CUST0390,PROD0035,2024-04-14,1,10.0,Upi,Pending,280.56,2024,2024-04
TXN000080,CUST0286,PROD0072,2025-06-08,1,0.0,Debit Card,Delivered,191.67,2025,2025-06
TXN000081,CUST0284,PROD0012,2025-09-03,3,30.0,Credit Card,Returned,160.84,2025,2025-09
TXN000082,CUST0212,PROD0050,2024-03-27,5,15.0,Cash,Processing,100.0,2024,2024-03
TXN000083,CUST0351,PROD0049,2024-06-22,3,20.0,Bank Transfer,Pending,311.47,2024,2024-06
TXN000084,CUST0075,PROD0009,2024-01-01,3,30.0,Bank Transfer,Pending,397.47,2024,2024-01
TXN000085,CUST0401,PROD0010,2024-01-01,2,40.0,Upi,Pending,126.19,2024,2024-01
TXN000086,CUST0055,PROD0018,2024-11-07,4,25.0,Upi,Delivered,355.14,2024,2024-11
TXN000087,CUST0226,PROD0043,2025-03-16,5,10.0,Bank Transfer,Delivered,719.78,2025,2025-03
TXN000088,CUST0309,PROD0089,2024-01-01,3,10.0,Upi,Delivered,44.77,2024,2024-01
TXN000089,CUST0150,PROD0095,2025-12-12,4,60.0,Upi,Delivered,256.7,2025,2025-12
TXN000090,CUST0193,PROD0036,2025-02-06,1,60.0,Upi,Processing,84.46,2025,2025-02
TXN000091,CUST0350,PROD0099,2024-01-01,6,40.0,Upi,Pending,139.32,2024,2024-01
TXN000092,CUST0409,PROD0038,2025-12-10,4,40.0,Paypal,Returned,173.23,2025,2025-12
TXN000093,CUST0124,PROD0033,2025-11-05,6,30.0,Upi,Shipped,528.65,2025,2025-11
TXN000094,CUST0230,PROD0077,2025-05-05,4,50.0,Cash,Shipped,68.2,2025,2025-05
TXN000095,CUST0279,PROD0005,2025-01-03,5,60.0,Debit Card,Shipped,124.74,2025,2025-01
TXN000096,CUST0394,PROD0032,2025-11-04,3,10.0,Credit Card,Shipped,324.16,2025,2025-11
TXN000097,CUST0496,PROD0097,2024-12-05,1,25.0,Debit Card,Returned,27.5,2024,2024-12
TXN000098,CUST0114,PROD0066,2024-01-01,5,60.0,Upi,Pending,184.3,2024,2024-01
TXN000099,CUST0192,PROD0051,2024-01-01,5,50.0,Paypal,Delivered,280.7,2024,2024-01
TXN000100,CUST0013,PROD0062,2024-04-17,4,5.0,Debit Card,Processing,95.68,2024,2024-04
TXN000101,CUST0179,PROD0040,2024-12-17,3,50.0,Paypal,Delivered,82.71,2024,2024-12
TXN000102,CUST0244,PROD0013,2024-01-01,6,40.0,Credit Card,Shipped,312.34,2024,2024-01
TXN000103,CUST0154,PROD0006,2025-12-28,1,25.0,Debit Card,Processing,180.97,2025,2025-12
TXN000104,CUST0477,PROD0095,2024-09-06,2,50.0,Paypal,Delivered,160.44,2024,2024-09
TXN000105,CUST0287,PROD0055,2024-01-01,4,10.0,Paypal,Shipped,3781.44,2024,2024-01
TXN000106,CUST0203,PROD0004,2025-09-20,4,60.0,Upi,Shipped,78.56,2025,2025-09
TXN000107,CUST0003,PROD0091,2024-08-07,3,5.0,Debit Card,Processing,1823.54,2024,2024-08
TXN000108,CUST0188,PROD0042,2024-07-20,1,20.0,Paypal,Delivered,41.65,2024,2024-07
TXN000109,CUST0306,PROD0050,2025-09-17,5,5.0,Credit Card,Delivered,111.77,2025,2025-09
TXN000110,CUST0433,PROD0059,2024-01-01,6,20.0,Debit Card,Processing,260.26,2024,2024-01
TXN000111,CUST0161,PROD0016,2024-09-01,1,10.0,Credit Card,Processing,35.79,2024,2024-09
TXN000112,CUST0262,PROD0050,2024-01-01,2,60.0,Upi,Shipped,18.82,2024,2024-01
TXN000113,CUST0096,PROD0063,2025-10-12,6,10.0,Unknown,Processing,2385.83,2025,2025-10
TXN000114,CUST0251,PROD0037,2024-05-23,3,40.0,Credit Card,Delivered,55.53,2024,2024-05
TXN000115,CUST0488,PROD0002,2025-05-11,2,30.0,Cash,Pending,102.68,2025,2025-05
TXN000116,CUST0210,PROD0088,2025-05-18,6,40.0,Paypal,Processing,1300.28,2025,2025-05
TXN000117,CUST0043,PROD0073,2024-02-01,3,0.0,Bank Transfer,Cancelled,329.07,2024,2024-02
TXN000118,CUST0276,PROD0037,2024-06-21,5,40.0,Cash,Shipped,92.55,2024,2024-06
TXN000119,CUST0294,PROD0015,2024-01-01,3,50.0,Credit Card,Pending,100.16,2024,2024-01
TXN000120,CUST0280,PROD0028,2025-03-11,6,15.0,Bank Transfer,Delivered,4565.06,2025,2025-03
TXN000121,CUST0231,PROD0034,2024-01-01,4,5.0,Upi,Cancelled,568.33,2024,2024-01
TXN000122,CUST0416,PROD0095,2025-08-25,3,60.0,Upi,Processing,192.53,2025,2025-08
TXN000123,CUST0316,PROD0018,2024-07-30,1,60.0,Credit Card,Returned,47.35,2024,2024-07
TXN000124,CUST0306,PROD0069,2024-06-21,6,20.0,Bank Transfer,Returned,267.79,2024,2024-06
TXN000125,CUST0488,PROD0066,2025-11-26,2,30.0,Credit Card,Returned,129.01,2025,2025-11
TXN000126,CUST0444,PROD0084,2024-01-01,2,15.0,Paypal,Delivered,287.78,2024,2024-01
TXN000127,CUST0425,PROD0032,2025-11-23,4,10.0,Bank Transfer,Unknown,432.22,2025,2025-11
TXN000128,CUST0193,PROD0058,2024-03-18,1,30.0,Cash,Returned,22.15,2024,2024-03
TXN000129,CUST0356,PROD0048,2025-04-10,3,60.0,Credit Card,Shipped,349.44,2025,2025-04
TXN000130,CUST0375,PROD0059,2025-10-12,6,25.0,Debit Card,Shipped,243.99,2025,2025-10
TXN000131,CUST0112,PROD0055,2024-08-04,3,25.0,Bank Transfer,Delivered,2363.4,2024,2024-08
TXN000132,CUST0281,PROD0074,2024-01-01,4,25.0,Credit Card,Delivered,971.82,2024,2024-01
TXN000133,CUST0051,PROD0081,2024-01-01,1,10.0,Paypal,Pending,56.12,2024,2024-01
TXN000134,CUST0001,PROD0055,2024-07-26,2,20.0,Paypal,Returned,1680.64,2024,2024-07
TXN000135,CUST0048,PROD0084,2025-01-04,1,25.0,Paypal,Delivered,126.96,2025,2025-01
TXN000136,CUST0203,PROD0081,2024-01-01,6,15.0,Upi,Shipped,318.04,2024,2024-01
TXN000137,CUST0361,PROD0013,2024-01-02,4,5.0,Paypal,Cancelled,329.69,2024,2024-01
TXN000138,CUST0266,PROD0088,2025-03-31,1,25.0,Debit Card,Shipped,270.89,2025,2025-03
TXN000139,CUST0356,PROD0017,2025-05-04,2,30.0,Debit Card,Shipped,149.98,2025,2025-05
TXN000140,CUST0053,PROD0041,2024-01-01,2,30.0,Paypal,Processing,143.01,2024,2024-01
TXN000141,CUST0289,PROD0002,2025-09-16,2,40.0,Credit Card,Cancelled,88.01,2025,2025-09
TXN000142,CUST0322,PROD0096,2024-06-04,5,40.0,Upi,Shipped,57.27,2024,2024-06
TXN000143,CUST0460,PROD0013,2024-01-01,5,30.0,Credit Card,Shipped,303.66,2024,2024-01
TXN000144,CUST0162,PROD0018,2024-09-10,6,5.0,Upi,Returned,674.77,2024,2024-09
TXN000145,CUST0399,PROD0089,2024-01-28,3,15.0,Cash,Cancelled,42.28,2024,2024-01
TXN000146,CUST0383,PROD0051,2024-10-29,1,15.0,Paypal,Shipped,95.44,2024,2024-10
TXN000147,CUST0058,PROD0031,2024-01-01,5,5.0,Cash,Delivered,222.02,2024,2024-01
TXN000148,CUST0185,PROD0041,2024-05-15,5,30.0,Credit Card,Processing,357.52,2024,2024-05
TXN000149,CUST0489,PROD0099,2024-03-15,3,5.0,Credit Card,Returned,110.3,2024,2024-03
TXN000150,CUST0111,PROD0006,2024-03-02,5,20.0,Cash,Shipped,965.16,2024,2024-03
TXN000151,CUST0217,PROD0090,2025-02-15,6,50.0,Cash,Processing,442.05,2025,2025-02
TXN000152,CUST0143,PROD0011,2024-11-13,5,15.0,Paypal,Delivered,343.23,2024,2024-11
TXN000153,CUST0201,PROD0076,2024-01-01,6,5.0,Bank Transfer,Shipped,167.01,2024,2024-01
TXN000154,CUST0374,PROD0031,2024-01-01,1,30.0,Debit Card,Pending,32.72,2024,2024-01
TXN000155,CUST0314,PROD0078,2024-02-26,6,10.0,Debit Card,Delivered,366.01,2024,2024-02
TXN000156,CUST0363,PROD0018,2025-12-19,2,40.0,Credit Card,Returned,142.06,2025,2025-12
TXN000157,CUST0086,PROD0048,2024-05-09,3,5.0,Credit Card,Delivered,829.92,2024,2024-05
TXN000158,CUST0414,PROD0055,2024-10-05,1,20.0,Debit Card,Pending,840.32,2024,2024-10
TXN000159,CUST0234,PROD0066,2025-01-03,4,60.0,Paypal,Delivered,147.44,2025,2025-01
TXN000160,CUST0081,PROD0033,2024-04-15,6,5.0,Upi,Delivered,717.46,2024,2024-04
TXN000161,CUST0023,PROD0002,2024-01-01,4,25.0,Upi,Processing,220.02,2024,2024-01
TXN000162,CUST0092,PROD0005,2025-07-20,6,30.0,Upi,Delivered,261.95,2025,2025-07
TXN000163,CUST0128,PROD0054,2024-11-23,1,60.0,Credit Card,Shipped,77.66,2024,2024-11
TXN000164,CUST0258,PROD0087,2024-02-23,2,50.0,Credit Card,Shipped,73.62,2024,2024-02
TXN000165,CUST0036,PROD0060,2024-01-01,3,5.0,Cash,Pending,712.24,2024,2024-01
TXN000166,CUST0005,PROD0048,2024-07-24,5,20.0,Upi,Pending,1164.8,2024,2024-07
TXN000167,CUST0189,PROD0076,2025-05-20,6,50.0,Upi,Processing,87.9,2025,2025-05
TXN000168,CUST0004,PROD0053,2024-01-01,5,25.0,Credit Card,Delivered,165.71,2024,2024-01
TXN000169,CUST0001,PROD0098,2025-11-04,6,20.0,Debit Card,Cancelled,1208.64,2025,2025-11
TXN000170,CUST0272,PROD0031,2024-01-01,1,10.0,Bank Transfer,Shipped,42.07,2024,2024-01
TXN000171,CUST0023,PROD0030,2025-06-16,6,25.0,Paypal,Shipped,273.47,2025,2025-06
TXN000172,CUST0298,PROD0013,2025-06-01,6,30.0,Debit Card,Delivered,364.39,2025,2025-06
TXN000173,CUST0223,PROD0085,2024-05-13,3,25.0,Credit Card,Shipped,65.5,2024,2024-05
TXN000174,CUST0359,PROD0095,2024-11-30,4,20.0,Upi,Shipped,513.41,2024,2024-11
TXN000175,CUST0484,PROD0026,2024-01-01,1,10.0,Debit Card,Processing,63.79,2024,2024-01
TXN000176,CUST0231,PROD0060,2024-01-01,1,50.0,Credit Card,Cancelled,124.96,2024,2024-01
TXN000177,CUST0232,PROD0040,2025-04-19,1,5.0,Paypal,Returned,52.38,2025,2025-04
TXN000178,CUST0424,PROD0091,2025-12-14,1,15.0,Credit Card,Processing,543.86,2025,2025-12
TXN000179,CUST0047,PROD0092,2024-09-11,4,50.0,Credit Card,Returned,450.3,2024,2024-09
TXN000180,CUST0134,PROD0023,2024-02-01,4,50.0,Cash,Cancelled,1058.04,2024,2024-02
TXN000181,CUST0049,PROD0060,2024-04-14,1,0.0,Credit Card,Cancelled,249.91,2024,2024-04
TXN000182,CUST0067,PROD0026,2024-01-01,6,5.0,Bank Transfer,Shipped,404.02,2024,2024-01
TXN000183,CUST0012,PROD0009,2024-07-21,4,10.0,Debit Card,Delivered,681.37,2024,2024-07
TXN000184,CUST0063,PROD0006,2025-04-17,2,60.0,Upi,Shipped,193.03,2025,2025-04
TXN000185,CUST0255,PROD0004,2025-01-26,4,10.0,Credit Card,Cancelled,176.76,2025,2025-01
TXN000186,CUST0466,PROD0024,2024-10-08,4,10.0,Credit Card,Cancelled,364.46,2024,2024-10
TXN000187,CUST0332,PROD0038,2024-01-01,5,40.0,Credit Card,Shipped,216.54,2024,2024-01
TXN000188,CUST0144,PROD0050,2024-05-20,2,50.0,Upi,Delivered,23.53,2024,2024-05
TXN000189,CUST0196,PROD0092,2024-01-01,5,40.0,Credit Card,Delivered,675.45,2024,2024-01
TXN000190,CUST0199,PROD0035,2024-07-03,3,60.0,Upi,Delivered,374.08,2024,2024-07
TXN000191,CUST0459,PROD0100,2024-10-14,4,50.0,Credit Card,Cancelled,222.42,2024,2024-10
TXN000192,CUST0499,PROD0021,2024-04-12,6,15.0,Bank Transfer,Delivered,328.39,2024,2024-04
TXN000193,CUST0392,PROD0029,2025-08-12,3,10.0,Paypal,Cancelled,393.26,2025,2025-08
TXN000194,CUST0304,PROD0041,2025-12-15,5,25.0,Credit Card,Processing,383.06,2025,2025-12
TXN000195,CUST0097,PROD0064,2025-07-09,2,40.0,Credit Card,Shipped,64.75,2025,2025-07
TXN000196,CUST0029,PROD0030,2024-01-01,1,50.0,Paypal,Delivered,30.38,2024,2024-01
TXN000197,CUST0170,PROD0079,2024-07-25,3,10.0,Credit Card,Delivered,2242.32,2024,2024-07
TXN000198,CUST0012,PROD0019,2024-01-01,2,5.0,Cash,Delivered,59.15,2024,2024-01
TXN000199,CUST0492,PROD0010,2025-01-17,6,30.0,Debit Card,Delivered,441.67,2025,2025-01
TXN000200,CUST0155,PROD0042,2024-05-19,6,30.0,Paypal,Delivered,218.65,2024,2024-05
TXN000201,CUST0090,PROD0091,2025-07-29,5,25.0,Upi,Processing,2399.4,2025,2025-07
TXN000202,CUST0194,PROD0040,2025-12-06,3,10.0,Credit Card,Shipped,148.88,2025,2025-12
TXN000203,CUST0436,PROD0099,2024-01-01,2,60.0,Credit Card,Cancelled,30.96,2024,2024-01
TXN000204,CUST0328,PROD0073,2024-01-01,2,25.0,Debit Card,Cancelled,164.54,2024,2024-01
TXN000205,CUST0178,PROD0041,2024-06-20,1,25.0,Paypal,Delivered,76.61,2024,2024-06
TXN000206,CUST0128,PROD0089,2024-03-10,3,5.0,Credit Card,Delivered,47.25,2024,2024-03
TXN000207,CUST0198,PROD0057,2025-03-05,4,40.0,Upi,Delivered,1099.49,2025,2025-03
TXN000208,CUST0280,PROD0049,2024-04-13,5,15.0,Paypal,Pending,551.56,2024,2024-04
TXN000209,CUST0038,PROD0005,2024-01-01,3,20.0,Debit Card,Shipped,149.69,2024,2024-01
TXN000210,CUST0176,PROD0022,2024-01-01,6,5.0,Cash,Shipped,1024.46,2024,2024-01
TXN000211,CUST0174,PROD0077,2025-09-20,3,0.0,Upi,Processing,102.3,2025,2025-09
TXN000212,CUST0311,PROD0056,2024-06-09,1,25.0,Upi,Cancelled,351.14,2024,2024-06
TXN000213,CUST0210,PROD0090,2025-07-21,6,50.0,Bank Transfer,Returned,442.05,2025,2025-07
TXN000214,CUST0153,PROD0031,2024-04-08,4,60.0,Cash,Pending,74.78,2024,2024-04
TXN000215,CUST0079,PROD0007,2025-01-04,4,5.0,Bank Transfer,Pending,866.29,2025,2025-01
TXN000216,CUST0103,PROD0013,2024-01-27,2,20.0,Debit Card,Pending,138.82,2024,2024-01
TXN000217,CUST0433,PROD0015,2024-01-01,4,40.0,Bank Transfer,Shipped,160.25,2024,2024-01
TXN000218,CUST0329,PROD0070,2025-01-31,3,30.0,Credit Card,Processing,151.96,2025,2025-01
TXN000219,CUST0229,PROD0006,2024-09-26,4,20.0,Upi,Returned,772.13,2024,2024-09
TXN000220,CUST0289,PROD0008,2024-01-01,6,5.0,Debit Card,Delivered,558.09,2024,2024-01
TXN000221,CUST0414,PROD0070,2024-01-01,2,50.0,Credit Card,Shipped,72.36,2024,2024-01
TXN000222,CUST0420,PROD0067,2025-03-04,6,40.0,Upi,Pending,367.74,2025,2025-03
TXN000223,CUST0154,PROD0011,2025-02-08,1,50.0,Cash,Processing,40.38,2025,2025-02
TXN000224,CUST0062,PROD0097,2024-01-01,2,15.0,Upi,Processing,62.34,2024,2024-01
TXN000225,CUST0022,PROD0055,2024-03-21,4,15.0,Paypal,Returned,3571.36,2024,2024-03
TXN000226,CUST0164,PROD0094,2024-03-09,4,50.0,Unknown,Delivered,206.12,2024,2024-03
TXN000227,CUST0439,PROD0036,2025-06-16,1,60.0,Cash,Shipped,84.46,2025,2025-06
TXN000228,CUST0058,PROD0054,2024-06-02,5,60.0,Debit Card,Shipped,388.32,2024,2024-06
TXN000229,CUST0289,PROD0100,2024-04-13,5,25.0,Upi,Returned,417.04,2024,2024-04
TXN000230,CUST0197,PROD0084,2025-05-12,5,40.0,Credit Card,Processing,507.84,2025,2025-05
TXN000231,CUST0142,PROD0052,2024-01-01,5,30.0,Credit Card,Shipped,59.54,2024,2024-01
TXN000232,CUST0456,PROD0043,2025-12-08,1,40.0,Bank Transfer,Delivered,95.97,2025,2025-12
TXN000233,CUST0011,PROD0044,2024-11-06,3,40.0,Debit Card,Cancelled,186.21,2024,2024-11
TXN000234,CUST0069,PROD0039,2025-03-29,3,30.0,Debit Card,Cancelled,117.91,2025,2025-03
TXN000235,CUST0227,PROD0028,2025-02-20,4,50.0,Credit Card,Delivered,1790.22,2025,2025-02
TXN000236,CUST0264,PROD0021,2024-03-08,6,50.0,Upi,Processing,193.17,2024,2024-03
TXN000237,CUST0400,PROD0068,2025-08-05,2,15.0,Upi,Delivered,89.66,2025,2025-08
TXN000238,CUST0128,PROD0005,2024-01-01,3,15.0,Bank Transfer,Delivered,159.04,2024,2024-01
TXN000239,CUST0422,PROD0060,2025-06-01,6,5.0,Credit Card,Cancelled,1424.49,2025,2025-06
TXN000240,CUST0191,PROD0063,2025-08-31,2,40.0,Cash,Delivered,530.18,2025,2025-08
TXN000241,CUST0177,PROD0021,2024-09-21,6,5.0,Bank Transfer,Delivered,367.02,2024,2024-09
TXN000242,CUST0198,PROD0007,2024-01-01,2,15.0,Upi,Cancelled,387.55,2024,2024-01
TXN000243,CUST0138,PROD0084,2025-02-23,1,0.0,Paypal,Processing,169.28,2025,2025-02
TXN000244,CUST0332,PROD0023,2025-09-07,2,20.0,Bank Transfer,Returned,846.43,2025,2025-09
TXN000245,CUST0217,PROD0049,2024-01-01,3,15.0,Paypal,Returned,330.94,2024,2024-01
TXN000246,CUST0347,PROD0067,2025-09-30,5,5.0,Credit Card,Delivered,485.21,2025,2025-09
TXN000247,CUST0288,PROD0083,2025-08-31,3,20.0,Debit Card,Pending,245.16,2025,2025-08
TXN000248,CUST0033,PROD0044,2024-10-10,3,20.0,Bank Transfer,Returned,248.28,2024,2024-10
TXN000249,CUST0097,PROD0020,2025-06-13,1,60.0,Upi,Delivered,36.3,2025,2025-06
TXN000250,CUST0349,PROD0018,2024-01-27,4,20.0,Bank Transfer,Shipped,378.82,2024,2024-01
TXN000251,CUST0208,PROD0050,2024-02-06,6,60.0,Upi,Delivered,56.47,2024,2024-02
TXN000252,CUST0372,PROD0092,2024-01-01,5,40.0,Credit Card,Returned,675.45,2024,2024-01
TXN000253,CUST0433,PROD0022,2024-01-01,2,20.0,Debit Card,Pending,287.57,2024,2024-01
TXN000254,CUST0066,PROD0095,2024-09-21,5,10.0,Credit Card,Unknown,721.98,2024,2024-09
TXN000255,CUST0114,PROD0046,2024-01-01,3,30.0,Credit Card,Delivered,387.28,2024,2024-01
TXN000256,CUST0134,PROD0075,2024-10-28,1,40.0,Credit Card,Shipped,24.39,2024,2024-10
TXN000257,CUST0242,PROD0025,2025-05-27,6,30.0,Cash,Returned,3315.77,2025,2025-05
TXN000258,CUST0212,PROD0007,2024-06-03,2,25.0,Upi,Pending,341.96,2024,2024-06
TXN000259,CUST0074,PROD0041,2024-01-01,4,25.0,Paypal,Delivered,306.45,2024,2024-01
TXN000260,CUST0003,PROD0058,2024-10-07,2,60.0,Paypal,Pending,25.31,2024,2024-10
TXN000261,CUST0403,PROD0098,2024-03-31,5,30.0,Upi,Shipped,881.3,2024,2024-03
TXN000262,CUST0220,PROD0062,2025-01-27,1,50.0,Upi,Delivered,12.59,2025,2025-01
TXN000263,CUST0487,PROD0002,2024-11-25,2,0.0,Credit Card,Cancelled,146.68,2024,2024-11
TXN000264,CUST0116,PROD0089,2024-01-01,2,5.0,Upi,Returned,31.5,2024,2024-01
TXN000265,CUST0086,PROD0009,2024-02-16,3,40.0,Cash,Delivered,340.69,2024,2024-02
TXN000266,CUST0223,PROD0088,2024-01-01,4,25.0,Upi,Processing,1083.57,2024,2024-01
TXN000267,CUST0486,PROD0052,2024-01-20,2,10.0,Upi,Delivered,30.62,2024,2024-01
TXN000268,CUST0302,PROD0065,2024-06-22,3,0.0,Upi,Returned,92.94,2024,2024-06
TXN000269,CUST0395,PROD0069,2025-09-30,5,0.0,Debit Card,Delivered,278.95,2025,2025-09
TXN000270,CUST0025,PROD0089,2024-04-28,4,30.0,Debit Card,Returned,46.42,2024,2024-04
TXN000271,CUST0243,PROD0090,2024-06-05,6,0.0,Bank Transfer,Shipped,884.1,2024,2024-06
TXN000272,CUST0339,PROD0013,2024-01-01,3,60.0,Paypal,Shipped,104.11,2024,2024-01
TXN000273,CUST0426,PROD0014,2024-01-01,5,5.0,Bank Transfer,Shipped,82.98,2024,2024-01
TXN000274,CUST0402,PROD0014,2025-05-24,5,15.0,Bank Transfer,Cancelled,74.25,2025,2025-05
TXN000275,CUST0184,PROD0091,2024-01-01,2,0.0,Cash,Pending,1279.68,2024,2024-01
TXN000276,CUST0467,PROD0027,2025-12-05,3,15.0,Credit Card,Delivered,230.8,2025,2025-12
TXN000277,CUST0344,PROD0012,2024-04-23,6,40.0,Paypal,Shipped,275.72,2024,2024-04
TXN000278,CUST0400,PROD0066,2024-03-17,6,5.0,Bank Transfer,Cancelled,525.26,2024,2024-03
TXN000279,CUST0234,PROD0038,2024-09-27,1,5.0,Paypal,Delivered,68.57,2024,2024-09
TXN000280,CUST0437,PROD0038,2024-01-01,3,30.0,Debit Card,Shipped,151.58,2024,2024-01
TXN000281,CUST0436,PROD0098,2024-02-16,2,10.0,Credit Card,Delivered,453.24,2024,2024-02
TXN000282,CUST0458,PROD0057,2025-09-28,6,5.0,Credit Card,Delivered,2611.28,2025,2025-09
TXN000283,CUST0094,PROD0015,2025-02-14,4,20.0,Upi,Pending,213.66,2025,2025-02
TXN000284,CUST0410,PROD0054,2025-10-26,1,10.0,Credit Card,Processing,174.74,2025,2025-10
TXN000285,CUST0054,PROD0054,2025-08-27,5,40.0,Paypal,Shipped,582.48,2025,2025-08
TXN000286,CUST0399,PROD0046,2024-01-01,6,10.0,Paypal,Pending,995.87,2024,2024-01
TXN000287,CUST0058,PROD0053,2024-01-01,1,20.0,Credit Card,Delivered,35.35,2024,2024-01
TXN000288,CUST0361,PROD0087,2025-06-21,5,60.0,Upi,Delivered,147.24,2025,2025-06
TXN000289,CUST0266,PROD0067,2024-01-01,5,5.0,Upi,Cancelled,485.21,2024,2024-01
TXN000290,CUST0247,PROD0045,2025-11-10,6,30.0,Paypal,Delivered,738.02,2025,2025-11
TXN000291,CUST0006,PROD0083,2024-06-09,4,25.0,Paypal,Shipped,306.45,2024,2024-06
TXN000292,CUST0385,PROD0063,2024-11-24,3,20.0,Credit Card,Cancelled,1060.37,2024,2024-11
TXN000293,CUST0282,PROD0083,2025-01-22,2,5.0,Paypal,Pending,194.08,2025,2025-01
TXN000294,CUST0411,PROD0074,2024-01-01,4,40.0,Credit Card,Shipped,777.46,2024,2024-01
TXN000295,CUST0255,PROD0096,2025-10-31,1,30.0,Upi,Delivered,13.36,2025,2025-10
TXN000296,CUST0286,PROD0071,2024-01-01,5,60.0,Bank Transfer,Cancelled,1656.18,2024,2024-01
TXN000297,CUST0336,PROD0086,2024-01-01,3,0.0,Upi,Pending,3151.41,2024,2024-01
TXN000298,CUST0170,PROD0072,2025-09-26,3,25.0,Paypal,Shipped,431.26,2025,2025-09
TXN000299,CUST0050,PROD0098,2025-11-05,1,25.0,Credit Card,Returned,188.85,2025,2025-11
TXN000300,CUST0281,PROD0067,2025-01-17,1,0.0,Paypal,Pending,102.15,2025,2025-01
TXN000301,CUST0072,PROD0092,2024-01-01,3,60.0,Upi,Cancelled,270.18,2024,2024-01
TXN000302,CUST0062,PROD0051,2024-08-08,2,25.0,Debit Card,Shipped,168.42,2024,2024-08
TXN000303,CUST0024,PROD0082,2025-11-19,3,40.0,Paypal,Processing,183.87,2025,2025-11
TXN000304,CUST0003,PROD0068,2024-02-19,4,60.0,Paypal,Processing,84.38,2024,2024-02
TXN000305,CUST0355,PROD0075,2024-06-26,2,5.0,Upi,Delivered,77.24,2024,2024-06
TXN000306,CUST0259,PROD0050,2024-01-01,6,15.0,Bank Transfer,Shipped,120.0,2024,2024-01
TXN000307,CUST0494,PROD0044,2024-10-28,2,10.0,Upi,Returned,186.21,2024,2024-10
TXN000308,CUST0432,PROD0090,2024-01-01,6,50.0,Upi,Cancelled,442.05,2024,2024-01
TXN000309,CUST0108,PROD0080,2024-10-24,3,10.0,Paypal,Delivered,504.98,2024,2024-10
TXN000310,CUST0364,PROD0015,2024-12-26,4,60.0,Upi,Returned,106.83,2024,2024-12
TXN000311,CUST0450,PROD0055,2024-01-14,1,0.0,Upi,Processing,1050.4,2024,2024-01
TXN000312,CUST0028,PROD0086,2024-02-27,3,10.0,Bank Transfer,Returned,2836.27,2024,2024-02
TXN000313,CUST0075,PROD0008,2025-12-08,2,50.0,Credit Card,Delivered,97.91,2025,2025-12
TXN000314,CUST0417,PROD0058,2024-04-14,6,50.0,Upi,Shipped,94.92,2024,2024-04
TXN000315,CUST0122,PROD0066,2024-01-01,6,0.0,Upi,Shipped,552.9,2024,2024-01
TXN000316,CUST0214,PROD0088,2024-11-16,1,0.0,Bank Transfer,Cancelled,361.19,2024,2024-11
TXN000317,CUST0318,PROD0100,2025-03-29,6,25.0,Cash,Cancelled,500.44,2025,2025-03
TXN000318,CUST0398,PROD0093,2024-07-17,4,10.0,Debit Card,Processing,1149.16,2024,2024-07
TXN000319,CUST0493,PROD0023,2024-01-01,4,0.0,Upi,Returned,2116.08,2024,2024-01
TXN000320,CUST0285,PROD0034,2024-05-13,5,20.0,Credit Card,Delivered,598.24,2024,2024-05
TXN000321,CUST0239,PROD0091,2024-06-07,2,25.0,Credit Card,Returned,959.76,2024,2024-06
TXN000322,CUST0252,PROD0074,2024-01-01,1,25.0,Cash,Cancelled,242.96,2024,2024-01
TXN000323,CUST0490,PROD0024,2024-01-01,5,10.0,Upi,Shipped,455.58,2024,2024-01
TXN000324,CUST0048,PROD0045,2024-08-14,6,25.0,Credit Card,Delivered,790.74,2024,2024-08
TXN000325,CUST0151,PROD0028,2025-09-25,4,50.0,Credit Card,Shipped,1790.22,2025,2025-09
TXN000326,CUST0343,PROD0045,2025-04-01,6,60.0,Upi,Delivered,421.73,2025,2025-04
TXN000327,CUST0350,PROD0042,2025-01-25,4,20.0,Cash,Returned,166.59,2025,2025-01
TXN000328,CUST0013,PROD0067,2025-01-18,5,40.0,Paypal,Delivered,306.45,2025,2025-01
TXN000329,CUST0152,PROD0084,2024-01-01,5,5.0,Debit Card,Processing,804.08,2024,2024-01
TXN000330,CUST0498,PROD0099,2024-01-01,1,5.0,Upi,Cancelled,36.76,2024,2024-01
TXN000331,CUST0443,PROD0088,2025-03-10,2,50.0,Upi,Shipped,361.19,2025,2025-03
TXN000332,CUST0383,PROD0088,2024-06-06,4,25.0,Credit Card,Shipped,1083.57,2024,2024-06
TXN000333,CUST0038,PROD0007,2024-07-01,5,5.0,Upi,Returned,1082.86,2024,2024-07
TXN000334,CUST0209,PROD0050,2025-04-06,4,30.0,Credit Card,Delivered,65.88,2025,2025-04
TXN000335,CUST0200,PROD0087,2024-05-01,1,60.0,Debit Card,Delivered,29.45,2024,2024-05
TXN000336,CUST0359,PROD0010,2024-01-01,1,20.0,Bank Transfer,Shipped,84.13,2024,2024-01
TXN000337,CUST0145,PROD0098,2025-03-24,4,0.0,Paypal,Processing,1007.2,2025,2025-03
TXN000338,CUST0274,PROD0029,2024-05-19,4,50.0,Bank Transfer,Processing,291.3,2024,2024-05
TXN000339,CUST0153,PROD0087,2025-10-25,1,50.0,Unknown,Processing,36.81,2025,2025-10
TXN000340,CUST0064,PROD0006,2024-01-01,5,30.0,Cash,Shipped,844.52,2024,2024-01
TXN000341,CUST0157,PROD0027,2024-01-01,4,50.0,Paypal,Processing,181.02,2024,2024-01
TXN000342,CUST0095,PROD0029,2025-09-23,2,5.0,Paypal,Delivered,276.74,2025,2025-09
TXN000343,CUST0436,PROD0097,2024-01-01,6,50.0,Debit Card,Returned,110.01,2024,2024-01
TXN000344,CUST0344,PROD0009,2024-09-13,2,60.0,Paypal,Delivered,151.42,2024,2024-09
TXN000345,CUST0183,PROD0017,2025-11-18,2,5.0,Bank Transfer,Shipped,203.55,2025,2025-11
TXN000346,CUST0461,PROD0025,2024-11-21,4,25.0,Bank Transfer,Processing,2368.41,2024,2024-11
TXN000347,CUST0290,PROD0073,2025-01-08,4,10.0,Credit Card,Delivered,394.88,2025,2025-01
TXN000348,CUST0127,PROD0029,2025-12-30,6,30.0,Bank Transfer,Delivered,611.73,2025,2025-12
TXN000349,CUST0069,PROD0087,2024-12-05,4,40.0,Credit Card,Returned,176.69,2024,2024-12
TXN000350,CUST0250,PROD0071,2024-01-01,6,60.0,Debit Card,Returned,1987.42,2024,2024-01
TXN000351,CUST0440,PROD0018,2025-07-05,3,5.0,Debit Card,Delivered,337.38,2025,2025-07
TXN000352,CUST0435,PROD0065,2024-01-01,5,60.0,Upi,Cancelled,61.96,2024,2024-01
TXN000353,CUST0465,PROD0005,2025-07-18,5,50.0,Paypal,Processing,155.92,2025,2025-07
TXN000354,CUST0188,PROD0051,2024-08-16,6,20.0,Paypal,Pending,538.94,2024,2024-08
TXN000355,CUST0257,PROD0066,2024-04-02,3,50.0,Credit Card,Cancelled,138.23,2024,2024-04
TXN000356,CUST0435,PROD0079,2025-12-01,5,10.0,Paypal,Processing,3737.2,2025,2025-12
TXN000357,CUST0092,PROD0073,2024-01-01,2,40.0,Credit Card,Delivered,131.63,2024,2024-01
TXN000358,CUST0113,PROD0098,2025-05-14,1,20.0,Credit Card,Cancelled,201.44,2025,2025-05
TXN000359,CUST0022,PROD0086,2024-07-30,3,30.0,Paypal,Pending,2205.99,2024,2024-07
TXN000360,CUST0452,PROD0006,2024-02-10,3,5.0,Cash,Returned,687.68,2024,2024-02
TXN000361,CUST0428,PROD0095,2024-09-26,5,60.0,Paypal,Shipped,320.88,2024,2024-09
TXN000362,CUST0335,PROD0049,2025-01-09,6,5.0,Cash,Returned,739.75,2025,2025-01
TXN000363,CUST0193,PROD0029,2024-01-01,3,25.0,Paypal,Pending,327.71,2024,2024-01
TXN000364,CUST0455,PROD0078,2024-01-01,2,40.0,Paypal,Cancelled,81.34,2024,2024-01
TXN000365,CUST0040,PROD0066,2025-10-20,2,10.0,Paypal,Processing,165.87,2025,2025-10
TXN000366,CUST0186,PROD0078,2024-05-01,2,30.0,Credit Card,Shipped,94.89,2024,2024-05
TXN000367,CUST0247,PROD0087,2025-05-05,2,60.0,Paypal,Shipped,58.9,2025,2025-05
TXN000368,CUST0012,PROD0032,2024-02-14,5,60.0,Paypal,Processing,240.12,2024,2024-02
TXN000369,CUST0323,PROD0066,2024-02-10,2,0.0,Paypal,Returned,184.3,2024,2024-02
TXN000370,CUST0473,PROD0024,2025-06-13,5,60.0,Credit Card,Returned,202.48,2025,2025-06
TXN000371,CUST0485,PROD0011,2024-01-01,5,40.0,Paypal,Processing,242.28,2024,2024-01
TXN000372,CUST0113,PROD0053,2025-09-07,5,10.0,Cash,Returned,198.86,2025,2025-09
TXN000373,CUST0086,PROD0093,2025-12-03,4,60.0,Debit Card,Cancelled,510.74,2025,2025-12
TXN000374,CUST0194,PROD0050,2024-01-01,1,15.0,Cash,Shipped,20.0,2024,2024-01
TXN000375,CUST0424,PROD0020,2025-09-12,2,40.0,Credit Card,Shipped,108.89,2025,2025-09
TXN000376,CUST0048,PROD0062,2025-11-06,5,50.0,Credit Card,Shipped,62.95,2025,2025-11
TXN000377,CUST0268,PROD0054,2025-01-14,6,50.0,Upi,Cancelled,582.48,2025,2025-01
TXN000378,CUST0481,PROD0062,2024-01-01,5,60.0,Debit Card,Shipped,50.36,2024,2024-01
TXN000379,CUST0069,PROD0033,2025-05-03,1,20.0,Cash,Shipped,100.7,2025,2025-05
TXN000380,CUST0132,PROD0025,2024-01-06,6,0.0,Cash,Shipped,4736.82,2024,2024-01
TXN000381,CUST0267,PROD0001,2025-01-19,2,25.0,Upi,Unknown,264.1,2025,2025-01
TXN000382,CUST0055,PROD0020,2025-03-12,5,20.0,Bank Transfer,Shipped,362.96,2025,2025-03
TXN000383,CUST0290,PROD0047,2025-09-18,6,30.0,Upi,Shipped,211.34,2025,2025-09
TXN000384,CUST0283,PROD0072,2025-05-09,3,50.0,Cash,Pending,287.5,2025,2025-05
TXN000385,CUST0130,PROD0040,2024-01-01,6,30.0,Paypal,Shipped,231.59,2024,2024-01
TXN000386,CUST0383,PROD0030,2025-04-02,2,5.0,Upi,Shipped,115.46,2025,2025-04
TXN000387,CUST0403,PROD0044,2025-07-17,6,0.0,Paypal,Shipped,620.7,2025,2025-07
TXN000388,CUST0494,PROD0082,2024-01-06,2,25.0,Upi,Shipped,153.23,2024,2024-01
TXN000389,CUST0114,PROD0048,2024-03-22,1,30.0,Upi,Returned,203.84,2024,2024-03
TXN000390,CUST0365,PROD0077,2024-02-28,6,40.0,Paypal,Delivered,122.76,2024,2024-02
TXN000391,CUST0104,PROD0085,2024-01-01,2,0.0,Cash,Cancelled,58.22,2024,2024-01
TXN000392,CUST0315,PROD0022,2024-01-01,3,15.0,Credit Card,Processing,458.31,2024,2024-01
TXN000393,CUST0045,PROD0036,2025-02-13,6,30.0,Upi,Cancelled,886.87,2025,2025-02
TXN000394,CUST0266,PROD0002,2025-12-21,1,50.0,Bank Transfer,Delivered,36.67,2025,2025-12
TXN000395,CUST0178,PROD0036,2024-08-19,2,40.0,Upi,Delivered,253.39,2024,2024-08
TXN000396,CUST0134,PROD0023,2024-01-01,1,50.0,Debit Card,Returned,264.51,2024,2024-01
TXN000397,CUST0175,PROD0015,2025-06-09,5,60.0,Bank Transfer,Pending,133.54,2025,2025-06
TXN000398,CUST0495,PROD0049,2025-07-30,2,25.0,Paypal,Pending,194.67,2025,2025-07
TXN000399,CUST0460,PROD0076,2024-01-01,1,20.0,Debit Card,Shipped,23.44,2024,2024-01
TXN000400,CUST0325,PROD0029,2025-11-24,2,25.0,Upi,Delivered,218.48,2025,2025-11
TXN000401,CUST0265,PROD0069,2024-01-10,3,15.0,Bank Transfer,Shipped,142.26,2024,2024-01
TXN000402,CUST0205,PROD0087,2024-12-16,5,10.0,Paypal,Delivered,331.29,2024,2024-12
TXN000403,CUST0182,PROD0028,2025-08-10,2,15.0,Paypal,Cancelled,1521.69,2025,2025-08
TXN000404,CUST0121,PROD0095,2024-09-04,3,15.0,Upi,Cancelled,409.12,2024,2024-09
TXN000405,CUST0429,PROD0080,2024-12-30,1,5.0,Debit Card,Pending,177.68,2024,2024-12
TXN000406,CUST0315,PROD0001,2024-01-01,4,25.0,Credit Card,Pending,528.21,2024,2024-01
TXN000407,CUST0460,PROD0074,2024-01-01,2,50.0,Bank Transfer,Shipped,323.94,2024,2024-01
TXN000408,CUST0114,PROD0097,2024-01-01,1,50.0,Upi,Pending,18.34,2024,2024-01
TXN000409,CUST0482,PROD0070,2024-02-03,3,30.0,Paypal,Pending,151.96,2024,2024-02
TXN000410,CUST0500,PROD0016,2025-12-16,4,25.0,Credit Card,Delivered,119.31,2025,2025-12
TXN000411,CUST0346,PROD0027,2025-01-23,1,25.0,Credit Card,Returned,67.88,2025,2025-01
TXN000412,CUST0096,PROD0071,2024-09-26,3,40.0,Credit Card,Delivered,1490.56,2024,2024-09
TXN000413,CUST0095,PROD0064,2024-01-01,4,25.0,Credit Card,Shipped,161.88,2024,2024-01
TXN000414,CUST0144,PROD0058,2024-07-03,2,60.0,Upi,Shipped,25.31,2024,2024-07
TXN000415,CUST0370,PROD0035,2024-08-29,4,30.0,Upi,Processing,872.84,2024,2024-08
TXN000416,CUST0410,PROD0095,2024-06-02,1,10.0,Upi,Pending,144.4,2024,2024-06
TXN000417,CUST0069,PROD0081,2025-06-13,6,25.0,Paypal,Returned,280.62,2025,2025-06
TXN000418,CUST0129,PROD0072,2024-01-01,4,5.0,Paypal,Delivered,728.35,2024,2024-01
TXN000419,CUST0111,PROD0033,2025-05-02,1,40.0,Credit Card,Returned,75.52,2025,2025-05
TXN000420,CUST0185,PROD0047,2024-01-01,3,25.0,Credit Card,Shipped,113.22,2024,2024-01
TXN000421,CUST0063,PROD0045,2025-11-26,2,60.0,Cash,Processing,140.58,2025,2025-11
TXN000422,CUST0400,PROD0037,2024-12-29,3,50.0,Paypal,Pending,46.28,2024,2024-12
TXN000423,CUST0456,PROD0011,2025-01-25,3,40.0,Paypal,Processing,145.37,2025,2025-01
TXN000424,CUST0328,PROD0044,2025-03-07,5,60.0,Upi,Shipped,206.9,2025,2025-03
TXN000425,CUST0041,PROD0021,2024-01-01,3,25.0,Bank Transfer,Returned,144.88,2024,2024-01
TXN000426,CUST0310,PROD0083,2025-02-08,4,25.0,Cash,Pending,306.45,2025,2025-02
TXN000427,CUST0212,PROD0022,2024-01-01,2,15.0,Bank Transfer,Shipped,305.54,2024,2024-01
TXN000428,CUST0108,PROD0022,2025-02-10,1,5.0,Paypal,Delivered,170.74,2025,2025-02
TXN000429,CUST0014,PROD0099,2024-01-01,1,5.0,Bank Transfer,Processing,36.76,2024,2024-01
TXN000430,CUST0044,PROD0084,2025-02-03,2,15.0,Bank Transfer,Pending,287.78,2025,2025-02
TXN000431,CUST0321,PROD0017,2024-05-14,2,0.0,Credit Card,Delivered,214.26,2024,2024-05
TXN000432,CUST0441,PROD0042,2025-05-02,5,20.0,Cash,Pending,208.24,2025,2025-05
TXN000433,CUST0070,PROD0090,2025-07-06,5,60.0,Paypal,Shipped,294.7,2025,2025-07
TXN000434,CUST0269,PROD0082,2024-01-01,3,25.0,Paypal,Cancelled,229.84,2024,2024-01
TXN000435,CUST0227,PROD0040,2025-01-09,3,10.0,Bank Transfer,Delivered,148.88,2025,2025-01
TXN000436,CUST0001,PROD0067,2024-05-19,3,40.0,Cash,Delivered,183.87,2024,2024-05
TXN000437,CUST0353,PROD0063,2025-05-03,1,30.0,Bank Transfer,Cancelled,309.27,2025,2025-05
TXN000438,CUST0408,PROD0001,2025-07-15,2,30.0,Cash,Shipped,246.5,2025,2025-07
TXN000439,CUST0203,PROD0032,2024-06-16,6,30.0,Upi,Cancelled,504.25,2024,2024-06
TXN000440,CUST0135,PROD0011,2024-01-01,2,50.0,Bank Transfer,Returned,80.76,2024,2024-01
TXN000441,CUST0333,PROD0096,2024-01-01,4,15.0,Debit Card,Processing,64.91,2024,2024-01
TXN000442,CUST0070,PROD0038,2024-01-01,4,60.0,Paypal,Returned,115.49,2024,2024-01
TXN000443,CUST0359,PROD0080,2025-05-18,3,0.0,Paypal,Delivered,561.09,2025,2025-05
TXN000444,CUST0497,PROD0069,2024-01-23,1,20.0,Bank Transfer,Processing,44.63,2024,2024-01
TXN000445,CUST0367,PROD0057,2024-01-09,1,10.0,Credit Card,Pending,412.31,2024,2024-01
TXN000446,CUST0112,PROD0044,2025-03-06,4,25.0,Paypal,Delivered,310.35,2025,2025-03
TXN000447,CUST0170,PROD0011,2024-05-29,3,30.0,Debit Card,Pending,169.6,2024,2024-05
TXN000448,CUST0093,PROD0025,2024-01-01,1,5.0,Upi,Shipped,750.0,2024,2024-01
TXN000449,CUST0395,PROD0057,2024-09-10,1,15.0,Paypal,Shipped,389.4,2024,2024-09
TXN000450,CUST0267,PROD0086,2024-08-01,4,20.0,Credit Card,Processing,3361.5,2024,2024-08
TXN000451,CUST0323,PROD0094,2024-01-01,5,50.0,Debit Card,Returned,257.65,2024,2024-01
TXN000452,CUST0247,PROD0082,2024-11-01,3,0.0,Unknown,Shipped,306.45,2024,2024-11
TXN000453,CUST0223,PROD0042,2024-01-16,3,60.0,Debit Card,Shipped,62.47,2024,2024-01
TXN000454,CUST0405,PROD0032,2024-01-10,5,40.0,Paypal,Delivered,360.18,2024,2024-01
TXN000455,CUST0395,PROD0012,2024-01-01,4,5.0,Credit Card,Delivered,291.04,2024,2024-01
TXN000456,CUST0031,PROD0046,2025-10-22,6,50.0,Debit Card,Processing,553.26,2025,2025-10
TXN000457,CUST0250,PROD0030,2024-11-20,6,25.0,Paypal,Cancelled,273.47,2024,2024-11
TXN000458,CUST0011,PROD0089,2025-01-21,6,10.0,Bank Transfer,Delivered,89.53,2025,2025-01
TXN000459,CUST0249,PROD0091,2024-01-01,3,50.0,Paypal,Cancelled,959.76,2024,2024-01
TXN000460,CUST0291,PROD0024,2025-07-10,3,40.0,Bank Transfer,Processing,182.23,2025,2025-07
TXN000461,CUST0036,PROD0068,2024-06-07,3,20.0,Cash,Delivered,126.58,2024,2024-06
TXN000462,CUST0233,PROD0001,2024-01-01,4,10.0,Credit Card,Delivered,633.85,2024,2024-01
TXN000463,CUST0398,PROD0080,2024-09-01,6,5.0,Cash,Shipped,1066.07,2024,2024-09
TXN000464,CUST0098,PROD0068,2025-11-30,5,10.0,Bank Transfer,Delivered,237.33,2025,2025-11
TXN000465,CUST0210,PROD0083,2024-11-25,1,50.0,Debit Card,Delivered,51.08,2024,2024-11
TXN000466,CUST0428,PROD0017,2024-07-01,2,5.0,Paypal,Cancelled,203.55,2024,2024-07
TXN000467,CUST0051,PROD0005,2025-08-07,4,40.0,Cash,Returned,149.69,2025,2025-08
TXN000468,CUST0026,PROD0047,2024-08-14,6,5.0,Credit Card,Cancelled,286.82,2024,2024-08
TXN000469,CUST0336,PROD0063,2024-01-01,6,0.0,Credit Card,Shipped,2650.92,2024,2024-01
TXN000470,CUST0421,PROD0048,2025-12-26,5,20.0,Cash,Delivered,1164.8,2025,2025-12
TXN000471,CUST0376,PROD0010,2024-11-07,2,50.0,Debit Card,Shipped,105.16,2024,2024-11
TXN000472,CUST0372,PROD0030,2025-06-28,2,15.0,Cash,Cancelled,103.31,2025,2025-06
TXN000473,CUST0292,PROD0081,2024-01-01,6,50.0,Upi,Shipped,187.08,2024,2024-01
TXN000474,CUST0393,PROD0082,2025-08-13,6,40.0,Upi,Shipped,367.74,2025,2025-08
TXN000475,CUST0093,PROD0071,2025-02-15,3,10.0,Cash,Pending,2235.84,2025,2025-02
TXN000476,CUST0478,PROD0046,2024-01-01,3,25.0,Upi,Shipped,414.94,2024,2024-01
TXN000477,CUST0423,PROD0093,2024-11-27,2,60.0,Cash,Cancelled,255.37,2024,2024-11
TXN000478,CUST0193,PROD0099,2025-07-17,3,25.0,Paypal,Pending,87.08,2025,2025-07
TXN000479,CUST0492,PROD0051,2024-01-01,1,20.0,Credit Card,Processing,89.82,2024,2024-01
TXN000480,CUST0456,PROD0039,2024-01-07,2,15.0,Credit Card,Delivered,95.46,2024,2024-01
TXN000481,CUST0396,PROD0089,2024-10-09,5,50.0,Paypal,Shipped,41.45,2024,2024-10
TXN000482,CUST0020,PROD0059,2024-12-30,2,20.0,Credit Card,Cancelled,86.75,2024,2024-12
TXN000483,CUST0120,PROD0033,2024-01-01,5,30.0,Upi,Shipped,440.54,2024,2024-01
TXN000484,CUST0371,PROD0042,2024-01-01,4,60.0,Debit Card,Returned,83.3,2024,2024-01
TXN000485,CUST0020,PROD0094,2025-08-13,1,25.0,Credit Card,Delivered,77.3,2025,2025-08
TXN000486,CUST0451,PROD0056,2025-03-02,2,60.0,Credit Card,Shipped,374.54,2025,2025-03
TXN000487,CUST0028,PROD0040,2025-06-20,3,50.0,Paypal,Delivered,82.71,2025,2025-06
TXN000488,CUST0258,PROD0090,2024-08-14,1,30.0,Paypal,Shipped,103.14,2024,2024-08
TXN000489,CUST0114,PROD0056,2024-10-23,2,10.0,Credit Card,Shipped,842.72,2024,2024-10
TXN000490,CUST0244,PROD0074,2024-01-01,4,20.0,Debit Card,Shipped,1036.61,2024,2024-01
TXN000491,CUST0257,PROD0056,2025-12-15,2,40.0,Cash,Cancelled,561.82,2025,2025-12
TXN000492,CUST0250,PROD0051,2025-10-29,2,50.0,Cash,Cancelled,112.28,2025,2025-10
TXN000493,CUST0125,PROD0010,2024-01-01,3,60.0,Debit Card,Shipped,126.19,2024,2024-01
TXN000494,CUST0344,PROD0053,2025-03-09,3,15.0,Credit Card,Delivered,112.68,2025,2025-03
TXN000495,CUST0305,PROD0084,2024-01-01,2,25.0,Paypal,Processing,253.92,2024,2024-01
TXN000496,CUST0226,PROD0006,2024-08-27,6,25.0,Paypal,Shipped,1085.8,2024,2024-08
TXN000497,CUST0058,PROD0095,2024-01-01,5,10.0,Bank Transfer,Delivered,721.98,2024,2024-01
TXN000498,CUST0176,PROD0089,2024-04-23,4,40.0,Credit Card,Delivered,39.79,2024,2024-04
TXN000499,CUST0108,PROD0095,2025-07-04,2,50.0,Cash,Returned,160.44,2025,2025-07
TXN000500,CUST0281,PROD0062,2025-09-29,2,0.0,Upi,Delivered,50.36,2025,2025-09
TXN000501,CUST0131,PROD0022,2024-03-02,2,60.0,Bank Transfer,Delivered,143.78,2024,2024-03
TXN000502,CUST0239,PROD0084,2024-01-09,4,20.0,Credit Card,Shipped,541.7,2024,2024-01
TXN000503,CUST0010,PROD0038,2025-10-26,2,30.0,Cash,Shipped,101.05,2025,2025-10
TXN000504,CUST0463,PROD0041,2024-01-01,5,5.0,Paypal,Cancelled,485.21,2024,2024-01
TXN000505,CUST0235,PROD0072,2025-12-30,3,15.0,Cash,Returned,488.76,2025,2025-12
TXN000506,CUST0171,PROD0063,2024-01-01,2,0.0,Credit Card,Delivered,883.64,2024,2024-01
TXN000507,CUST0182,PROD0081,2024-11-05,5,20.0,Credit Card,Returned,249.44,2024,2024-11
TXN000508,CUST0450,PROD0050,2024-01-31,3,15.0,Paypal,Unknown,60.0,2024,2024-01
TXN000509,CUST0460,PROD0051,2025-11-03,1,30.0,Cash,Cancelled,78.6,2025,2025-11
TXN000510,CUST0214,PROD0031,2024-01-01,4,20.0,Credit Card,Pending,149.57,2024,2024-01
TXN000511,CUST0278,PROD0017,2024-01-01,2,60.0,Cash,Cancelled,85.7,2024,2024-01
TXN000512,CUST0442,PROD0018,2024-11-12,6,50.0,Paypal,Shipped,355.14,2024,2024-11
TXN000513,CUST0466,PROD0099,2024-05-28,5,10.0,Credit Card,Shipped,174.15,2024,2024-05
TXN000514,CUST0286,PROD0069,2024-05-01,3,10.0,Credit Card,Delivered,150.63,2024,2024-05
TXN000515,CUST0451,PROD0053,2025-02-25,4,20.0,Paypal,Cancelled,141.41,2025,2025-02
TXN000516,CUST0055,PROD0017,2024-07-08,5,60.0,Bank Transfer,Cancelled,214.26,2024,2024-07
TXN000517,CUST0306,PROD0030,2024-01-01,1,25.0,Debit Card,Pending,45.58,2024,2024-01
TXN000518,CUST0069,PROD0065,2024-01-01,6,25.0,Paypal,Shipped,139.41,2024,2024-01
TXN000519,CUST0252,PROD0061,2024-05-20,2,25.0,Credit Card,Shipped,279.26,2024,2024-05
TXN000520,CUST0392,PROD0002,2024-10-03,2,15.0,Upi,Shipped,124.68,2024,2024-10
TXN000521,CUST0091,PROD0057,2025-09-23,6,25.0,Paypal,Cancelled,2061.54,2025,2025-09
TXN000522,CUST0219,PROD0052,2024-02-12,6,30.0,Credit Card,Shipped,71.44,2024,2024-02
TXN000523,CUST0314,PROD0096,2025-08-08,5,50.0,Credit Card,Shipped,47.72,2025,2025-08
TXN000524,CUST0232,PROD0059,2024-02-13,5,50.0,Upi,Delivered,135.55,2024,2024-02
TXN000525,CUST0286,PROD0050,2024-01-01,1,15.0,Bank Transfer,Pending,20.0,2024,2024-01
TXN000526,CUST0204,PROD0039,2024-10-19,2,30.0,Bank Transfer,Delivered,78.61,2024,2024-10
TXN000527,CUST0354,PROD0067,2024-01-01,6,40.0,Debit Card,Shipped,367.74,2024,2024-01
TXN000528,CUST0093,PROD0100,2024-01-01,5,10.0,Upi,Shipped,500.44,2024,2024-01
TXN000529,CUST0166,PROD0058,2024-01-26,4,60.0,Upi,Pending,50.62,2024,2024-01
TXN000530,CUST0047,PROD0033,2024-11-27,6,10.0,Debit Card,Shipped,679.7,2024,2024-11
TXN000531,CUST0059,PROD0091,2025-04-05,3,5.0,Cash,Shipped,1823.54,2025,2025-04
TXN000532,CUST0373,PROD0066,2024-01-01,4,50.0,Upi,Delivered,184.3,2024,2024-01
TXN000533,CUST0394,PROD0022,2024-12-09,6,10.0,Paypal,Processing,970.54,2024,2024-12
TXN000534,CUST0092,PROD0099,2025-12-30,4,20.0,Bank Transfer,Pending,123.84,2025,2025-12
TXN000535,CUST0148,PROD0081,2024-07-04,2,15.0,Credit Card,Returned,106.01,2024,2024-07
TXN000536,CUST0007,PROD0059,2025-05-24,5,0.0,Paypal,Cancelled,271.1,2025,2025-05
TXN000537,CUST0112,PROD0076,2025-11-06,4,30.0,Paypal,Shipped,82.04,2025,2025-11
TXN000538,CUST0308,PROD0077,2024-01-07,5,20.0,Cash,Cancelled,136.4,2024,2024-01
TXN000539,CUST0026,PROD0024,2024-01-01,6,25.0,Credit Card,Processing,455.58,2024,2024-01
TXN000540,CUST0438,PROD0005,2025-11-14,5,20.0,Credit Card,Shipped,249.48,2025,2025-11
TXN000541,CUST0026,PROD0014,2025-03-02,2,20.0,Cash,Processing,27.95,2025,2025-03
TXN000542,CUST0495,PROD0059,2025-08-15,1,5.0,Bank Transfer,Delivered,51.51,2025,2025-08
TXN000543,CUST0189,PROD0049,2024-03-10,5,5.0,Bank Transfer,Pending,616.45,2024,2024-03
TXN000544,CUST0069,PROD0016,2024-01-01,3,50.0,Upi,Cancelled,59.66,2024,2024-01
TXN000545,CUST0357,PROD0027,2025-09-18,1,60.0,Cash,Shipped,36.2,2025,2025-09
TXN000546,CUST0248,PROD0093,2024-01-01,6,20.0,Upi,Delivered,1532.21,2024,2024-01
TXN000547,CUST0133,PROD0068,2025-08-11,3,10.0,Paypal,Pending,142.4,2025,2025-08
TXN000548,CUST0253,PROD0024,2025-09-16,6,20.0,Upi,Delivered,485.95,2025,2025-09
TXN000549,CUST0061,PROD0004,2025-04-21,1,15.0,Upi,Shipped,41.74,2025,2025-04
TXN000550,CUST0024,PROD0043,2024-01-01,6,15.0,Credit Card,Cancelled,815.74,2024,2024-01
TXN000551,CUST0354,PROD0037,2024-09-17,3,20.0,Cash,Delivered,74.04,2024,2024-09
TXN000552,CUST0393,PROD0001,2024-04-26,3,25.0,Upi,Delivered,396.16,2024,2024-04
TXN000553,CUST0427,PROD0023,2024-01-01,3,40.0,Paypal,Delivered,952.24,2024,2024-01
TXN000554,CUST0331,PROD0018,2025-05-08,6,40.0,Cash,Delivered,426.17,2025,2025-05
TXN000555,CUST0237,PROD0053,2024-02-27,3,60.0,Credit Card,Delivered,53.03,2024,2024-02
TXN000556,CUST0107,PROD0074,2025-12-02,3,5.0,Paypal,Returned,923.23,2025,2025-12
TXN000557,CUST0431,PROD0004,2024-12-13,6,50.0,Paypal,Shipped,147.3,2024,2024-12
TXN000558,CUST0096,PROD0077,2024-04-29,6,25.0,Credit Card,Returned,153.45,2024,2024-04
TXN000559,CUST0212,PROD0012,2025-05-23,3,40.0,Bank Transfer,Cancelled,137.86,2025,2025-05
TXN000560,CUST0269,PROD0039,2024-01-01,3,0.0,Upi,Shipped,168.45,2024,2024-01
TXN000561,CUST0228,PROD0065,2024-01-01,5,10.0,Upi,Delivered,139.41,2024,2024-01
TXN000562,CUST0473,PROD0062,2025-06-20,3,10.0,Debit Card,Processing,67.99,2025,2025-06
TXN000563,CUST0106,PROD0093,2024-02-07,4,50.0,Debit Card,Delivered,638.42,2024,2024-02
TXN000564,CUST0160,PROD0006,2025-12-04,1,25.0,Paypal,Delivered,180.97,2025,2025-12
TXN000565,CUST0053,PROD0067,2025-11-05,3,0.0,Unknown,Cancelled,306.45,2025,2025-11
TXN000566,CUST0165,PROD0026,2024-07-16,3,50.0,Credit Card,Pending,106.32,2024,2024-07
TXN000567,CUST0344,PROD0016,2024-01-01,2,20.0,Debit Card,Delivered,63.63,2024,2024-01
TXN000568,CUST0491,PROD0080,2025-07-27,1,15.0,Cash,Delivered,158.98,2025,2025-07
TXN000569,CUST0282,PROD0041,2024-10-04,6,20.0,Upi,Processing,490.32,2024,2024-10
TXN000570,CUST0314,PROD0044,2025-07-07,1,10.0,Credit Card,Pending,93.1,2025,2025-07
TXN000571,CUST0463,PROD0087,2024-02-21,4,0.0,Debit Card,Shipped,294.48,2024,2024-02
TXN000572,CUST0201,PROD0023,2024-01-01,5,40.0,Credit Card,Returned,1587.06,2024,2024-01
TXN000573,CUST0171,PROD0026,2025-12-31,5,5.0,Paypal,Processing,336.68,2025,2025-12
TXN000574,CUST0048,PROD0090,2024-01-01,4,20.0,Paypal,Pending,471.52,2024,2024-01
TXN000575,CUST0119,PROD0029,2024-05-27,3,25.0,Upi,Processing,327.71,2024,2024-05
TXN000576,CUST0359,PROD0086,2024-12-04,4,40.0,Credit Card,Shipped,2521.13,2024,2024-12
TXN000577,CUST0244,PROD0015,2024-12-25,4,10.0,Bank Transfer,Delivered,240.37,2024,2024-12
TXN000578,CUST0310,PROD0074,2024-01-01,1,30.0,Debit Card,Delivered,226.76,2024,2024-01
TXN000579,CUST0285,PROD0084,2024-03-13,5,40.0,Upi,Shipped,507.84,2024,2024-03
TXN000580,CUST0123,PROD0080,2024-09-06,2,40.0,Upi,Shipped,224.44,2024,2024-09
TXN000581,CUST0175,PROD0027,2024-01-01,4,30.0,Credit Card,Cancelled,253.43,2024,2024-01
TXN000582,CUST0089,PROD0085,2025-11-16,6,25.0,Paypal,Shipped,131.0,2025,2025-11
TXN000583,CUST0304,PROD0077,2024-01-01,5,5.0,Paypal,Processing,161.98,2024,2024-01
TXN000584,CUST0158,PROD0052,2024-03-12,1,60.0,Upi,Delivered,6.8,2024,2024-03
TXN000585,CUST0254,PROD0083,2025-11-07,1,15.0,Paypal,Delivered,86.83,2025,2025-11
TXN000586,CUST0388,PROD0019,2025-11-07,4,50.0,Bank Transfer,Shipped,62.26,2025,2025-11
TXN000587,CUST0316,PROD0074,2025-04-02,2,25.0,Bank Transfer,Returned,485.91,2025,2025-04
TXN000588,CUST0471,PROD0056,2024-01-01,5,0.0,Cash,Shipped,2340.9,2024,2024-01
TXN000589,CUST0434,PROD0017,2024-10-28,3,50.0,Credit Card,Delivered,160.7,2024,2024-10
TXN000590,CUST0361,PROD0072,2025-01-02,3,0.0,Upi,Shipped,575.01,2025,2025-01
TXN000591,CUST0360,PROD0076,2025-02-07,3,30.0,Upi,Shipped,61.53,2025,2025-02
TXN000592,CUST0223,PROD0070,2024-08-04,2,40.0,Paypal,Cancelled,86.83,2024,2024-08
TXN000593,CUST0285,PROD0050,2025-01-03,2,20.0,Paypal,Processing,37.65,2025,2025-01
TXN000594,CUST0006,PROD0010,2024-01-01,2,40.0,Upi,Processing,126.19,2024,2024-01
TXN000595,CUST0044,PROD0018,2024-01-01,4,60.0,Upi,Processing,189.41,2024,2024-01
TXN000596,CUST0233,PROD0066,2025-03-10,3,30.0,Credit Card,Cancelled,193.52,2025,2025-03
TXN000597,CUST0096,PROD0055,2025-09-11,5,40.0,Upi,Returned,3151.2,2025,2025-09
TXN000598,CUST0211,PROD0070,2025-08-13,1,0.0,Paypal,Delivered,72.36,2025,2025-08
TXN000599,CUST0058,PROD0075,2025-05-08,1,10.0,Cash,Returned,36.58,2025,2025-05
TXN000600,CUST0239,PROD0067,2024-03-21,5,5.0,Upi,Pending,485.21,2024,2024-03
TXN000601,CUST0323,PROD0095,2025-11-10,1,50.0,Bank Transfer,Delivered,80.22,2025,2025-11
TXN000602,CUST0463,PROD0044,2024-01-01,4,40.0,Cash,Pending,248.28,2024,2024-01
TXN000603,CUST0294,PROD0094,2024-12-05,3,20.0,Bank Transfer,Processing,247.34,2024,2024-12
TXN000604,CUST0019,PROD0089,2025-09-03,3,60.0,Bank Transfer,Delivered,19.9,2025,2025-09
TXN000605,CUST0323,PROD0061,2024-01-01,5,0.0,Bank Transfer,Delivered,930.85,2024,2024-01
TXN000606,CUST0147,PROD0063,2024-03-25,3,5.0,Bank Transfer,Returned,1259.19,2024,2024-03
TXN000607,CUST0068,PROD0079,2024-10-14,3,0.0,Debit Card,Processing,2491.47,2024,2024-10
TXN000608,CUST0466,PROD0076,2024-06-03,4,25.0,Paypal,Returned,87.9,2024,2024-06
TXN000609,CUST0401,PROD0090,2024-01-01,2,50.0,Credit Card,Delivered,147.35,2024,2024-01
TXN000610,CUST0044,PROD0019,2025-09-01,4,30.0,Upi,Cancelled,87.16,2025,2025-09
TXN000611,CUST0339,PROD0057,2025-10-14,2,60.0,Credit Card,Delivered,366.5,2025,2025-10
TXN000612,CUST0329,PROD0034,2024-01-01,2,40.0,Upi,Pending,179.47,2024,2024-01
TXN000613,CUST0155,PROD0061,2025-06-29,4,30.0,Paypal,Returned,521.28,2025,2025-06
TXN000614,CUST0075,PROD0068,2025-03-21,3,40.0,Upi,Delivered,94.93,2025,2025-03
TXN000615,CUST0493,PROD0068,2025-11-30,1,50.0,Credit Card,Shipped,26.37,2025,2025-11
TXN000616,CUST0313,PROD0084,2024-01-01,3,20.0,Debit Card,Returned,406.27,2024,2024-01
TXN000617,CUST0336,PROD0075,2025-02-04,6,15.0,Upi,Delivered,207.31,2025,2025-02
TXN000618,CUST0347,PROD0089,2024-07-03,5,0.0,Credit Card,Shipped,82.9,2024,2024-07
TXN000619,CUST0007,PROD0053,2024-04-10,1,40.0,Credit Card,Cancelled,26.51,2024,2024-04
TXN000620,CUST0372,PROD0037,2024-09-14,1,0.0,Debit Card,Delivered,30.85,2024,2024-09
TXN000621,CUST0481,PROD0077,2025-11-03,5,5.0,Debit Card,Shipped,161.98,2025,2025-11
TXN000622,CUST0439,PROD0078,2024-05-13,6,60.0,Paypal,Shipped,162.67,2024,2024-05
TXN000623,CUST0357,PROD0024,2024-01-01,4,5.0,Paypal,Returned,384.71,2024,2024-01
TXN000624,CUST0394,PROD0055,2025-12-09,3,20.0,Paypal,Shipped,2520.96,2025,2025-12
TXN000625,CUST0142,PROD0100,2024-03-04,4,25.0,Credit Card,Returned,333.63,2024,2024-03
TXN000626,CUST0490,PROD0034,2024-07-01,1,40.0,Upi,Shipped,89.74,2024,2024-07
TXN000627,CUST0092,PROD0083,2024-01-01,2,50.0,Upi,Cancelled,102.15,2024,2024-01
TXN000628,CUST0315,PROD0083,2024-04-18,6,20.0,Debit Card,Delivered,490.32,2024,2024-04
TXN000629,CUST0038,PROD0010,2024-01-01,3,40.0,Credit Card,Pending,189.29,2024,2024-01
TXN000630,CUST0077,PROD0084,2024-01-01,1,30.0,Bank Transfer,Processing,118.5,2024,2024-01
TXN000631,CUST0359,PROD0043,2025-02-04,1,50.0,Paypal,Pending,79.97,2025,2025-02
TXN000632,CUST0224,PROD0052,2024-03-12,2,0.0,Upi,Pending,34.02,2024,2024-03
TXN000633,CUST0063,PROD0073,2025-07-02,3,20.0,Upi,Delivered,263.26,2025,2025-07
TXN000634,CUST0324,PROD0083,2024-04-02,5,25.0,Debit Card,Pending,383.06,2024,2024-04
TXN000635,CUST0390,PROD0099,2024-10-23,2,10.0,Cash,Unknown,69.66,2024,2024-10
TXN000636,CUST0496,PROD0050,2025-11-07,3,30.0,Debit Card,Delivered,49.41,2025,2025-11
TXN000637,CUST0250,PROD0011,2024-01-01,6,15.0,Paypal,Delivered,411.88,2024,2024-01
TXN000638,CUST0099,PROD0004,2024-01-01,4,30.0,Debit Card,Returned,137.48,2024,2024-01
TXN000639,CUST0256,PROD0069,2025-04-05,1,25.0,Credit Card,Delivered,41.84,2025,2025-04
TXN000640,CUST0404,PROD0093,2024-02-13,1,15.0,Cash,Pending,271.33,2024,2024-02
TXN000641,CUST0482,PROD0087,2025-07-03,6,60.0,Upi,Shipped,176.69,2025,2025-07
TXN000642,CUST0019,PROD0095,2024-05-24,6,0.0,Paypal,Delivered,962.64,2024,2024-05
TXN000643,CUST0125,PROD0090,2025-10-26,1,10.0,Credit Card,Returned,132.62,2025,2025-10
TXN000644,CUST0421,PROD0013,2024-01-01,2,60.0,Debit Card,Shipped,69.41,2024,2024-01
TXN000645,CUST0059,PROD0064,2025-09-01,2,5.0,Upi,Shipped,102.52,2025,2025-09
TXN000646,CUST0173,PROD0095,2024-01-01,3,5.0,Cash,Processing,457.25,2024,2024-01
TXN000647,CUST0165,PROD0028,2024-02-16,2,25.0,Debit Card,Shipped,1342.66,2024,2024-02
TXN000648,CUST0141,PROD0019,2025-03-01,6,25.0,Cash,Processing,140.08,2025,2025-03
TXN000649,CUST0225,PROD0032,2024-01-01,2,5.0,Upi,Processing,228.11,2024,2024-01
TXN000650,CUST0009,PROD0063,2024-03-23,1,10.0,Debit Card,Returned,397.64,2024,2024-03
TXN000651,CUST0214,PROD0089,2024-01-01,2,15.0,Paypal,Returned,28.19,2024,2024-01
TXN000652,CUST0268,PROD0058,2025-02-25,2,60.0,Credit Card,Processing,25.31,2025,2025-02
TXN000653,CUST0368,PROD0064,2025-09-18,6,20.0,Credit Card,Shipped,259.01,2025,2025-09
TXN000654,CUST0003,PROD0072,2024-08-29,1,50.0,Debit Card,Delivered,95.84,2024,2024-08
TXN000655,CUST0442,PROD0098,2025-07-06,2,40.0,Upi,Returned,302.16,2025,2025-07
TXN000656,CUST0028,PROD0025,2024-04-25,6,40.0,Paypal,Processing,2842.09,2024,2024-04
TXN000657,CUST0082,PROD0086,2024-02-14,6,25.0,Bank Transfer,Cancelled,4727.12,2024,2024-02
TXN000658,CUST0223,PROD0033,2024-01-01,4,0.0,Debit Card,Delivered,503.48,2024,2024-01
TXN000659,CUST0474,PROD0069,2024-06-29,1,40.0,Cash,Shipped,33.47,2024,2024-06
TXN000660,CUST0037,PROD0031,2024-01-01,5,25.0,Upi,Cancelled,175.28,2024,2024-01
TXN000661,CUST0383,PROD0087,2024-11-29,1,25.0,Upi,Shipped,55.22,2024,2024-11
TXN000662,CUST0122,PROD0095,2025-02-26,4,15.0,Debit Card,Pending,545.5,2025,2025-02
TXN000663,CUST0300,PROD0063,2024-01-01,2,15.0,Paypal,Processing,751.09,2024,2024-01
TXN000664,CUST0199,PROD0048,2024-05-19,6,15.0,Credit Card,Returned,1485.12,2024,2024-05
TXN000665,CUST0104,PROD0043,2024-01-01,6,60.0,Credit Card,Returned,383.88,2024,2024-01
TXN000666,CUST0070,PROD0015,2025-04-21,4,10.0,Credit Card,Cancelled,240.37,2025,2025-04
TXN000667,CUST0454,PROD0038,2025-09-10,6,60.0,Paypal,Cancelled,173.23,2025,2025-09
TXN000668,CUST0045,PROD0053,2025-06-18,2,60.0,Paypal,Pending,35.35,2025,2025-06
TXN000669,CUST0143,PROD0002,2025-03-14,2,15.0,Credit Card,Shipped,124.68,2025,2025-03
TXN000670,CUST0297,PROD0029,2025-08-28,5,0.0,Upi,Delivered,728.25,2025,2025-08
TXN000671,CUST0021,PROD0061,2024-01-01,4,50.0,Upi,Pending,372.34,2024,2024-01
TXN000672,CUST0415,PROD0090,2024-01-01,4,15.0,Debit Card,Delivered,500.99,2024,2024-01
TXN000673,CUST0355,PROD0094,2025-02-20,2,25.0,Bank Transfer,Cancelled,154.59,2025,2025-02
TXN000674,CUST0332,PROD0012,2024-01-17,6,20.0,Paypal,Pending,367.63,2024,2024-01
TXN000675,CUST0440,PROD0074,2025-08-20,4,40.0,Paypal,Shipped,777.46,2025,2025-08
TXN000676,CUST0095,PROD0048,2025-10-03,6,0.0,Debit Card,Shipped,1747.2,2025,2025-10
TXN000677,CUST0458,PROD0089,2024-12-06,1,20.0,Upi,Returned,13.26,2024,2024-12
TXN000678,CUST0358,PROD0079,2025-07-09,2,5.0,Unknown,Delivered,1577.93,2025,2025-07
TXN000679,CUST0264,PROD0087,2024-01-01,1,25.0,Credit Card,Pending,55.22,2024,2024-01
TXN000680,CUST0317,PROD0006,2024-01-01,2,50.0,Debit Card,Cancelled,241.29,2024,2024-01
TXN000681,CUST0071,PROD0043,2024-09-01,1,40.0,Upi,Cancelled,95.97,2024,2024-09
TXN000682,CUST0165,PROD0046,2024-01-01,6,30.0,Bank Transfer,Delivered,774.56,2024,2024-01
TXN000683,CUST0033,PROD0048,2024-12-19,4,50.0,Cash,Shipped,582.4,2024,2024-12
TXN000684,CUST0241,PROD0091,2025-06-28,5,20.0,Paypal,Delivered,2559.36,2025,2025-06
TXN000685,CUST0410,PROD0087,2025-12-10,2,40.0,Debit Card,Shipped,88.34,2025,2025-12
TXN000686,CUST0201,PROD0023,2024-01-01,1,10.0,Bank Transfer,Shipped,476.12,2024,2024-01
TXN000687,CUST0357,PROD0019,2025-05-23,2,50.0,Credit Card,Returned,31.13,2025,2025-05
TXN000688,CUST0214,PROD0088,2025-07-08,4,25.0,Upi,Pending,1083.57,2025,2025-07
TXN000689,CUST0378,PROD0083,2024-01-22,2,5.0,Credit Card,Cancelled,194.08,2024,2024-01
TXN000690,CUST0428,PROD0067,2025-10-22,4,60.0,Credit Card,Delivered,163.44,2025,2025-10
TXN000691,CUST0249,PROD0076,2025-11-12,5,50.0,Paypal,Pending,73.25,2025,2025-11
TXN000692,CUST0156,PROD0073,2024-05-15,2,25.0,Upi,Pending,164.54,2024,2024-05
TXN000693,CUST0191,PROD0037,2024-01-01,3,20.0,Paypal,Processing,74.04,2024,2024-01
TXN000694,CUST0317,PROD0021,2025-12-29,3,10.0,Paypal,Processing,173.85,2025,2025-12
TXN000695,CUST0083,PROD0031,2024-04-29,3,60.0,Paypal,Pending,56.09,2024,2024-04
TXN000696,CUST0134,PROD0048,2024-07-07,5,0.0,Credit Card,Delivered,1456.0,2024,2024-07
TXN000697,CUST0076,PROD0048,2024-01-01,2,50.0,Bank Transfer,Shipped,291.2,2024,2024-01
TXN000698,CUST0472,PROD0004,2025-02-18,2,40.0,Credit Card,Processing,58.92,2025,2025-02
TXN000699,CUST0003,PROD0095,2025-07-13,3,20.0,Paypal,Returned,385.06,2025,2025-07
TXN000700,CUST0497,PROD0097,2024-01-01,2,60.0,Paypal,Delivered,29.34,2024,2024-01
TXN000701,CUST0353,PROD0015,2025-05-05,2,50.0,Debit Card,Returned,66.77,2025,2025-05
TXN000702,CUST0013,PROD0052,2025-09-24,4,25.0,Debit Card,Delivered,51.03,2025,2025-09
TXN000703,CUST0029,PROD0078,2025-10-18,5,50.0,Upi,Returned,169.45,2025,2025-10
TXN000704,CUST0101,PROD0003,2024-01-01,4,5.0,Cash,Shipped,137.22,2024,2024-01
TXN000705,CUST0100,PROD0063,2024-11-21,5,50.0,Credit Card,Delivered,1104.55,2024,2024-11
TXN000706,CUST0204,PROD0019,2025-03-13,4,25.0,Credit Card,Returned,93.39,2025,2025-03
TXN000707,CUST0177,PROD0045,2024-01-01,3,5.0,Upi,Pending,500.8,2024,2024-01
TXN000708,CUST0380,PROD0054,2025-03-29,2,30.0,Upi,Processing,271.82,2025,2025-03
TXN000709,CUST0428,PROD0076,2025-09-04,2,15.0,Bank Transfer,Pending,49.81,2025,2025-09
TXN000710,CUST0445,PROD0068,2024-12-09,5,30.0,Debit Card,Delivered,184.59,2024,2024-12
TXN000711,CUST0210,PROD0082,2024-10-06,2,50.0,Paypal,Processing,102.15,2024,2024-10
TXN000712,CUST0427,PROD0049,2024-10-23,4,0.0,Bank Transfer,Returned,519.12,2024,2024-10
TXN000713,CUST0253,PROD0072,2025-04-19,1,0.0,Paypal,Returned,191.67,2025,2025-04
TXN000714,CUST0154,PROD0082,2024-01-01,1,20.0,Upi,Processing,81.72,2024,2024-01
TXN000715,CUST0353,PROD0083,2024-01-01,1,20.0,Paypal,Shipped,81.72,2024,2024-01
TXN000716,CUST0307,PROD0096,2025-01-05,4,60.0,Upi,Returned,30.54,2025,2025-01
TXN000717,CUST0322,PROD0088,2025-05-02,1,25.0,Cash,Delivered,270.89,2025,2025-05
TXN000718,CUST0433,PROD0034,2024-06-15,1,10.0,Credit Card,Pending,134.6,2024,2024-06
TXN000719,CUST0450,PROD0089,2024-05-18,2,0.0,Bank Transfer,Delivered,33.16,2024,2024-05
TXN000720,CUST0215,PROD0082,2024-12-30,3,20.0,Cash,Shipped,245.16,2024,2024-12
TXN000721,CUST0393,PROD0081,2024-01-01,5,10.0,Cash,Delivered,280.62,2024,2024-01
TXN000722,CUST0447,PROD0041,2025-12-02,3,25.0,Debit Card,Delivered,229.84,2025,2025-12
TXN000723,CUST0007,PROD0018,2025-06-14,3,40.0,Upi,Delivered,213.08,2025,2025-06
TXN000724,CUST0472,PROD0021,2024-04-14,2,50.0,Upi,Cancelled,64.39,2024,2024-04
TXN000725,CUST0408,PROD0072,2025-09-20,5,50.0,Cash,Shipped,479.17,2025,2025-09
TXN000726,CUST0214,PROD0059,2024-01-01,2,0.0,Paypal,Delivered,108.44,2024,2024-01
TXN000727,CUST0160,PROD0089,2025-01-06,4,60.0,Cash,Delivered,26.53,2025,2025-01
TXN000728,CUST0089,PROD0091,2024-01-01,6,5.0,Upi,Processing,3647.09,2024,2024-01
TXN000729,CUST0439,PROD0089,2024-05-25,2,20.0,Paypal,Cancelled,26.53,2024,2024-05
TXN000730,CUST0067,PROD0011,2025-03-11,1,5.0,Credit Card,Pending,76.72,2025,2025-03
TXN000731,CUST0388,PROD0056,2024-01-01,1,0.0,Cash,Delivered,468.18,2024,2024-01
TXN000732,CUST0241,PROD0016,2024-09-16,1,20.0,Credit Card,Shipped,31.82,2024,2024-09
TXN000733,CUST0401,PROD0016,2025-09-08,5,15.0,Paypal,Delivered,169.02,2025,2025-09
TXN000734,CUST0015,PROD0012,2024-05-29,3,60.0,Credit Card,Delivered,91.91,2024,2024-05
TXN000735,CUST0083,PROD0065,2024-01-01,5,60.0,Debit Card,Shipped,61.96,2024,2024-01
TXN000736,CUST0420,PROD0075,2024-01-15,2,15.0,Bank Transfer,Processing,69.1,2024,2024-01
TXN000737,CUST0462,PROD0097,2024-01-01,6,5.0,Upi,Pending,209.02,2024,2024-01
TXN000738,CUST0188,PROD0090,2025-08-26,4,5.0,Paypal,Delivered,559.93,2025,2025-08
TXN000739,CUST0195,PROD0055,2024-08-07,2,30.0,Debit Card,Delivered,1470.56,2024,2024-08
TXN000740,CUST0064,PROD0060,2024-04-22,2,40.0,Credit Card,Returned,299.89,2024,2024-04
TXN000741,CUST0286,PROD0093,2024-02-11,3,40.0,Debit Card,Shipped,574.58,2024,2024-02
TXN000742,CUST0146,PROD0059,2024-01-01,3,40.0,Upi,Shipped,97.6,2024,2024-01
TXN000743,CUST0149,PROD0055,2024-07-12,4,25.0,Paypal,Delivered,3151.2,2024,2024-07
TXN000744,CUST0346,PROD0063,2025-11-19,4,40.0,Cash,Shipped,1060.37,2025,2025-11
TXN000745,CUST0062,PROD0019,2025-02-08,3,60.0,Debit Card,Processing,37.36,2025,2025-02
TXN000746,CUST0034,PROD0047,2024-07-22,2,60.0,Upi,Shipped,40.26,2024,2024-07
TXN000747,CUST0120,PROD0055,2025-05-26,6,60.0,Bank Transfer,Shipped,2520.96,2025,2025-05
TXN000748,CUST0183,PROD0061,2024-01-01,4,40.0,Cash,Returned,446.81,2024,2024-01
TXN000749,CUST0076,PROD0099,2024-01-01,1,20.0,Paypal,Pending,30.96,2024,2024-01
TXN000750,CUST0119,PROD0081,2024-05-17,1,0.0,Debit Card,Pending,62.36,2024,2024-05
TXN000751,CUST0348,PROD0004,2024-07-02,5,25.0,Paypal,Returned,184.12,2024,2024-07
TXN000752,CUST0319,PROD0080,2024-04-08,6,50.0,Paypal,Pending,561.09,2024,2024-04
TXN000753,CUST0104,PROD0038,2025-11-08,4,50.0,Bank Transfer,Delivered,144.36,2025,2025-11
TXN000754,CUST0415,PROD0070,2025-07-13,1,30.0,Debit Card,Shipped,50.65,2025,2025-07
TXN000755,CUST0231,PROD0041,2025-01-20,4,0.0,Credit Card,Processing,408.6,2025,2025-01
TXN000756,CUST0441,PROD0100,2024-01-01,2,40.0,Upi,Processing,133.45,2024,2024-01
TXN000757,CUST0160,PROD0092,2025-02-02,1,60.0,Paypal,Pending,90.06,2025,2025-02
TXN000758,CUST0244,PROD0072,2024-06-09,1,30.0,Bank Transfer,Pending,134.17,2024,2024-06
TXN000759,CUST0303,PROD0049,2024-01-01,3,20.0,Credit Card,Delivered,311.47,2024,2024-01
TXN000760,CUST0015,PROD0076,2024-02-16,3,25.0,Credit Card,Delivered,65.93,2024,2024-02
TXN000761,CUST0195,PROD0013,2025-03-14,3,30.0,Credit Card,Delivered,182.2,2025,2025-03
TXN000762,CUST0339,PROD0032,2024-09-10,6,20.0,Debit Card,Unknown,576.29,2024,2024-09
TXN000763,CUST0445,PROD0040,2024-01-01,2,0.0,Cash,Delivered,110.28,2024,2024-01
TXN000764,CUST0020,PROD0059,2025-11-04,5,50.0,Upi,Returned,135.55,2025,2025-11
TXN000765,CUST0011,PROD0090,2024-01-01,1,25.0,Upi,Shipped,110.51,2024,2024-01
TXN000766,CUST0166,PROD0074,2024-04-10,1,15.0,Credit Card,Pending,275.35,2024,2024-04
TXN000767,CUST0258,PROD0098,2025-11-14,2,60.0,Bank Transfer,Delivered,201.44,2025,2025-11
TXN000768,CUST0497,PROD0056,2024-07-25,6,5.0,Cash,Cancelled,2668.63,2024,2024-07
TXN000769,CUST0148,PROD0034,2024-02-18,5,30.0,Upi,Shipped,523.46,2024,2024-02
TXN000770,CUST0368,PROD0075,2024-01-01,3,20.0,Debit Card,Pending,97.56,2024,2024-01
TXN000771,CUST0219,PROD0027,2024-12-21,6,20.0,Cash,Returned,434.45,2024,2024-12
TXN000772,CUST0222,PROD0085,2025-07-06,2,30.0,Upi,Returned,40.75,2025,2025-07
TXN000773,CUST0320,PROD0066,2025-04-09,5,10.0,Credit Card,Processing,414.68,2025,2025-04
TXN000774,CUST0296,PROD0064,2024-08-06,6,40.0,Bank Transfer,Shipped,194.26,2024,2024-08
TXN000775,CUST0479,PROD0073,2025-10-03,5,15.0,Credit Card,Pending,466.18,2025,2025-10
TXN000776,CUST0076,PROD0031,2024-06-03,6,25.0,Upi,Shipped,210.33,2024,2024-06
TXN000777,CUST0164,PROD0009,2024-01-01,4,20.0,Bank Transfer,Processing,605.66,2024,2024-01
TXN000778,CUST0132,PROD0088,2025-09-07,4,15.0,Debit Card,Processing,1228.05,2025,2025-09
TXN000779,CUST0099,PROD0004,2024-09-08,4,40.0,Cash,Shipped,117.84,2024,2024-09
TXN000780,CUST0217,PROD0083,2024-02-07,2,20.0,Paypal,Delivered,163.44,2024,2024-02
TXN000781,CUST0133,PROD0036,2024-01-01,2,0.0,Paypal,Delivered,422.32,2024,2024-01
TXN000782,CUST0029,PROD0011,2024-01-01,3,5.0,Upi,Delivered,230.17,2024,2024-01
TXN000783,CUST0344,PROD0085,2024-04-02,6,10.0,Upi,Shipped,157.19,2024,2024-04
TXN000784,CUST0293,PROD0095,2024-01-01,5,60.0,Cash,Returned,320.88,2024,2024-01
TXN000785,CUST0255,PROD0012,2024-08-31,1,25.0,Credit Card,Shipped,57.44,2024,2024-08
TXN000786,CUST0413,PROD0096,2024-08-29,2,10.0,Debit Card,Processing,34.36,2024,2024-08
TXN000787,CUST0110,PROD0036,2025-03-26,3,60.0,Credit Card,Pending,253.39,2025,2025-03
TXN000788,CUST0274,PROD0048,2025-12-17,3,50.0,Upi,Pending,436.8,2025,2025-12
TXN000789,CUST0350,PROD0032,2024-10-11,3,40.0,Credit Card,Returned,216.11,2024,2024-10
TXN000790,CUST0011,PROD0083,2025-09-12,6,0.0,Upi,Returned,612.9,2025,2025-09
TXN000791,CUST0283,PROD0050,2024-01-01,6,25.0,Unknown,Cancelled,105.88,2024,2024-01
TXN000792,CUST0440,PROD0057,2024-01-01,4,20.0,Bank Transfer,Shipped,1465.98,2024,2024-01
TXN000793,CUST0480,PROD0097,2024-08-29,2,10.0,Paypal,Delivered,66.01,2024,2024-08
TXN000794,CUST0451,PROD0099,2025-10-21,1,20.0,Debit Card,Pending,30.96,2025,2025-10
TXN000795,CUST0242,PROD0095,2025-02-26,6,30.0,Debit Card,Processing,673.85,2025,2025-02
TXN000796,CUST0358,PROD0034,2025-06-02,3,30.0,Cash,Delivered,314.08,2025,2025-06
TXN000797,CUST0233,PROD0089,2024-01-29,6,10.0,Paypal,Processing,89.53,2024,2024-01
TXN000798,CUST0002,PROD0052,2024-01-01,3,25.0,Debit Card,Shipped,38.27,2024,2024-01
TXN000799,CUST0081,PROD0032,2024-01-01,6,10.0,Upi,Delivered,648.32,2024,2024-01
TXN000800,CUST0232,PROD0062,2024-05-16,2,60.0,Credit Card,Returned,20.14,2024,2024-05
TXN000801,CUST0102,PROD0011,2025-02-28,2,30.0,Upi,Cancelled,113.06,2025,2025-02
TXN000802,CUST0011,PROD0003,2025-07-25,5,15.0,Debit Card,Pending,153.47,2025,2025-07
TXN000803,CUST0102,PROD0034,2024-01-01,1,30.0,Upi,Returned,104.69,2024,2024-01
TXN000804,CUST0077,PROD0012,2025-01-11,5,5.0,Credit Card,Shipped,363.8,2025,2025-01
TXN000805,CUST0396,PROD0059,2024-01-01,1,15.0,Upi,Cancelled,46.09,2024,2024-01
TXN000806,CUST0485,PROD0035,2024-10-21,4,30.0,Paypal,Shipped,872.84,2024,2024-10
TXN000807,CUST0439,PROD0027,2025-09-06,3,15.0,Upi,Processing,230.8,2025,2025-09
TXN000808,CUST0210,PROD0019,2024-01-30,3,15.0,Paypal,Cancelled,79.38,2024,2024-01
TXN000809,CUST0190,PROD0075,2025-12-01,4,5.0,Credit Card,Pending,154.47,2025,2025-12
TXN000810,CUST0069,PROD0042,2025-12-10,6,15.0,Upi,Shipped,265.51,2025,2025-12
TXN000811,CUST0377,PROD0077,2024-09-19,1,50.0,Credit Card,Delivered,17.05,2024,2024-09
TXN000812,CUST0171,PROD0031,2024-01-01,5,60.0,Credit Card,Delivered,93.48,2024,2024-01
TXN000813,CUST0130,PROD0065,2025-09-26,3,30.0,Credit Card,Processing,65.06,2025,2025-09
TXN000814,CUST0496,PROD0072,2024-01-01,2,20.0,Paypal,Pending,306.67,2024,2024-01
TXN000815,CUST0477,PROD0044,2025-04-24,1,25.0,Cash,Shipped,77.59,2025,2025-04
TXN000816,CUST0073,PROD0034,2024-01-01,1,10.0,Paypal,Returned,134.6,2024,2024-01
TXN000817,CUST0383,PROD0047,2025-03-16,3,60.0,Bank Transfer,Delivered,60.38,2025,2025-03
TXN000818,CUST0224,PROD0022,2024-11-19,4,10.0,Cash,Pending,647.03,2024,2024-11
TXN000819,CUST0028,PROD0025,2024-01-01,2,10.0,Credit Card,Pending,1421.05,2024,2024-01
TXN000820,CUST0134,PROD0021,2025-12-23,4,5.0,Paypal,Delivered,244.68,2025,2025-12
TXN000821,CUST0227,PROD0046,2025-12-27,4,40.0,Paypal,Shipped,442.61,2025,2025-12
TXN000822,CUST0434,PROD0093,2024-05-31,3,5.0,Upi,Returned,909.75,2024,2024-05
TXN000823,CUST0093,PROD0022,2025-06-04,5,60.0,Upi,Delivered,359.46,2025,2025-06
TXN000824,CUST0270,PROD0099,2025-08-07,4,5.0,Upi,Pending,147.06,2025,2025-08
TXN000825,CUST0347,PROD0013,2024-01-01,3,5.0,Upi,Delivered,247.27,2024,2024-01
TXN000826,CUST0303,PROD0014,2024-01-01,1,5.0,Paypal,Pending,16.6,2024,2024-01
TXN000827,CUST0233,PROD0081,2024-10-02,6,0.0,Credit Card,Delivered,374.16,2024,2024-10
TXN000828,CUST0336,PROD0080,2025-04-08,6,60.0,Paypal,Cancelled,448.87,2025,2025-04
TXN000829,CUST0442,PROD0007,2025-10-21,3,0.0,Debit Card,Shipped,683.91,2025,2025-10
TXN000830,CUST0048,PROD0052,2024-09-18,2,30.0,Debit Card,Delivered,23.81,2024,2024-09
TXN000831,CUST0437,PROD0027,2024-06-15,4,20.0,Paypal,Shipped,289.63,2024,2024-06
TXN000832,CUST0153,PROD0063,2025-03-18,3,60.0,Paypal,Delivered,530.18,2025,2025-03
TXN000833,CUST0341,PROD0013,2024-01-01,2,40.0,Paypal,Shipped,104.11,2024,2024-01
TXN000834,CUST0244,PROD0035,2025-07-30,4,5.0,Upi,Delivered,1184.57,2025,2025-07
TXN000835,CUST0315,PROD0024,2025-03-20,4,5.0,Credit Card,Delivered,384.71,2025,2025-03
TXN000836,CUST0499,PROD0060,2024-01-01,6,10.0,Paypal,Shipped,1349.51,2024,2024-01
TXN000837,CUST0149,PROD0060,2025-03-23,4,20.0,Paypal,Processing,799.71,2025,2025-03
TXN000838,CUST0351,PROD0039,2024-09-11,4,20.0,Credit Card,Shipped,179.68,2024,2024-09
TXN000839,CUST0470,PROD0006,2025-06-09,5,30.0,Upi,Shipped,844.52,2025,2025-06
TXN000840,CUST0238,PROD0085,2024-01-01,3,20.0,Debit Card,Delivered,69.86,2024,2024-01
TXN000841,CUST0059,PROD0095,2025-11-08,2,10.0,Upi,Delivered,288.79,2025,2025-11
TXN000842,CUST0043,PROD0054,2025-12-22,3,60.0,Paypal,Pending,232.99,2025,2025-12
TXN000843,CUST0320,PROD0034,2024-12-15,2,10.0,Debit Card,Returned,269.21,2024,2024-12
TXN000844,CUST0447,PROD0087,2024-04-18,3,0.0,Credit Card,Shipped,220.86,2024,2024-04
TXN000845,CUST0060,PROD0002,2024-06-24,4,40.0,Upi,Pending,176.02,2024,2024-06
TXN000846,CUST0156,PROD0080,2025-09-23,6,30.0,Bank Transfer,Shipped,785.53,2025,2025-09
TXN000847,CUST0065,PROD0018,2024-01-01,1,0.0,Upi,Delivered,118.38,2024,2024-01
TXN000848,CUST0108,PROD0062,2025-10-26,6,15.0,Upi,Cancelled,128.42,2025,2025-10
TXN000849,CUST0045,PROD0039,2025-04-19,4,30.0,Credit Card,Shipped,157.22,2025,2025-04
TXN000850,CUST0086,PROD0020,2024-01-01,4,40.0,Credit Card,Pending,217.78,2024,2024-01
TXN000851,CUST0300,PROD0032,2024-07-25,5,30.0,Credit Card,Delivered,420.21,2024,2024-07
TXN000852,CUST0005,PROD0014,2025-10-07,4,30.0,Paypal,Returned,48.92,2025,2025-10
TXN000853,CUST0019,PROD0063,2025-02-13,5,60.0,Paypal,Cancelled,883.64,2025,2025-02
TXN000854,CUST0366,PROD0008,2024-01-01,4,60.0,Credit Card,Shipped,156.66,2024,2024-01
TXN000855,CUST0138,PROD0083,2025-03-03,1,40.0,Credit Card,Pending,61.29,2025,2025-03
TXN000856,CUST0358,PROD0056,2024-01-22,3,15.0,Paypal,Delivered,1193.86,2024,2024-01
TXN000857,CUST0225,PROD0030,2025-06-03,5,25.0,Paypal,Processing,227.89,2025,2025-06
TXN000858,CUST0453,PROD0038,2024-01-01,4,25.0,Paypal,Processing,216.54,2024,2024-01
TXN000859,CUST0319,PROD0027,2024-10-16,6,5.0,Paypal,Processing,515.91,2024,2024-10
TXN000860,CUST0089,PROD0026,2024-06-09,4,5.0,Upi,Pending,269.34,2024,2024-06
TXN000861,CUST0156,PROD0031,2024-01-01,1,0.0,Credit Card,Returned,46.74,2024,2024-01
TXN000862,CUST0183,PROD0087,2024-06-11,5,0.0,Debit Card,Delivered,368.1,2024,2024-06
TXN000863,CUST0221,PROD0015,2025-09-24,1,50.0,Upi,Pending,33.38,2025,2025-09
TXN000864,CUST0133,PROD0044,2024-12-29,5,20.0,Paypal,Shipped,413.8,2024,2024-12
TXN000865,CUST0362,PROD0007,2025-03-24,1,25.0,Debit Card,Delivered,170.98,2025,2025-03
TXN000866,CUST0260,PROD0014,2024-06-20,1,15.0,Credit Card,Processing,14.85,2024,2024-06
TXN000867,CUST0373,PROD0038,2024-01-01,5,40.0,Debit Card,Processing,216.54,2024,2024-01
TXN000868,CUST0332,PROD0047,2024-01-01,1,15.0,Paypal,Shipped,42.77,2024,2024-01
TXN000869,CUST0394,PROD0099,2024-01-01,4,25.0,Bank Transfer,Processing,116.1,2024,2024-01
TXN000870,CUST0044,PROD0035,2025-01-16,4,25.0,Upi,Processing,935.19,2025,2025-01
TXN000871,CUST0386,PROD0097,2025-06-26,2,10.0,Upi,Shipped,66.01,2025,2025-06
TXN000872,CUST0471,PROD0053,2025-04-14,6,25.0,Credit Card,Pending,198.86,2025,2025-04
TXN000873,CUST0075,PROD0099,2024-01-11,5,25.0,Debit Card,Delivered,145.12,2024,2024-01
TXN000874,CUST0162,PROD0052,2024-06-17,1,30.0,Credit Card,Processing,11.91,2024,2024-06
TXN000875,CUST0463,PROD0074,2024-01-01,6,50.0,Bank Transfer,Shipped,971.82,2024,2024-01
TXN000876,CUST0206,PROD0088,2025-12-18,3,25.0,Credit Card,Delivered,812.68,2025,2025-12
TXN000877,CUST0424,PROD0036,2025-06-24,2,30.0,Paypal,Cancelled,295.62,2025,2025-06
TXN000878,CUST0455,PROD0070,2025-10-01,6,40.0,Credit Card,Shipped,260.5,2025,2025-10
TXN000879,CUST0398,PROD0026,2024-11-04,1,50.0,Credit Card,Shipped,35.44,2024,2024-11
TXN000880,CUST0372,PROD0093,2024-01-01,5,20.0,Upi,Shipped,1276.84,2024,2024-01
TXN000881,CUST0262,PROD0071,2024-11-15,3,10.0,Credit Card,Delivered,2235.84,2024,2024-11
TXN000882,CUST0456,PROD0070,2024-01-01,2,20.0,Upi,Shipped,115.78,2024,2024-01
TXN000883,CUST0375,PROD0008,2025-01-16,6,50.0,Credit Card,Shipped,293.73,2025,2025-01
TXN000884,CUST0025,PROD0097,2024-01-01,4,20.0,Credit Card,Pending,117.34,2024,2024-01
TXN000885,CUST0174,PROD0031,2025-08-18,6,50.0,Upi,Delivered,140.22,2025,2025-08
TXN000886,CUST0154,PROD0037,2025-11-13,5,10.0,Upi,Cancelled,138.83,2025,2025-11
TXN000887,CUST0054,PROD0042,2025-06-12,2,25.0,Paypal,Shipped,78.09,2025,2025-06
TXN000888,CUST0076,PROD0092,2025-03-11,1,5.0,Credit Card,Shipped,213.89,2025,2025-03
TXN000889,CUST0455,PROD0017,2024-01-01,4,5.0,Credit Card,Unknown,407.09,2024,2024-01
TXN000890,CUST0302,PROD0072,2025-06-15,3,60.0,Paypal,Shipped,230.0,2025,2025-06
TXN000891,CUST0226,PROD0089,2024-01-01,4,10.0,Paypal,Processing,59.69,2024,2024-01
TXN000892,CUST0249,PROD0092,2025-04-13,6,50.0,Cash,Shipped,675.45,2025,2025-04
TXN000893,CUST0356,PROD0028,2025-04-11,1,10.0,Cash,Delivered,805.6,2025,2025-04
TXN000894,CUST0472,PROD0016,2025-09-08,3,5.0,Credit Card,Returned,113.34,2025,2025-09
TXN000895,CUST0021,PROD0067,2024-06-05,3,20.0,Credit Card,Returned,245.16,2024,2024-06
TXN000896,CUST0151,PROD0063,2024-01-01,2,60.0,Upi,Delivered,353.46,2024,2024-01
TXN000897,CUST0480,PROD0040,2024-10-17,2,40.0,Credit Card,Shipped,66.17,2024,2024-10
TXN000898,CUST0281,PROD0045,2024-03-10,4,40.0,Bank Transfer,Pending,421.73,2024,2024-03
TXN000899,CUST0461,PROD0044,2025-01-21,6,60.0,Paypal,Processing,248.28,2025,2025-01
TXN000900,CUST0259,PROD0082,2025-04-16,6,40.0,Paypal,Delivered,367.74,2025,2025-04
TXN000901,CUST0320,PROD0086,2024-01-01,4,15.0,Upi,Delivered,3571.6,2024,2024-01
TXN000902,CUST0277,PROD0006,2024-01-01,6,20.0,Debit Card,Processing,1158.19,2024,2024-01
TXN000903,CUST0363,PROD0004,2024-01-01,6,20.0,Cash,Shipped,235.68,2024,2024-01
TXN000904,CUST0330,PROD0072,2024-03-28,5,50.0,Unknown,Cancelled,479.17,2024,2024-03
TXN000905,CUST0385,PROD0061,2025-05-29,1,50.0,Paypal,Delivered,93.08,2025,2025-05
TXN000906,CUST0141,PROD0027,2024-09-08,5,40.0,Debit Card,Delivered,271.53,2024,2024-09
TXN000907,CUST0206,PROD0076,2024-02-16,1,25.0,Upi,Processing,21.98,2024,2024-02
TXN000908,CUST0213,PROD0004,2025-06-24,4,20.0,Debit Card,Shipped,157.12,2025,2025-06
TXN000909,CUST0051,PROD0070,2024-06-21,3,10.0,Bank Transfer,Shipped,195.37,2024,2024-06
TXN000910,CUST0079,PROD0040,2024-01-01,2,0.0,Credit Card,Processing,110.28,2024,2024-01
TXN000911,CUST0014,PROD0092,2024-02-29,4,5.0,Credit Card,Processing,855.57,2024,2024-02
TXN000912,CUST0212,PROD0042,2024-09-21,1,0.0,Upi,Cancelled,52.06,2024,2024-09
TXN000913,CUST0386,PROD0077,2024-01-01,4,50.0,Cash,Shipped,68.2,2024,2024-01
TXN000914,CUST0487,PROD0015,2024-10-02,3,40.0,Cash,Shipped,120.19,2024,2024-10
TXN000915,CUST0034,PROD0062,2024-01-30,6,15.0,Credit Card,Returned,128.42,2024,2024-01
TXN000916,CUST0284,PROD0076,2025-11-22,2,50.0,Paypal,Returned,29.3,2025,2025-11
TXN000917,CUST0291,PROD0053,2024-01-01,6,50.0,Upi,Processing,132.57,2024,2024-01
TXN000918,CUST0192,PROD0070,2024-01-01,5,30.0,Cash,Pending,253.26,2024,2024-01
TXN000919,CUST0022,PROD0001,2025-04-20,3,10.0,Credit Card,Delivered,475.39,2025,2025-04
TXN000920,CUST0478,PROD0062,2024-10-06,3,30.0,Credit Card,Cancelled,52.88,2024,2024-10
TXN000921,CUST0300,PROD0066,2024-10-15,2,50.0,Debit Card,Returned,92.15,2024,2024-10
TXN000922,CUST0046,PROD0051,2025-12-16,2,50.0,Bank Transfer,Shipped,112.28,2025,2025-12
TXN000923,CUST0108,PROD0079,2025-05-31,6,25.0,Bank Transfer,Pending,3737.21,2025,2025-05
TXN000924,CUST0140,PROD0032,2024-01-01,3,15.0,Paypal,Delivered,306.15,2024,2024-01
TXN000925,CUST0009,PROD0089,2024-05-16,1,60.0,Paypal,Delivered,6.63,2024,2024-05
TXN000926,CUST0462,PROD0002,2025-11-19,4,50.0,Paypal,Shipped,146.68,2025,2025-11
TXN000927,CUST0276,PROD0011,2025-10-26,1,50.0,Credit Card,Pending,40.38,2025,2025-10
TXN000928,CUST0345,PROD0016,2024-12-27,5,25.0,Upi,Processing,149.14,2024,2024-12
TXN000929,CUST0430,PROD0099,2025-12-14,1,40.0,Credit Card,Cancelled,23.22,2025,2025-12
TXN000930,CUST0228,PROD0002,2024-08-14,1,20.0,Credit Card,Cancelled,58.67,2024,2024-08
TXN000931,CUST0047,PROD0079,2024-01-01,6,15.0,Upi,Pending,4235.5,2024,2024-01
TXN000932,CUST0496,PROD0047,2024-02-07,4,60.0,Upi,Delivered,80.51,2024,2024-02
TXN000933,CUST0101,PROD0082,2025-02-09,3,60.0,Cash,Pending,122.58,2025,2025-02
TXN000934,CUST0100,PROD0085,2025-08-02,6,60.0,Paypal,Shipped,69.86,2025,2025-08
TXN000935,CUST0302,PROD0017,2024-01-01,3,60.0,Upi,Returned,128.56,2024,2024-01
TXN000936,CUST0099,PROD0087,2024-01-24,6,50.0,Bank Transfer,Pending,220.86,2024,2024-01
TXN000937,CUST0002,PROD0055,2025-10-18,6,0.0,Credit Card,Shipped,6302.4,2025,2025-10
TXN000938,CUST0433,PROD0053,2024-01-01,6,50.0,Paypal,Pending,132.57,2024,2024-01
TXN000939,CUST0186,PROD0067,2024-02-14,2,0.0,Bank Transfer,Shipped,204.3,2024,2024-02
TXN000940,CUST0273,PROD0058,2024-11-19,4,15.0,Credit Card,Shipped,107.58,2024,2024-11
TXN000941,CUST0451,PROD0074,2024-01-26,2,30.0,Debit Card,Cancelled,453.52,2024,2024-01
TXN000942,CUST0101,PROD0022,2024-12-03,1,5.0,Credit Card,Pending,170.74,2024,2024-12
TXN000943,CUST0222,PROD0004,2025-08-29,3,20.0,Upi,Shipped,117.84,2025,2025-08
TXN000944,CUST0243,PROD0031,2024-12-14,3,50.0,Upi,Shipped,70.11,2024,2024-12
TXN000945,CUST0398,PROD0077,2024-01-01,1,40.0,Debit Card,Shipped,20.46,2024,2024-01
TXN000946,CUST0499,PROD0008,2024-01-01,3,5.0,Paypal,Delivered,279.04,2024,2024-01
TXN000947,CUST0471,PROD0057,2024-02-26,5,30.0,Debit Card,Shipped,1603.42,2024,2024-02
TXN000948,CUST0347,PROD0008,2025-07-26,3,30.0,Upi,Shipped,205.61,2025,2025-07
TXN000949,CUST0317,PROD0097,2025-02-24,5,60.0,Credit Card,Pending,73.34,2025,2025-02
TXN000950,CUST0197,PROD0060,2025-03-14,5,5.0,Credit Card,Delivered,1187.07,2025,2025-03
TXN000951,CUST0233,PROD0067,2024-12-02,2,5.0,Debit Card,Delivered,194.08,2024,2024-12
TXN000952,CUST0305,PROD0092,2024-01-01,2,60.0,Paypal,Returned,180.12,2024,2024-01
TXN000953,CUST0182,PROD0054,2025-05-07,5,40.0,Paypal,Cancelled,582.48,2025,2025-05
TXN000954,CUST0071,PROD0006,2024-03-02,3,60.0,Upi,Delivered,289.55,2024,2024-03
TXN000955,CUST0160,PROD0075,2025-07-08,2,40.0,Bank Transfer,Delivered,48.78,2025,2025-07
TXN000956,CUST0150,PROD0048,2024-01-09,5,10.0,Credit Card,Cancelled,1310.4,2024,2024-01
TXN000957,CUST0260,PROD0072,2024-01-01,3,15.0,Upi,Cancelled,488.76,2024,2024-01
TXN000958,CUST0403,PROD0009,2024-12-15,6,40.0,Paypal,Delivered,681.37,2024,2024-12
TXN000959,CUST0437,PROD0075,2024-01-01,5,20.0,Upi,Delivered,162.6,2024,2024-01
TXN000960,CUST0084,PROD0014,2025-04-10,4,15.0,Credit Card,Cancelled,59.4,2025,2025-04
TXN000961,CUST0355,PROD0030,2025-04-22,2,15.0,Paypal,Delivered,103.31,2025,2025-04
TXN000962,CUST0414,PROD0095,2025-01-19,4,10.0,Credit Card,Delivered,577.58,2025,2025-01
TXN000963,CUST0006,PROD0010,2025-01-01,5,5.0,Paypal,Returned,499.51,2025,2025-01
TXN000964,CUST0226,PROD0025,2025-10-08,3,0.0,Credit Card,Cancelled,2368.41,2025,2025-10
TXN000965,CUST0102,PROD0037,2024-06-27,3,10.0,Credit Card,Cancelled,83.3,2024,2024-06
TXN000966,CUST0092,PROD0026,2024-01-01,3,5.0,Credit Card,Processing,202.01,2024,2024-01
TXN000967,CUST0195,PROD0084,2024-04-23,2,20.0,Paypal,Cancelled,270.85,2024,2024-04
TXN000968,CUST0190,PROD0048,2024-01-01,5,60.0,Upi,Shipped,582.4,2024,2024-01
TXN000969,CUST0061,PROD0019,2024-01-01,2,50.0,Upi,Delivered,31.13,2024,2024-01
TXN000970,CUST0163,PROD0077,2025-03-15,2,25.0,Upi,Returned,51.15,2025,2025-03
TXN000971,CUST0405,PROD0020,2024-12-01,1,20.0,Paypal,Pending,72.59,2024,2024-12
TXN000972,CUST0108,PROD0094,2024-03-24,6,60.0,Debit Card,Processing,247.34,2024,2024-03
TXN000973,CUST0261,PROD0050,2024-01-01,3,40.0,Cash,Pending,42.35,2024,2024-01
TXN000974,CUST0092,PROD0042,2025-12-30,5,40.0,Paypal,Pending,156.18,2025,2025-12
TXN000975,CUST0138,PROD0075,2025-02-14,5,0.0,Upi,Cancelled,203.25,2025,2025-02
TXN000976,CUST0459,PROD0026,2025-04-07,4,15.0,Bank Transfer,Shipped,240.99,2025,2025-04
TXN000977,CUST0456,PROD0049,2025-08-08,3,20.0,Cash,Shipped,311.47,2025,2025-08
TXN000978,CUST0069,PROD0097,2024-03-27,4,50.0,Credit Card,Cancelled,73.34,2024,2024-03
TXN000979,CUST0299,PROD0006,2024-01-01,5,25.0,Upi,Pending,904.84,2024,2024-01
TXN000980,CUST0240,PROD0056,2024-01-01,4,25.0,Bank Transfer,Shipped,1404.54,2024,2024-01
TXN000981,CUST0013,PROD0023,2025-03-28,3,5.0,Credit Card,Shipped,1507.71,2025,2025-03
TXN000982,CUST0151,PROD0065,2025-06-09,6,5.0,Bank Transfer,Cancelled,176.59,2025,2025-06
TXN000983,CUST0051,PROD0016,2024-03-14,1,50.0,Upi,Delivered,19.89,2024,2024-03
TXN000984,CUST0101,PROD0087,2024-12-03,3,20.0,Upi,Processing,176.69,2024,2024-12
TXN000985,CUST0438,PROD0097,2025-07-10,1,20.0,Bank Transfer,Delivered,29.34,2025,2025-07
TXN000986,CUST0401,PROD0052,2024-01-01,6,0.0,Paypal,Processing,102.06,2024,2024-01
TXN000987,CUST0444,PROD0051,2024-01-01,6,15.0,Paypal,Cancelled,572.63,2024,2024-01
TXN000988,CUST0265,PROD0076,2025-07-19,6,40.0,Credit Card,Shipped,105.48,2025,2025-07
TXN000989,CUST0161,PROD0025,2025-03-15,4,15.0,Paypal,Pending,2684.2,2025,2025-03
TXN000990,CUST0437,PROD0072,2024-01-01,2,60.0,Paypal,Returned,153.34,2024,2024-01
TXN000991,CUST0483,PROD0095,2024-01-10,6,25.0,Credit Card,Cancelled,721.98,2024,2024-01
TXN000992,CUST0215,PROD0055,2025-12-03,6,50.0,Bank Transfer,Delivered,3151.2,2025,2025-12
TXN000993,CUST0301,PROD0003,2025-08-04,2,10.0,Credit Card,Shipped,65.0,2025,2025-08
TXN000994,CUST0196,PROD0027,2024-01-01,5,30.0,Upi,Pending,316.78,2024,2024-01
TXN000995,CUST0056,PROD0043,2025-08-06,6,20.0,Debit Card,Processing,767.76,2025,2025-08
TXN000996,CUST0054,PROD0087,2025-07-20,1,60.0,Paypal,Delivered,29.45,2025,2025-07
TXN000997,CUST0096,PROD0026,2024-03-12,3,15.0,Upi,Returned,180.74,2024,2024-03
TXN000998,CUST0338,PROD0068,2024-03-12,1,25.0,Cash,Delivered,39.56,2024,2024-03
TXN000999,CUST0088,PROD0042,2025-02-24,2,5.0,Paypal,Shipped,98.91,2025,2025-02
TXN001000,CUST0245,PROD0096,2024-03-11,2,10.0,Upi,Returned,34.36,2024,2024-03
TXN001001,CUST0222,PROD0091,2024-01-01,2,60.0,Bank Transfer,Cancelled,511.87,2024,2024-01
TXN001002,CUST0258,PROD0092,2025-12-02,3,15.0,Credit Card,Processing,574.13,2025,2025-12
TXN001003,CUST0229,PROD0009,2024-01-01,2,50.0,Credit Card,Pending,189.27,2024,2024-01
TXN001004,CUST0236,PROD0060,2025-08-12,6,5.0,Bank Transfer,Pending,1424.49,2025,2025-08
TXN001005,CUST0178,PROD0090,2025-12-29,4,60.0,Paypal,Shipped,235.76,2025,2025-12
TXN001006,CUST0128,PROD0023,2025-09-24,4,40.0,Upi,Processing,1269.65,2025,2025-09
TXN001007,CUST0358,PROD0073,2024-04-07,6,0.0,Upi,Processing,658.14,2024,2024-04
TXN001008,CUST0141,PROD0081,2024-01-01,6,5.0,Upi,Pending,355.45,2024,2024-01
TXN001009,CUST0211,PROD0098,2025-07-20,3,5.0,Debit Card,Delivered,717.63,2025,2025-07
TXN001010,CUST0210,PROD0058,2024-06-17,3,50.0,Credit Card,Pending,47.46,2024,2024-06
TXN001011,CUST0014,PROD0010,2025-10-16,6,40.0,Upi,Delivered,378.58,2025,2025-10
TXN001012,CUST0382,PROD0052,2024-01-01,1,0.0,Bank Transfer,Shipped,17.01,2024,2024-01
TXN001013,CUST0364,PROD0018,2024-11-30,6,40.0,Paypal,Pending,426.17,2024,2024-11
TXN001014,CUST0035,PROD0011,2025-07-15,2,40.0,Paypal,Pending,96.91,2025,2025-07
TXN001015,CUST0421,PROD0036,2024-01-01,1,60.0,Debit Card,Processing,84.46,2024,2024-01
TXN001016,CUST0151,PROD0016,2025-07-01,4,10.0,Debit Card,Unknown,143.17,2025,2025-07
TXN001017,CUST0347,PROD0035,2024-06-06,3,10.0,Unknown,Delivered,841.67,2024,2024-06
TXN001018,CUST0458,PROD0087,2025-06-29,4,0.0,Cash,Shipped,294.48,2025,2025-06
TXN001019,CUST0200,PROD0089,2024-11-11,1,60.0,Credit Card,Delivered,6.63,2024,2024-11
TXN001020,CUST0396,PROD0049,2024-01-01,3,15.0,Upi,Shipped,330.94,2024,2024-01
TXN001021,CUST0009,PROD0054,2024-01-29,3,15.0,Debit Card,Cancelled,495.11,2024,2024-01
TXN001022,CUST0491,PROD0013,2024-01-01,6,10.0,Credit Card,Shipped,468.5,2024,2024-01
TXN001023,CUST0263,PROD0014,2024-01-01,5,15.0,Upi,Shipped,74.25,2024,2024-01
TXN001024,CUST0481,PROD0055,2024-05-03,2,5.0,Credit Card,Delivered,1995.76,2024,2024-05
TXN001025,CUST0089,PROD0002,2025-02-15,3,0.0,Upi,Cancelled,220.02,2025,2025-02
TXN001026,CUST0235,PROD0029,2024-03-08,3,60.0,Credit Card,Delivered,174.78,2024,2024-03
TXN001027,CUST0035,PROD0028,2025-02-24,5,40.0,Debit Card,Processing,2685.33,2025,2025-02
TXN001028,CUST0129,PROD0013,2025-09-06,6,30.0,Paypal,Delivered,364.39,2025,2025-09
TXN001029,CUST0090,PROD0082,2024-01-01,6,40.0,Debit Card,Delivered,367.74,2024,2024-01
TXN001030,CUST0467,PROD0075,2025-04-04,5,15.0,Cash,Delivered,172.76,2025,2025-04
TXN001031,CUST0120,PROD0003,2025-09-23,3,15.0,Upi,Cancelled,92.08,2025,2025-09
TXN001032,CUST0318,PROD0011,2024-03-02,3,40.0,Bank Transfer,Cancelled,145.37,2024,2024-03
TXN001033,CUST0078,PROD0049,2024-07-28,1,15.0,Paypal,Delivered,110.31,2024,2024-07
TXN001034,CUST0069,PROD0036,2024-01-01,1,50.0,Upi,Returned,105.58,2024,2024-01
TXN001035,CUST0385,PROD0004,2024-08-22,3,25.0,Upi,Cancelled,110.48,2024,2024-08
TXN001036,CUST0277,PROD0007,2024-01-01,6,15.0,Upi,Delivered,1162.65,2024,2024-01
TXN001037,CUST0094,PROD0057,2024-01-01,1,40.0,Debit Card,Cancelled,274.87,2024,2024-01
TXN001038,CUST0027,PROD0082,2024-05-24,2,25.0,Paypal,Cancelled,153.23,2024,2024-05
TXN001039,CUST0041,PROD0055,2025-04-23,2,15.0,Upi,Shipped,1785.68,2025,2025-04
TXN001040,CUST0091,PROD0078,2024-09-11,3,60.0,Paypal,Cancelled,81.34,2024,2024-09
TXN001041,CUST0140,PROD0062,2024-03-22,4,30.0,Paypal,Pending,70.5,2024,2024-03
TXN001042,CUST0226,PROD0055,2025-06-01,6,30.0,Paypal,Pending,4411.68,2025,2025-06
TXN001043,CUST0011,PROD0098,2024-01-01,3,20.0,Cash,Processing,604.32,2024,2024-01
TXN001044,CUST0284,PROD0094,2024-06-28,4,40.0,Bank Transfer,Pending,247.34,2024,2024-06
TXN001045,CUST0146,PROD0049,2024-01-01,4,5.0,Credit Card,Processing,493.16,2024,2024-01
TXN001046,CUST0367,PROD0061,2024-07-19,2,0.0,Credit Card,Delivered,372.34,2024,2024-07
TXN001047,CUST0252,PROD0052,2025-03-01,6,25.0,Upi,Pending,76.54,2025,2025-03
TXN001048,CUST0158,PROD0083,2025-08-25,4,0.0,Debit Card,Shipped,408.6,2025,2025-08
TXN001049,CUST0478,PROD0073,2024-06-15,4,20.0,Credit Card,Pending,351.01,2024,2024-06
TXN001050,CUST0326,PROD0089,2024-01-01,1,30.0,Upi,Cancelled,11.61,2024,2024-01
TXN001051,CUST0125,PROD0062,2024-02-05,6,0.0,Paypal,Returned,151.08,2024,2024-02
TXN001052,CUST0310,PROD0059,2025-11-28,3,15.0,Paypal,Delivered,138.26,2025,2025-11
TXN001053,CUST0060,PROD0099,2024-04-04,6,30.0,Upi,Shipped,162.54,2024,2024-04
TXN001054,CUST0266,PROD0025,2024-01-01,4,20.0,Bank Transfer,Shipped,2526.3,2024,2024-01
TXN001055,CUST0301,PROD0040,2025-02-25,3,5.0,Credit Card,Processing,157.15,2025,2025-02
TXN001056,CUST0138,PROD0096,2024-01-01,4,20.0,Credit Card,Processing,61.09,2024,2024-01
TXN001057,CUST0418,PROD0063,2024-01-01,1,30.0,Cash,Shipped,309.27,2024,2024-01
TXN001058,CUST0336,PROD0037,2025-03-17,2,25.0,Paypal,Processing,46.28,2025,2025-03
TXN001059,CUST0102,PROD0063,2024-07-05,1,40.0,Upi,Processing,265.09,2024,2024-07
TXN001060,CUST0103,PROD0008,2024-07-06,3,30.0,Paypal,Shipped,205.61,2024,2024-07
TXN001061,CUST0445,PROD0082,2024-06-19,3,5.0,Upi,Shipped,291.13,2024,2024-06
TXN001062,CUST0176,PROD0004,2025-08-22,4,40.0,Debit Card,Delivered,117.84,2025,2025-08
TXN001063,CUST0032,PROD0035,2024-01-08,5,0.0,Debit Card,Cancelled,1558.65,2024,2024-01
TXN001064,CUST0268,PROD0001,2024-01-01,5,20.0,Paypal,Pending,704.28,2024,2024-01
TXN001065,CUST0388,PROD0044,2025-09-10,3,25.0,Credit Card,Delivered,232.76,2025,2025-09
TXN001066,CUST0419,PROD0031,2025-01-04,4,30.0,Credit Card,Delivered,130.87,2025,2025-01
TXN001067,CUST0448,PROD0043,2024-01-01,4,25.0,Paypal,Delivered,479.85,2024,2024-01
TXN001068,CUST0309,PROD0016,2025-06-27,6,15.0,Credit Card,Pending,202.83,2025,2025-06
TXN001069,CUST0317,PROD0088,2025-11-05,5,30.0,Upi,Delivered,1264.16,2025,2025-11
TXN001070,CUST0327,PROD0042,2024-01-18,3,0.0,Credit Card,Pending,156.18,2024,2024-01
TXN001071,CUST0120,PROD0078,2024-01-01,6,60.0,Debit Card,Delivered,162.67,2024,2024-01
TXN001072,CUST0220,PROD0061,2025-11-05,1,30.0,Bank Transfer,Cancelled,130.32,2025,2025-11
TXN001073,CUST0365,PROD0019,2025-06-16,6,50.0,Credit Card,Processing,93.39,2025,2025-06
TXN001074,CUST0255,PROD0012,2024-11-04,5,40.0,Paypal,Pending,229.77,2024,2024-11
TXN001075,CUST0489,PROD0015,2025-05-08,5,15.0,Upi,Cancelled,283.77,2025,2025-05
TXN001076,CUST0088,PROD0097,2025-11-06,1,5.0,Upi,Delivered,34.84,2025,2025-11
TXN001077,CUST0083,PROD0042,2025-01-27,2,20.0,Paypal,Shipped,83.3,2025,2025-01
TXN001078,CUST0341,PROD0018,2024-01-01,6,40.0,Debit Card,Delivered,426.17,2024,2024-01
TXN001079,CUST0447,PROD0029,2025-08-12,1,25.0,Upi,Shipped,109.24,2025,2025-08
TXN001080,CUST0335,PROD0083,2025-07-29,2,15.0,Bank Transfer,Shipped,173.66,2025,2025-07
TXN001081,CUST0149,PROD0012,2024-04-24,3,60.0,Upi,Shipped,91.91,2024,2024-04
TXN001082,CUST0294,PROD0048,2024-05-10,4,60.0,Credit Card,Returned,465.92,2024,2024-05
TXN001083,CUST0032,PROD0076,2025-07-02,4,30.0,Credit Card,Delivered,82.04,2025,2025-07
TXN001084,CUST0409,PROD0087,2024-05-09,6,60.0,Upi,Shipped,176.69,2024,2024-05
TXN001085,CUST0203,PROD0002,2024-01-01,3,10.0,Bank Transfer,Cancelled,198.02,2024,2024-01
TXN001086,CUST0256,PROD0088,2025-04-11,5,20.0,Paypal,Delivered,1444.76,2025,2025-04
TXN001087,CUST0307,PROD0041,2024-11-12,6,5.0,Bank Transfer,Pending,582.26,2024,2024-11
TXN001088,CUST0111,PROD0064,2024-01-01,4,0.0,Credit Card,Processing,215.84,2024,2024-01
TXN001089,CUST0424,PROD0092,2024-01-01,2,0.0,Paypal,Pending,450.3,2024,2024-01
TXN001090,CUST0373,PROD0051,2024-11-02,2,0.0,Cash,Shipped,224.56,2024,2024-11
TXN001091,CUST0173,PROD0055,2025-11-25,3,30.0,Upi,Shipped,2205.84,2025,2025-11
TXN001092,CUST0271,PROD0094,2024-01-01,6,15.0,Cash,Shipped,525.61,2024,2024-01
TXN001093,CUST0050,PROD0017,2024-11-27,1,20.0,Paypal,Processing,85.7,2024,2024-11
TXN001094,CUST0296,PROD0018,2025-03-28,4,20.0,Paypal,Cancelled,378.82,2025,2025-03
TXN001095,CUST0112,PROD0096,2024-07-19,6,0.0,Credit Card,Shipped,114.54,2024,2024-07
TXN001096,CUST0348,PROD0019,2025-01-20,6,10.0,Credit Card,Shipped,168.1,2025,2025-01
TXN001097,CUST0183,PROD0061,2024-07-02,1,50.0,Credit Card,Shipped,93.08,2024,2024-07
TXN001098,CUST0497,PROD0020,2025-10-04,4,15.0,Credit Card,Shipped,308.52,2025,2025-10
TXN001099,CUST0124,PROD0051,2024-01-01,6,60.0,Paypal,Shipped,269.47,2024,2024-01
TXN001100,CUST0398,PROD0089,2024-01-01,1,40.0,Upi,Returned,9.95,2024,2024-01
TXN001101,CUST0324,PROD0084,2025-03-31,1,5.0,Debit Card,Shipped,160.82,2025,2025-03
TXN001102,CUST0063,PROD0063,2025-10-18,5,15.0,Credit Card,Pending,1877.74,2025,2025-10
TXN001103,CUST0141,PROD0089,2024-04-06,2,30.0,Paypal,Shipped,23.21,2024,2024-04
TXN001104,CUST0153,PROD0074,2024-05-08,3,5.0,Cash,Processing,923.23,2024,2024-05
TXN001105,CUST0208,PROD0090,2024-01-01,5,50.0,Cash,Pending,368.38,2024,2024-01
TXN001106,CUST0033,PROD0067,2024-01-01,6,5.0,Upi,Shipped,582.26,2024,2024-01
TXN001107,CUST0093,PROD0077,2025-12-12,1,50.0,Paypal,Delivered,17.05,2025,2025-12
TXN001108,CUST0063,PROD0006,2024-05-11,2,10.0,Debit Card,Returned,434.32,2024,2024-05
TXN001109,CUST0436,PROD0097,2024-02-05,1,50.0,Bank Transfer,Delivered,18.34,2024,2024-02
TXN001110,CUST0495,PROD0070,2024-06-24,6,0.0,Upi,Returned,434.16,2024,2024-06
TXN001111,CUST0024,PROD0067,2024-01-01,3,40.0,Paypal,Pending,183.87,2024,2024-01
TXN001112,CUST0356,PROD0041,2025-06-19,5,50.0,Cash,Cancelled,255.38,2025,2025-06
TXN001113,CUST0340,PROD0006,2024-01-01,2,10.0,Bank Transfer,Cancelled,434.32,2024,2024-01
TXN001114,CUST0491,PROD0018,2025-09-08,2,60.0,Credit Card,Returned,94.7,2025,2025-09
TXN001115,CUST0066,PROD0094,2025-09-29,1,50.0,Bank Transfer,Returned,51.53,2025,2025-09
TXN001116,CUST0196,PROD0084,2024-06-16,4,5.0,Bank Transfer,Shipped,643.26,2024,2024-06
TXN001117,CUST0482,PROD0089,2024-05-26,2,5.0,Bank Transfer,Cancelled,31.5,2024,2024-05
TXN001118,CUST0366,PROD0048,2025-07-31,6,50.0,Paypal,Shipped,873.6,2025,2025-07
TXN001119,CUST0421,PROD0020,2024-11-19,4,0.0,Upi,Shipped,362.96,2024,2024-11
TXN001120,CUST0139,PROD0016,2024-01-01,6,50.0,Upi,Shipped,119.31,2024,2024-01
TXN001121,CUST0169,PROD0082,2024-04-01,3,20.0,Paypal,Cancelled,245.16,2024,2024-04
TXN001122,CUST0051,PROD0049,2024-01-01,1,5.0,Paypal,Returned,123.29,2024,2024-01
TXN001123,CUST0302,PROD0063,2024-04-07,3,60.0,Bank Transfer,Returned,530.18,2024,2024-04
TXN001124,CUST0312,PROD0013,2024-02-19,3,30.0,Paypal,Delivered,182.2,2024,2024-02
TXN001125,CUST0413,PROD0095,2025-11-25,5,60.0,Upi,Pending,320.88,2025,2025-11
TXN001126,CUST0304,PROD0017,2024-09-22,6,50.0,Paypal,Processing,321.39,2024,2024-09
TXN001127,CUST0074,PROD0049,2024-01-01,3,0.0,Credit Card,Cancelled,389.34,2024,2024-01
TXN001128,CUST0348,PROD0078,2025-03-04,4,10.0,Paypal,Delivered,244.01,2025,2025-03
TXN001129,CUST0409,PROD0060,2025-05-29,3,30.0,Cash,Cancelled,524.81,2025,2025-05
TXN001130,CUST0157,PROD0082,2024-03-30,4,25.0,Unknown,Shipped,306.45,2024,2024-03
TXN001131,CUST0123,PROD0012,2024-06-18,1,5.0,Bank Transfer,Pending,72.76,2024,2024-06
TXN001132,CUST0414,PROD0002,2025-03-10,5,10.0,Paypal,Pending,330.03,2025,2025-03
TXN001133,CUST0264,PROD0088,2024-01-01,6,5.0,Upi,Delivered,2058.78,2024,2024-01
TXN001134,CUST0316,PROD0025,2024-01-01,4,50.0,Credit Card,Cancelled,1578.94,2024,2024-01
TXN001135,CUST0379,PROD0085,2025-06-24,5,0.0,Paypal,Processing,145.55,2025,2025-06
TXN001136,CUST0346,PROD0098,2025-06-20,2,5.0,Credit Card,Processing,478.42,2025,2025-06
TXN001137,CUST0264,PROD0046,2024-02-22,4,30.0,Paypal,Delivered,516.38,2024,2024-02
TXN001138,CUST0497,PROD0015,2024-12-12,2,50.0,Debit Card,Returned,66.77,2024,2024-12
TXN001139,CUST0154,PROD0062,2024-01-01,2,0.0,Upi,Cancelled,50.36,2024,2024-01
TXN001140,CUST0473,PROD0040,2025-10-20,1,40.0,Paypal,Delivered,33.08,2025,2025-10
TXN001141,CUST0183,PROD0001,2024-01-01,3,20.0,Credit Card,Shipped,422.57,2024,2024-01
TXN001142,CUST0003,PROD0045,2024-07-09,3,0.0,Debit Card,Shipped,527.16,2024,2024-07
TXN001143,CUST0252,PROD0026,2024-03-27,5,10.0,Upi,Unknown,318.96,2024,2024-03
TXN001144,CUST0468,PROD0063,2024-01-01,6,20.0,Upi,Pending,2120.74,2024,2024-01
TXN001145,CUST0203,PROD0048,2024-11-02,4,10.0,Cash,Returned,1048.32,2024,2024-11
TXN001146,CUST0056,PROD0057,2025-11-03,2,10.0,Credit Card,Shipped,824.62,2025,2025-11
TXN001147,CUST0003,PROD0046,2025-12-27,1,15.0,Bank Transfer,Delivered,156.76,2025,2025-12
TXN001148,CUST0069,PROD0051,2024-01-01,3,0.0,Paypal,Cancelled,336.84,2024,2024-01
TXN001149,CUST0486,PROD0062,2025-11-12,1,30.0,Paypal,Pending,17.63,2025,2025-11
TXN001150,CUST0410,PROD0088,2024-05-10,4,50.0,Upi,Processing,722.38,2024,2024-05
TXN001151,CUST0057,PROD0014,2024-01-22,2,25.0,Cash,Delivered,26.2,2024,2024-01
TXN001152,CUST0393,PROD0088,2024-08-30,6,25.0,Upi,Delivered,1625.36,2024,2024-08
TXN001153,CUST0223,PROD0062,2024-10-23,4,5.0,Upi,Cancelled,95.68,2024,2024-10
TXN001154,CUST0317,PROD0020,2025-06-07,2,20.0,Debit Card,Returned,145.18,2025,2025-06
TXN001155,CUST0359,PROD0032,2024-01-01,2,40.0,Debit Card,Processing,144.07,2024,2024-01
TXN001156,CUST0097,PROD0076,2024-01-01,2,15.0,Debit Card,Processing,49.81,2024,2024-01
TXN001157,CUST0206,PROD0005,2024-10-07,2,30.0,Credit Card,Cancelled,87.32,2024,2024-10
TXN001158,CUST0047,PROD0007,2025-01-24,5,20.0,Upi,Cancelled,911.88,2025,2025-01
TXN001159,CUST0173,PROD0055,2025-05-05,5,30.0,Credit Card,Returned,3676.4,2025,2025-05
TXN001160,CUST0057,PROD0035,2025-01-07,3,30.0,Upi,Delivered,654.63,2025,2025-01
TXN001161,CUST0459,PROD0007,2024-07-05,1,0.0,Credit Card,Cancelled,227.97,2024,2024-07
TXN001162,CUST0147,PROD0061,2024-01-01,1,30.0,Paypal,Returned,130.32,2024,2024-01
TXN001163,CUST0486,PROD0063,2025-01-07,3,5.0,Debit Card,Delivered,1259.19,2025,2025-01
TXN001164,CUST0350,PROD0071,2024-05-13,3,25.0,Cash,Delivered,1863.2,2024,2024-05
TXN001165,CUST0122,PROD0084,2024-10-09,5,30.0,Debit Card,Shipped,592.48,2024,2024-10
TXN001166,CUST0067,PROD0081,2024-01-01,1,60.0,Upi,Cancelled,24.94,2024,2024-01
TXN001167,CUST0361,PROD0058,2024-04-11,5,60.0,Credit Card,Returned,63.28,2024,2024-04
TXN001168,CUST0372,PROD0061,2024-07-25,6,10.0,Credit Card,Processing,1005.32,2024,2024-07
TXN001169,CUST0099,PROD0054,2024-01-01,3,50.0,Credit Card,Delivered,291.24,2024,2024-01
TXN001170,CUST0230,PROD0081,2024-04-30,1,40.0,Upi,Delivered,37.42,2024,2024-04
TXN001171,CUST0086,PROD0077,2024-10-07,2,20.0,Credit Card,Delivered,54.56,2024,2024-10
TXN001172,CUST0407,PROD0089,2024-07-13,4,40.0,Cash,Shipped,39.79,2024,2024-07
TXN001173,CUST0085,PROD0057,2024-01-01,5,30.0,Upi,Returned,1603.42,2024,2024-01
TXN001174,CUST0106,PROD0024,2024-01-04,5,15.0,Credit Card,Pending,430.27,2024,2024-01
TXN001175,CUST0258,PROD0091,2025-06-21,3,15.0,Bank Transfer,Returned,1631.59,2025,2025-06
TXN001176,CUST0283,PROD0016,2024-01-01,1,50.0,Upi,Returned,19.89,2024,2024-01
TXN001177,CUST0021,PROD0082,2024-01-01,2,20.0,Credit Card,Cancelled,163.44,2024,2024-01
TXN001178,CUST0108,PROD0069,2024-04-28,6,25.0,Credit Card,Delivered,251.06,2024,2024-04
TXN001179,CUST0043,PROD0091,2025-07-16,6,10.0,Upi,Returned,3455.14,2025,2025-07
TXN001180,CUST0167,PROD0008,2025-10-02,3,15.0,Bank Transfer,Processing,249.67,2025,2025-10
TXN001181,CUST0132,PROD0003,2025-07-04,5,5.0,Upi,Returned,171.52,2025,2025-07
TXN001182,CUST0446,PROD0081,2025-10-11,5,15.0,Paypal,Cancelled,265.03,2025,2025-10
TXN001183,CUST0167,PROD0035,2024-01-01,6,30.0,Paypal,Pending,1309.27,2024,2024-01
TXN001184,CUST0119,PROD0094,2025-03-20,2,40.0,Debit Card,Pending,123.67,2025,2025-03
TXN001185,CUST0093,PROD0059,2024-07-08,2,60.0,Paypal,Processing,43.38,2024,2024-07
TXN001186,CUST0332,PROD0037,2024-01-22,2,10.0,Upi,Cancelled,55.53,2024,2024-01
TXN001187,CUST0036,PROD0019,2024-03-14,2,40.0,Upi,Shipped,37.36,2024,2024-03
TXN001188,CUST0371,PROD0068,2024-01-01,1,60.0,Debit Card,Shipped,21.1,2024,2024-01
TXN001189,CUST0197,PROD0003,2024-04-22,6,0.0,Paypal,Cancelled,216.66,2024,2024-04
TXN001190,CUST0395,PROD0011,2024-01-01,6,60.0,Credit Card,Delivered,193.82,2024,2024-01
TXN001191,CUST0491,PROD0014,2025-07-09,3,5.0,Upi,Processing,49.79,2025,2025-07
TXN001192,CUST0246,PROD0098,2025-07-30,3,20.0,Credit Card,Pending,604.32,2025,2025-07
TXN001193,CUST0080,PROD0032,2024-02-27,6,20.0,Cash,Shipped,576.29,2024,2024-02
TXN001194,CUST0011,PROD0006,2024-04-15,3,5.0,Cash,Shipped,687.68,2024,2024-04
TXN001195,CUST0073,PROD0001,2024-08-17,2,30.0,Upi,Processing,246.5,2024,2024-08
TXN001196,CUST0181,PROD0084,2024-10-20,6,30.0,Debit Card,Pending,710.98,2024,2024-10
TXN001197,CUST0087,PROD0015,2024-01-01,3,25.0,Debit Card,Delivered,150.23,2024,2024-01
TXN001198,CUST0061,PROD0047,2024-03-27,5,10.0,Paypal,Shipped,226.44,2024,2024-03
TXN001199,CUST0272,PROD0043,2024-01-01,6,30.0,Paypal,Returned,671.79,2024,2024-01
TXN001200,CUST0320,PROD0037,2024-12-22,3,40.0,Credit Card,Returned,55.53,2024,2024-12
TXN001201,CUST0416,PROD0092,2024-03-19,2,10.0,Credit Card,Processing,405.27,2024,2024-03
TXN001202,CUST0200,PROD0058,2025-05-04,1,60.0,Upi,Returned,12.66,2025,2025-05
TXN001203,CUST0075,PROD0012,2024-11-26,2,30.0,Credit Card,Delivered,107.23,2024,2024-11
TXN001204,CUST0254,PROD0055,2024-01-01,4,60.0,Credit Card,Processing,1680.64,2024,2024-01
TXN001205,CUST0411,PROD0084,2024-09-08,4,50.0,Paypal,Pending,338.56,2024,2024-09
TXN001206,CUST0273,PROD0069,2024-08-23,1,60.0,Upi,Cancelled,22.32,2024,2024-08
TXN001207,CUST0360,PROD0012,2024-01-01,1,15.0,Credit Card,Delivered,65.1,2024,2024-01
TXN001208,CUST0286,PROD0061,2024-05-16,1,25.0,Credit Card,Processing,139.63,2024,2024-05
TXN001209,CUST0151,PROD0059,2024-05-27,4,15.0,Upi,Cancelled,184.35,2024,2024-05
TXN001210,CUST0029,PROD0096,2024-01-01,6,10.0,Upi,Delivered,103.09,2024,2024-01
TXN001211,CUST0357,PROD0055,2024-01-01,6,25.0,Debit Card,Pending,4726.8,2024,2024-01
TXN001212,CUST0429,PROD0077,2024-06-10,3,25.0,Paypal,Shipped,76.73,2024,2024-06
TXN001213,CUST0126,PROD0010,2024-01-13,4,10.0,Paypal,Pending,378.58,2024,2024-01
TXN001214,CUST0381,PROD0018,2025-06-24,3,40.0,Upi,Delivered,213.08,2025,2025-06
TXN001215,CUST0228,PROD0083,2025-12-12,3,5.0,Paypal,Delivered,291.13,2025,2025-12
TXN001216,CUST0452,PROD0083,2024-02-02,2,50.0,Paypal,Delivered,102.15,2024,2024-02
TXN001217,CUST0203,PROD0055,2025-11-27,5,20.0,Cash,Returned,4201.6,2025,2025-11
TXN001218,CUST0364,PROD0030,2024-01-01,3,5.0,Cash,Shipped,173.19,2024,2024-01
TXN001219,CUST0487,PROD0017,2024-08-04,5,0.0,Upi,Shipped,535.65,2024,2024-08
TXN001220,CUST0095,PROD0096,2025-07-26,1,40.0,Paypal,Delivered,11.45,2025,2025-07
TXN001221,CUST0335,PROD0083,2024-01-01,2,0.0,Credit Card,Shipped,204.3,2024,2024-01
TXN001222,CUST0100,PROD0035,2024-04-21,1,25.0,Credit Card,Delivered,233.8,2024,2024-04
TXN001223,CUST0123,PROD0037,2024-06-15,1,5.0,Upi,Delivered,29.31,2024,2024-06
TXN001224,CUST0388,PROD0040,2024-01-01,2,0.0,Upi,Returned,110.28,2024,2024-01
TXN001225,CUST0044,PROD0073,2024-01-01,5,40.0,Credit Card,Delivered,329.07,2024,2024-01
TXN001226,CUST0162,PROD0012,2024-11-12,3,20.0,Upi,Cancelled,183.82,2024,2024-11
TXN001227,CUST0162,PROD0097,2025-02-04,3,10.0,Debit Card,Delivered,99.01,2025,2025-02
TXN001228,CUST0209,PROD0095,2025-05-30,5,10.0,Credit Card,Shipped,721.98,2025,2025-05
TXN001229,CUST0245,PROD0076,2024-02-08,2,10.0,Paypal,Shipped,52.74,2024,2024-02
TXN001230,CUST0454,PROD0081,2024-04-05,2,15.0,Paypal,Processing,106.01,2024,2024-04
TXN001231,CUST0494,PROD0065,2025-06-12,5,50.0,Credit Card,Pending,77.45,2025,2025-06
TXN001232,CUST0403,PROD0017,2024-01-01,3,60.0,Upi,Delivered,128.56,2024,2024-01
TXN001233,CUST0457,PROD0092,2025-11-30,2,15.0,Debit Card,Processing,382.76,2025,2025-11
TXN001234,CUST0291,PROD0081,2025-05-24,1,10.0,Bank Transfer,Shipped,56.12,2025,2025-05
TXN001235,CUST0256,PROD0013,2025-04-10,2,20.0,Paypal,Shipped,138.82,2025,2025-04
TXN001236,CUST0144,PROD0074,2025-01-07,1,5.0,Paypal,Pending,307.74,2025,2025-01
TXN001237,CUST0133,PROD0061,2024-09-19,6,10.0,Debit Card,Pending,1005.32,2024,2024-09
TXN001238,CUST0021,PROD0047,2024-10-20,4,60.0,Paypal,Pending,80.51,2024,2024-10
TXN001239,CUST0188,PROD0066,2024-01-01,3,5.0,Upi,Pending,262.63,2024,2024-01
TXN001240,CUST0135,PROD0088,2024-02-13,6,0.0,Upi,Delivered,2167.14,2024,2024-02
TXN001241,CUST0080,PROD0014,2024-01-01,2,60.0,Upi,Shipped,13.98,2024,2024-01
TXN001242,CUST0115,PROD0050,2025-04-18,1,25.0,Paypal,Pending,17.65,2025,2025-04
TXN001243,CUST0329,PROD0069,2024-01-01,1,10.0,Unknown,Shipped,50.21,2024,2024-01
TXN001244,CUST0394,PROD0056,2024-07-23,3,5.0,Credit Card,Delivered,1334.31,2024,2024-07
TXN001245,CUST0310,PROD0063,2024-08-05,6,40.0,Debit Card,Returned,1590.55,2024,2024-08
TXN001246,CUST0233,PROD0005,2024-01-01,4,10.0,Upi,Delivered,224.53,2024,2024-01
TXN001247,CUST0291,PROD0005,2025-09-07,1,25.0,Upi,Pending,46.78,2025,2025-09
TXN001248,CUST0110,PROD0007,2024-08-04,6,30.0,Bank Transfer,Returned,957.47,2024,2024-08
TXN001249,CUST0326,PROD0023,2024-03-26,1,20.0,Upi,Shipped,423.22,2024,2024-03
TXN001250,CUST0153,PROD0092,2025-04-07,5,15.0,Bank Transfer,Processing,956.89,2025,2025-04
TXN001251,CUST0426,PROD0007,2024-04-04,3,20.0,Paypal,Cancelled,547.13,2024,2024-04
TXN001252,CUST0179,PROD0054,2025-05-08,5,10.0,Upi,Delivered,873.72,2025,2025-05
TXN001253,CUST0468,PROD0089,2024-01-01,1,50.0,Upi,Shipped,8.29,2024,2024-01
TXN001254,CUST0371,PROD0086,2024-01-01,2,25.0,Credit Card,Delivered,1575.7,2024,2024-01
TXN001255,CUST0078,PROD0059,2024-05-31,3,5.0,Upi,Returned,154.53,2024,2024-05
TXN001256,CUST0267,PROD0093,2024-01-04,2,40.0,Debit Card,Delivered,383.05,2024,2024-01
TXN001257,CUST0112,PROD0096,2024-07-11,6,50.0,Paypal,Shipped,57.27,2024,2024-07
TXN001258,CUST0111,PROD0045,2024-01-01,6,60.0,Credit Card,Delivered,421.73,2024,2024-01
TXN001259,CUST0417,PROD0047,2024-01-17,3,50.0,Debit Card,Pending,75.48,2024,2024-01
TXN001260,CUST0333,PROD0059,2024-01-01,3,25.0,Cash,Shipped,122.0,2024,2024-01
TXN001261,CUST0268,PROD0098,2024-12-09,2,25.0,Upi,Delivered,377.7,2024,2024-12
TXN001262,CUST0091,PROD0071,2025-09-01,5,30.0,Upi,Returned,2898.31,2025,2025-09
TXN001263,CUST0433,PROD0085,2025-12-06,4,20.0,Debit Card,Shipped,93.15,2025,2025-12
TXN001264,CUST0413,PROD0014,2024-04-01,1,60.0,Upi,Shipped,6.99,2024,2024-04
TXN001265,CUST0255,PROD0096,2024-01-01,1,40.0,Cash,Delivered,11.45,2024,2024-01
TXN001266,CUST0342,PROD0038,2025-03-06,3,40.0,Cash,Shipped,129.92,2025,2025-03
TXN001267,CUST0059,PROD0026,2024-01-01,3,40.0,Upi,Shipped,127.58,2024,2024-01
TXN001268,CUST0004,PROD0048,2024-08-17,3,20.0,Bank Transfer,Returned,698.88,2024,2024-08
TXN001269,CUST0430,PROD0054,2025-11-20,1,30.0,Credit Card,Delivered,135.91,2025,2025-11
TXN001270,CUST0014,PROD0020,2025-01-18,6,60.0,Credit Card,Unknown,217.78,2025,2025-01
TXN001271,CUST0088,PROD0074,2025-03-16,5,30.0,Upi,Shipped,1133.79,2025,2025-03
TXN001272,CUST0425,PROD0007,2025-08-14,2,30.0,Paypal,Shipped,319.16,2025,2025-08
TXN001273,CUST0463,PROD0041,2025-06-13,4,15.0,Debit Card,Processing,347.31,2025,2025-06
TXN001274,CUST0324,PROD0074,2024-01-01,3,50.0,Paypal,Delivered,485.91,2024,2024-01
TXN001275,CUST0105,PROD0012,2024-01-01,4,0.0,Paypal,Delivered,306.36,2024,2024-01
TXN001276,CUST0317,PROD0091,2024-01-01,5,30.0,Credit Card,Processing,2239.44,2024,2024-01
TXN001277,CUST0233,PROD0082,2025-10-08,2,15.0,Upi,Returned,173.66,2025,2025-10
TXN001278,CUST0431,PROD0032,2025-01-22,6,0.0,Bank Transfer,Shipped,720.36,2025,2025-01
TXN001279,CUST0479,PROD0019,2025-10-04,6,60.0,Debit Card,Shipped,74.71,2025,2025-10
TXN001280,CUST0236,PROD0077,2024-05-05,2,20.0,Bank Transfer,Processing,54.56,2024,2024-05
TXN001281,CUST0048,PROD0010,2024-01-01,2,30.0,Debit Card,Pending,147.22,2024,2024-01
TXN001282,CUST0408,PROD0003,2025-02-27,4,5.0,Upi,Shipped,137.22,2025,2025-02
TXN001283,CUST0193,PROD0041,2025-10-10,2,10.0,Bank Transfer,Delivered,183.87,2025,2025-10
TXN001284,CUST0338,PROD0073,2025-10-08,1,5.0,Credit Card,Delivered,104.21,2025,2025-10
TXN001285,CUST0248,PROD0079,2025-09-06,1,10.0,Cash,Returned,747.44,2025,2025-09
TXN001286,CUST0475,PROD0016,2024-07-16,1,50.0,Credit Card,Processing,19.89,2024,2024-07
TXN001287,CUST0111,PROD0047,2024-01-01,1,25.0,Paypal,Cancelled,37.74,2024,2024-01
TXN001288,CUST0043,PROD0094,2024-01-01,3,20.0,Paypal,Cancelled,247.34,2024,2024-01
TXN001289,CUST0489,PROD0012,2024-12-22,5,20.0,Paypal,Pending,306.36,2024,2024-12
TXN001290,CUST0224,PROD0066,2025-02-13,3,10.0,Upi,Returned,248.81,2025,2025-02
TXN001291,CUST0493,PROD0051,2024-04-15,5,20.0,Paypal,Cancelled,449.12,2024,2024-04
TXN001292,CUST0489,PROD0093,2024-01-01,4,30.0,Bank Transfer,Delivered,893.79,2024,2024-01
TXN001293,CUST0319,PROD0014,2025-09-13,4,15.0,Credit Card,Delivered,59.4,2025,2025-09
TXN001294,CUST0460,PROD0081,2024-03-06,2,0.0,Cash,Returned,124.72,2024,2024-03
TXN001295,CUST0301,PROD0053,2024-01-01,6,50.0,Credit Card,Shipped,132.57,2024,2024-01
TXN001296,CUST0016,PROD0015,2024-07-03,4,10.0,Credit Card,Cancelled,240.37,2024,2024-07
TXN001297,CUST0038,PROD0028,2025-11-03,3,10.0,Credit Card,Shipped,2416.8,2025,2025-11
TXN001298,CUST0005,PROD0041,2024-01-01,6,25.0,Upi,Pending,459.68,2024,2024-01
TXN001299,CUST0165,PROD0030,2025-07-29,4,20.0,Upi,Cancelled,194.46,2025,2025-07
TXN001300,CUST0053,PROD0072,2024-10-11,5,5.0,Upi,Shipped,910.43,2024,2024-10
TXN001301,CUST0163,PROD0041,2024-07-21,1,40.0,Paypal,Delivered,61.29,2024,2024-07
TXN001302,CUST0216,PROD0016,2024-01-01,2,60.0,Credit Card,Shipped,31.82,2024,2024-01
TXN001303,CUST0122,PROD0074,2024-01-22,1,60.0,Credit Card,Pending,129.58,2024,2024-01
TXN001304,CUST0146,PROD0017,2025-02-16,5,50.0,Credit Card,Delivered,267.82,2025,2025-02
TXN001305,CUST0331,PROD0003,2024-03-12,1,30.0,Bank Transfer,Returned,25.28,2024,2024-03
TXN001306,CUST0163,PROD0097,2024-12-20,1,50.0,Credit Card,Pending,18.34,2024,2024-12
TXN001307,CUST0314,PROD0007,2025-02-06,6,40.0,Paypal,Shipped,820.69,2025,2025-02
TXN001308,CUST0432,PROD0048,2025-09-24,1,15.0,Credit Card,Delivered,247.52,2025,2025-09
TXN001309,CUST0072,PROD0014,2024-01-01,6,30.0,Upi,Processing,73.37,2024,2024-01
TXN001310,CUST0046,PROD0025,2025-01-12,1,0.0,Bank Transfer,Delivered,789.47,2025,2025-01
TXN001311,CUST0057,PROD0007,2024-11-07,3,25.0,Upi,Returned,512.93,2024,2024-11
TXN001312,CUST0358,PROD0022,2024-05-21,4,5.0,Paypal,Delivered,682.97,2024,2024-05
TXN001313,CUST0442,PROD0019,2025-08-21,3,40.0,Debit Card,Cancelled,56.03,2025,2025-08
TXN001314,CUST0296,PROD0062,2025-11-08,3,25.0,Paypal,Cancelled,56.65,2025,2025-11
TXN001315,CUST0048,PROD0034,2024-10-30,1,25.0,Cash,Cancelled,112.17,2024,2024-10
TXN001316,CUST0338,PROD0083,2024-01-01,1,5.0,Paypal,Delivered,97.04,2024,2024-01
TXN001317,CUST0109,PROD0002,2025-11-17,4,30.0,Upi,Pending,205.35,2025,2025-11
TXN001318,CUST0054,PROD0044,2024-08-01,5,50.0,Credit Card,Returned,258.62,2024,2024-08
TXN001319,CUST0363,PROD0059,2025-11-02,5,5.0,Paypal,Cancelled,257.54,2025,2025-11
TXN001320,CUST0470,PROD0047,2024-01-01,5,50.0,Upi,Shipped,125.8,2024,2024-01
TXN001321,CUST0097,PROD0009,2024-10-11,2,20.0,Debit Card,Processing,302.83,2024,2024-10
TXN001322,CUST0237,PROD0014,2024-04-22,1,40.0,Paypal,Returned,10.48,2024,2024-04
TXN001323,CUST0015,PROD0061,2024-01-01,4,25.0,Bank Transfer,Shipped,558.51,2024,2024-01
TXN001324,CUST0475,PROD0071,2024-03-27,4,15.0,Paypal,Shipped,2815.51,2024,2024-03
TXN001325,CUST0258,PROD0056,2025-06-04,1,40.0,Bank Transfer,Delivered,280.91,2025,2025-06
TXN001326,CUST0051,PROD0007,2024-01-01,6,30.0,Upi,Returned,957.47,2024,2024-01
TXN001327,CUST0097,PROD0052,2024-06-29,3,50.0,Paypal,Shipped,25.52,2024,2024-06
TXN001328,CUST0056,PROD0088,2024-02-21,2,5.0,Upi,Shipped,686.26,2024,2024-02
TXN001329,CUST0028,PROD0005,2025-08-12,2,5.0,Cash,Shipped,118.5,2025,2025-08
TXN001330,CUST0142,PROD0029,2024-01-01,6,30.0,Upi,Shipped,611.73,2024,2024-01
TXN001331,CUST0052,PROD0029,2024-01-01,4,15.0,Paypal,Cancelled,495.21,2024,2024-01
TXN001332,CUST0178,PROD0082,2024-10-21,5,20.0,Credit Card,Shipped,408.6,2024,2024-10
TXN001333,CUST0465,PROD0090,2025-09-29,6,20.0,Upi,Processing,707.28,2025,2025-09
TXN001334,CUST0162,PROD0088,2024-03-12,2,25.0,Paypal,Processing,541.78,2024,2024-03
TXN001335,CUST0493,PROD0002,2025-11-13,4,25.0,Credit Card,Processing,220.02,2025,2025-11
TXN001336,CUST0499,PROD0034,2024-03-19,6,0.0,Credit Card,Pending,897.36,2024,2024-03
TXN001337,CUST0299,PROD0001,2024-01-01,4,5.0,Credit Card,Delivered,669.07,2024,2024-01
TXN001338,CUST0291,PROD0088,2024-10-24,5,50.0,Paypal,Processing,902.98,2024,2024-10
TXN001339,CUST0397,PROD0013,2024-04-12,6,25.0,Paypal,Pending,390.42,2024,2024-04
TXN001340,CUST0377,PROD0045,2025-07-12,6,40.0,Bank Transfer,Delivered,632.59,2025,2025-07
TXN001341,CUST0235,PROD0002,2024-12-27,3,25.0,Cash,Pending,165.02,2024,2024-12
TXN001342,CUST0058,PROD0035,2024-01-01,6,0.0,Paypal,Shipped,1870.38,2024,2024-01
TXN001343,CUST0439,PROD0029,2024-01-01,3,40.0,Credit Card,Cancelled,262.17,2024,2024-01
TXN001344,CUST0296,PROD0095,2024-01-01,3,15.0,Debit Card,Cancelled,409.12,2024,2024-01
TXN001345,CUST0472,PROD0049,2025-10-16,3,50.0,Paypal,Processing,194.67,2025,2025-10
TXN001346,CUST0136,PROD0087,2024-12-23,4,60.0,Upi,Returned,117.79,2024,2024-12
TXN001347,CUST0159,PROD0025,2024-02-12,5,25.0,Debit Card,Shipped,2960.51,2024,2024-02
TXN001348,CUST0408,PROD0059,2025-08-03,3,5.0,Credit Card,Pending,154.53,2025,2025-08
TXN001349,CUST0475,PROD0088,2024-05-30,6,10.0,Cash,Returned,1950.43,2024,2024-05
TXN001350,CUST0320,PROD0072,2025-11-11,3,40.0,Bank Transfer,Shipped,345.01,2025,2025-11
TXN001351,CUST0410,PROD0038,2024-01-01,1,15.0,Bank Transfer,Shipped,61.35,2024,2024-01
TXN001352,CUST0028,PROD0063,2024-11-09,4,25.0,Credit Card,Delivered,1325.46,2024,2024-11
TXN001353,CUST0129,PROD0018,2024-01-01,5,50.0,Paypal,Shipped,295.95,2024,2024-01
TXN001354,CUST0366,PROD0035,2024-05-26,2,30.0,Debit Card,Returned,436.42,2024,2024-05
TXN001355,CUST0113,PROD0005,2025-04-29,2,30.0,Upi,Shipped,87.32,2025,2025-04
TXN001356,CUST0496,PROD0013,2024-09-24,5,20.0,Unknown,Shipped,347.04,2024,2024-09
TXN001357,CUST0348,PROD0042,2025-08-15,6,15.0,Bank Transfer,Processing,265.51,2025,2025-08
TXN001358,CUST0214,PROD0071,2024-01-01,3,25.0,Bank Transfer,Pending,1863.2,2024,2024-01
TXN001359,CUST0280,PROD0024,2025-01-19,1,10.0,Cash,Pending,91.12,2025,2025-01
TXN001360,CUST0356,PROD0041,2024-01-01,6,25.0,Paypal,Delivered,459.68,2024,2024-01
TXN001361,CUST0216,PROD0053,2025-04-17,5,0.0,Upi,Shipped,220.95,2025,2025-04
TXN001362,CUST0387,PROD0018,2025-09-21,2,60.0,Cash,Delivered,94.7,2025,2025-09
TXN001363,CUST0066,PROD0080,2025-07-10,3,0.0,Upi,Processing,561.09,2025,2025-07
TXN001364,CUST0207,PROD0086,2024-01-01,5,40.0,Credit Card,Shipped,3151.41,2024,2024-01
TXN001365,CUST0029,PROD0035,2024-01-01,3,60.0,Debit Card,Returned,374.08,2024,2024-01
TXN001366,CUST0290,PROD0062,2025-12-08,1,5.0,Cash,Delivered,23.92,2025,2025-12
TXN001367,CUST0360,PROD0027,2025-06-12,5,40.0,Paypal,Cancelled,271.53,2025,2025-06
TXN001368,CUST0459,PROD0087,2025-10-17,3,20.0,Credit Card,Pending,176.69,2025,2025-10
TXN001369,CUST0320,PROD0089,2024-07-24,1,0.0,Paypal,Shipped,16.58,2024,2024-07
TXN001370,CUST0267,PROD0013,2024-09-10,1,40.0,Credit Card,Pending,52.06,2024,2024-09
TXN001371,CUST0201,PROD0008,2024-05-04,4,40.0,Paypal,Cancelled,234.98,2024,2024-05
TXN001372,CUST0431,PROD0070,2024-01-01,6,40.0,Debit Card,Shipped,260.5,2024,2024-01
TXN001373,CUST0075,PROD0082,2024-01-23,2,15.0,Paypal,Cancelled,173.66,2024,2024-01
TXN001374,CUST0149,PROD0038,2025-11-14,5,40.0,Credit Card,Returned,216.54,2025,2025-11
TXN001375,CUST0201,PROD0050,2024-01-01,4,30.0,Upi,Processing,65.88,2024,2024-01
TXN001376,CUST0015,PROD0037,2025-04-13,5,30.0,Credit Card,Returned,107.98,2025,2025-04
TXN001377,CUST0018,PROD0083,2024-01-01,5,40.0,Credit Card,Delivered,306.45,2024,2024-01
TXN001378,CUST0493,PROD0018,2025-04-24,4,20.0,Credit Card,Processing,378.82,2025,2025-04
TXN001379,CUST0184,PROD0065,2024-01-01,3,50.0,Upi,Shipped,46.47,2024,2024-01
TXN001380,CUST0090,PROD0084,2024-06-04,6,60.0,Credit Card,Pending,406.27,2024,2024-06
TXN001381,CUST0367,PROD0018,2024-10-12,3,30.0,Debit Card,Pending,248.6,2024,2024-10
TXN001382,CUST0193,PROD0061,2025-09-12,2,60.0,Cash,Returned,148.94,2025,2025-09
TXN001383,CUST0067,PROD0090,2024-11-27,5,25.0,Upi,Shipped,552.56,2024,2024-11
TXN001384,CUST0024,PROD0004,2024-06-11,1,25.0,Paypal,Pending,36.83,2024,2024-06
TXN001385,CUST0166,PROD0098,2024-08-25,2,5.0,Paypal,Shipped,478.42,2024,2024-08
TXN001386,CUST0387,PROD0054,2024-01-01,5,20.0,Debit Card,Delivered,776.64,2024,2024-01
TXN001387,CUST0434,PROD0096,2024-03-15,3,60.0,Credit Card,Processing,22.91,2024,2024-03
TXN001388,CUST0165,PROD0014,2025-12-16,4,10.0,Cash,Cancelled,62.89,2025,2025-12
TXN001389,CUST0101,PROD0033,2025-05-17,6,20.0,Upi,Cancelled,604.18,2025,2025-05
TXN001390,CUST0380,PROD0021,2025-03-20,2,5.0,Credit Card,Shipped,122.34,2025,2025-03
TXN001391,CUST0105,PROD0005,2024-05-23,3,30.0,Cash,Shipped,130.98,2024,2024-05
TXN001392,CUST0175,PROD0024,2025-11-29,6,50.0,Paypal,Cancelled,303.72,2025,2025-11
TXN001393,CUST0427,PROD0027,2024-01-01,5,25.0,Credit Card,Processing,339.41,2024,2024-01
TXN001394,CUST0411,PROD0009,2024-01-01,6,30.0,Debit Card,Shipped,794.93,2024,2024-01
TXN001395,CUST0066,PROD0067,2024-11-01,1,40.0,Upi,Delivered,61.29,2024,2024-11
TXN001396,CUST0308,PROD0070,2024-12-04,2,20.0,Bank Transfer,Shipped,115.78,2024,2024-12
TXN001397,CUST0361,PROD0046,2024-01-01,3,5.0,Cash,Unknown,525.6,2024,2024-01
TXN001398,CUST0437,PROD0067,2025-09-17,3,30.0,Credit Card,Shipped,214.52,2025,2025-09
TXN001399,CUST0299,PROD0061,2024-09-26,1,0.0,Credit Card,Shipped,186.17,2024,2024-09
TXN001400,CUST0134,PROD0026,2024-01-01,2,15.0,Cash,Delivered,120.5,2024,2024-01
TXN001401,CUST0474,PROD0097,2025-11-10,2,40.0,Debit Card,Delivered,44.0,2025,2025-11
TXN001402,CUST0178,PROD0010,2025-03-02,6,60.0,Debit Card,Pending,252.38,2025,2025-03
TXN001403,CUST0485,PROD0017,2024-10-04,1,5.0,Credit Card,Pending,101.77,2024,2024-10
TXN001404,CUST0260,PROD0029,2025-10-27,4,40.0,Bank Transfer,Cancelled,349.56,2025,2025-10
TXN001405,CUST0011,PROD0008,2024-01-27,5,60.0,Upi,Delivered,195.82,2024,2024-01
TXN001406,CUST0283,PROD0062,2024-02-23,4,10.0,Upi,Shipped,90.65,2024,2024-02
TXN001407,CUST0282,PROD0018,2024-01-01,1,60.0,Credit Card,Delivered,47.35,2024,2024-01
TXN001408,CUST0100,PROD0044,2024-01-01,2,15.0,Debit Card,Delivered,175.86,2024,2024-01
TXN001409,CUST0117,PROD0053,2025-07-03,1,0.0,Upi,Delivered,44.19,2025,2025-07
TXN001410,CUST0040,PROD0008,2024-05-09,2,20.0,Credit Card,Delivered,156.66,2024,2024-05
TXN001411,CUST0180,PROD0078,2024-01-01,3,10.0,Upi,Pending,183.01,2024,2024-01
TXN001412,CUST0337,PROD0016,2025-11-03,1,20.0,Cash,Cancelled,31.82,2025,2025-11
TXN001413,CUST0254,PROD0091,2024-12-31,4,20.0,Credit Card,Returned,2047.49,2024,2024-12
TXN001414,CUST0445,PROD0084,2024-01-01,3,25.0,Cash,Shipped,380.88,2024,2024-01
TXN001415,CUST0028,PROD0045,2025-02-24,5,40.0,Bank Transfer,Shipped,527.16,2025,2025-02
TXN001416,CUST0105,PROD0018,2025-06-17,3,50.0,Upi,Shipped,177.57,2025,2025-06
TXN001417,CUST0191,PROD0093,2024-05-25,2,40.0,Paypal,Shipped,383.05,2024,2024-05
TXN001418,CUST0011,PROD0064,2024-02-04,3,60.0,Upi,Returned,64.75,2024,2024-02
TXN001419,CUST0424,PROD0011,2024-01-01,5,30.0,Paypal,Delivered,282.66,2024,2024-01
TXN001420,CUST0442,PROD0049,2025-01-28,1,15.0,Upi,Shipped,110.31,2025,2025-01
TXN001421,CUST0095,PROD0085,2024-01-01,1,20.0,Credit Card,Delivered,23.29,2024,2024-01
TXN001422,CUST0480,PROD0004,2025-09-15,3,60.0,Upi,Delivered,58.92,2025,2025-09
TXN001423,CUST0175,PROD0093,2025-09-28,4,0.0,Debit Card,Shipped,1276.84,2025,2025-09
TXN001424,CUST0488,PROD0093,2025-11-25,5,40.0,Upi,Returned,957.63,2025,2025-11
TXN001425,CUST0084,PROD0049,2025-04-23,2,10.0,Credit Card,Returned,233.6,2025,2025-04
TXN001426,CUST0410,PROD0088,2024-10-07,2,50.0,Bank Transfer,Delivered,361.19,2024,2024-10
TXN001427,CUST0293,PROD0051,2024-02-09,3,25.0,Bank Transfer,Returned,252.63,2024,2024-02
TXN001428,CUST0401,PROD0084,2024-01-01,1,20.0,Credit Card,Returned,135.42,2024,2024-01
TXN001429,CUST0434,PROD0023,2025-03-30,1,40.0,Credit Card,Pending,317.41,2025,2025-03
TXN001430,CUST0019,PROD0046,2024-01-01,5,15.0,Upi,Delivered,783.78,2024,2024-01
TXN001431,CUST0297,PROD0011,2024-10-10,5,25.0,Debit Card,Pending,302.85,2024,2024-10
TXN001432,CUST0093,PROD0034,2024-10-09,4,10.0,Upi,Processing,538.42,2024,2024-10
TXN001433,CUST0076,PROD0080,2025-11-02,2,5.0,Credit Card,Processing,355.36,2025,2025-11
TXN001434,CUST0351,PROD0065,2025-03-26,3,0.0,Cash,Cancelled,92.94,2025,2025-03
TXN001435,CUST0032,PROD0092,2024-01-01,1,25.0,Cash,Delivered,168.86,2024,2024-01
TXN001436,CUST0308,PROD0031,2024-12-24,1,50.0,Paypal,Shipped,23.37,2024,2024-12
TXN001437,CUST0262,PROD0010,2024-08-30,3,60.0,Credit Card,Shipped,126.19,2024,2024-08
TXN001438,CUST0037,PROD0083,2025-03-12,2,0.0,Credit Card,Delivered,204.3,2025,2025-03
TXN001439,CUST0172,PROD0053,2025-10-29,4,20.0,Credit Card,Processing,141.41,2025,2025-10
TXN001440,CUST0189,PROD0006,2024-10-24,5,0.0,Debit Card,Cancelled,1206.45,2024,2024-10
TXN001441,CUST0414,PROD0041,2024-01-01,6,50.0,Credit Card,Cancelled,306.45,2024,2024-01
TXN001442,CUST0299,PROD0005,2024-01-01,2,30.0,Debit Card,Shipped,87.32,2024,2024-01
TXN001443,CUST0491,PROD0029,2025-08-01,5,50.0,Upi,Shipped,364.12,2025,2025-08
TXN001444,CUST0434,PROD0068,2024-02-22,4,50.0,Cash,Pending,105.48,2024,2024-02
TXN001445,CUST0163,PROD0035,2024-01-01,3,15.0,Credit Card,Cancelled,794.91,2024,2024-01
TXN001446,CUST0410,PROD0099,2025-01-05,4,25.0,Debit Card,Cancelled,116.1,2025,2025-01
TXN001447,CUST0228,PROD0094,2025-02-23,1,25.0,Cash,Shipped,77.3,2025,2025-02
TXN001448,CUST0469,PROD0047,2025-10-31,5,15.0,Paypal,Shipped,213.86,2025,2025-10
TXN001449,CUST0118,PROD0073,2024-01-01,2,30.0,Paypal,Returned,153.57,2024,2024-01
TXN001450,CUST0408,PROD0037,2024-12-15,1,5.0,Upi,Shipped,29.31,2024,2024-12
TXN001451,CUST0259,PROD0019,2025-08-12,6,15.0,Paypal,Pending,158.76,2025,2025-08
TXN001452,CUST0008,PROD0022,2024-01-01,3,50.0,Paypal,Shipped,269.59,2024,2024-01
TXN001453,CUST0065,PROD0005,2025-03-17,6,10.0,Debit Card,Processing,336.8,2025,2025-03
TXN001454,CUST0264,PROD0068,2025-02-01,3,10.0,Upi,Cancelled,142.4,2025,2025-02
TXN001455,CUST0365,PROD0038,2024-05-01,3,25.0,Debit Card,Delivered,162.41,2024,2024-05
TXN001456,CUST0038,PROD0095,2024-01-01,4,40.0,Upi,Returned,385.06,2024,2024-01
TXN001457,CUST0388,PROD0062,2025-12-17,6,10.0,Cash,Shipped,135.97,2025,2025-12
TXN001458,CUST0078,PROD0001,2025-08-30,3,40.0,Upi,Delivered,316.93,2025,2025-08
TXN001459,CUST0225,PROD0023,2025-06-04,5,20.0,Debit Card,Cancelled,2116.08,2025,2025-06
TXN001460,CUST0153,PROD0064,2024-12-15,5,50.0,Cash,Shipped,134.9,2024,2024-12
TXN001461,CUST0147,PROD0042,2025-01-28,2,10.0,Credit Card,Cancelled,93.71,2025,2025-01
TXN001462,CUST0221,PROD0067,2024-01-01,5,25.0,Debit Card,Delivered,383.06,2024,2024-01
TXN001463,CUST0146,PROD0022,2024-01-01,3,40.0,Paypal,Cancelled,323.51,2024,2024-01
TXN001464,CUST0454,PROD0022,2024-10-22,5,5.0,Upi,Returned,853.72,2024,2024-10
TXN001465,CUST0073,PROD0013,2024-07-30,5,10.0,Credit Card,Delivered,390.42,2024,2024-07
TXN001466,CUST0492,PROD0070,2025-07-04,1,40.0,Credit Card,Delivered,43.42,2025,2025-07
TXN001467,CUST0105,PROD0037,2025-08-07,6,40.0,Cash,Processing,111.06,2025,2025-08
TXN001468,CUST0426,PROD0059,2024-10-29,6,5.0,Paypal,Shipped,309.05,2024,2024-10
TXN001469,CUST0253,PROD0034,2024-03-29,3,5.0,Unknown,Shipped,426.25,2024,2024-03
TXN001470,CUST0382,PROD0029,2024-01-01,2,50.0,Credit Card,Returned,145.65,2024,2024-01
TXN001471,CUST0233,PROD0081,2025-06-09,1,25.0,Credit Card,Shipped,46.77,2025,2025-06
TXN001472,CUST0052,PROD0091,2025-06-17,2,50.0,Credit Card,Delivered,639.84,2025,2025-06
TXN001473,CUST0126,PROD0018,2025-08-23,2,15.0,Bank Transfer,Pending,201.25,2025,2025-08
TXN001474,CUST0078,PROD0063,2024-01-01,4,20.0,Paypal,Cancelled,1413.82,2024,2024-01
TXN001475,CUST0326,PROD0012,2025-06-12,6,15.0,Credit Card,Shipped,390.61,2025,2025-06
TXN001476,CUST0035,PROD0063,2025-07-25,2,10.0,Credit Card,Shipped,795.28,2025,2025-07
TXN001477,CUST0353,PROD0034,2024-01-01,3,60.0,Upi,Delivered,179.47,2024,2024-01
TXN001478,CUST0248,PROD0068,2025-11-03,3,15.0,Bank Transfer,Pending,134.49,2025,2025-11
TXN001479,CUST0251,PROD0081,2024-01-01,3,50.0,Paypal,Returned,93.54,2024,2024-01
TXN001480,CUST0050,PROD0029,2024-04-25,4,40.0,Credit Card,Cancelled,349.56,2024,2024-04
TXN001481,CUST0340,PROD0055,2024-04-28,4,25.0,Debit Card,Delivered,3151.2,2024,2024-04
TXN001482,CUST0357,PROD0051,2025-12-22,4,40.0,Upi,Cancelled,269.47,2025,2025-12
TXN001483,CUST0015,PROD0038,2024-10-01,2,30.0,Credit Card,Delivered,101.05,2024,2024-10
TXN001484,CUST0134,PROD0087,2024-01-01,4,40.0,Upi,Shipped,176.69,2024,2024-01
TXN001485,CUST0134,PROD0007,2024-01-01,6,15.0,Credit Card,Delivered,1162.65,2024,2024-01
TXN001486,CUST0158,PROD0058,2025-02-23,5,10.0,Cash,Cancelled,142.38,2025,2025-02
TXN001487,CUST0400,PROD0081,2024-04-22,5,25.0,Paypal,Delivered,233.85,2024,2024-04
TXN001488,CUST0487,PROD0093,2024-01-22,1,25.0,Credit Card,Shipped,239.41,2024,2024-01
TXN001489,CUST0336,PROD0007,2025-06-15,3,50.0,Upi,Processing,341.96,2025,2025-06
TXN001490,CUST0430,PROD0069,2025-02-09,3,20.0,Paypal,Delivered,133.9,2025,2025-02
TXN001491,CUST0170,PROD0053,2024-01-01,6,15.0,Credit Card,Delivered,225.37,2024,2024-01
TXN001492,CUST0433,PROD0003,2025-06-23,5,30.0,Paypal,Delivered,126.38,2025,2025-06
TXN001493,CUST0081,PROD0037,2024-11-04,2,15.0,Credit Card,Returned,52.44,2024,2024-11
TXN001494,CUST0384,PROD0016,2025-01-21,4,10.0,Bank Transfer,Shipped,143.17,2025,2025-01
TXN001495,CUST0040,PROD0010,2025-05-31,6,30.0,Credit Card,Delivered,441.67,2025,2025-05
TXN001496,CUST0381,PROD0070,2024-01-01,1,60.0,Upi,Cancelled,28.94,2024,2024-01
TXN001497,CUST0426,PROD0078,2024-11-15,4,50.0,Credit Card,Returned,135.56,2024,2024-11
TXN001498,CUST0141,PROD0059,2024-01-01,3,60.0,Paypal,Shipped,65.06,2024,2024-01
TXN001499,CUST0150,PROD0055,2024-04-05,4,50.0,Bank Transfer,Pending,2100.8,2024,2024-04
TXN001500,CUST0146,PROD0090,2025-06-30,2,30.0,Credit Card,Pending,206.29,2025,2025-06
TXN001501,CUST0373,PROD0051,2025-01-16,6,5.0,Paypal,Cancelled,640.0,2025,2025-01
TXN001502,CUST0296,PROD0004,2025-02-10,4,25.0,Paypal,Shipped,147.3,2025,2025-02
TXN001503,CUST0330,PROD0040,2024-12-06,6,5.0,Debit Card,Processing,314.3,2024,2024-12
TXN001504,CUST0107,PROD0063,2025-08-30,1,10.0,Upi,Pending,397.64,2025,2025-08
TXN001505,CUST0268,PROD0093,2024-01-01,1,40.0,Bank Transfer,Shipped,191.53,2024,2024-01
TXN001506,CUST0160,PROD0095,2024-12-11,1,25.0,Upi,Delivered,120.33,2024,2024-12
TXN001507,CUST0138,PROD0089,2024-01-01,4,50.0,Paypal,Delivered,33.16,2024,2024-01
TXN001508,CUST0492,PROD0084,2024-08-29,4,40.0,Cash,Shipped,406.27,2024,2024-08
TXN001509,CUST0472,PROD0014,2025-03-11,1,30.0,Paypal,Delivered,12.23,2025,2025-03
TXN001510,CUST0083,PROD0067,2024-05-04,2,40.0,Debit Card,Delivered,122.58,2024,2024-05
TXN001511,CUST0454,PROD0055,2025-05-22,6,50.0,Paypal,Processing,3151.2,2025,2025-05
TXN001512,CUST0384,PROD0071,2024-01-01,1,20.0,Debit Card,Shipped,662.47,2024,2024-01
TXN001513,CUST0151,PROD0093,2024-01-01,5,25.0,Credit Card,Processing,1197.04,2024,2024-01
TXN001514,CUST0073,PROD0038,2025-06-19,2,60.0,Credit Card,Returned,57.74,2025,2025-06
TXN001515,CUST0242,PROD0060,2024-08-03,3,10.0,Paypal,Pending,674.76,2024,2024-08
TXN001516,CUST0006,PROD0041,2025-03-02,2,40.0,Debit Card,Delivered,122.58,2025,2025-03
TXN001517,CUST0097,PROD0026,2025-12-11,5,40.0,Credit Card,Shipped,212.64,2025,2025-12
TXN001518,CUST0032,PROD0080,2024-01-01,2,5.0,Credit Card,Cancelled,355.36,2024,2024-01
TXN001519,CUST0177,PROD0081,2024-01-01,3,20.0,Upi,Returned,149.66,2024,2024-01
TXN001520,CUST0189,PROD0080,2025-02-16,5,50.0,Upi,Shipped,467.58,2025,2025-02
TXN001521,CUST0304,PROD0020,2024-04-15,2,20.0,Paypal,Returned,145.18,2024,2024-04
TXN001522,CUST0289,PROD0014,2024-05-09,5,30.0,Credit Card,Returned,61.14,2024,2024-05
TXN001523,CUST0495,PROD0095,2025-09-22,4,15.0,Paypal,Delivered,545.5,2025,2025-09
TXN001524,CUST0402,PROD0030,2024-08-09,5,10.0,Paypal,Unknown,273.47,2024,2024-08
TXN001525,CUST0244,PROD0001,2024-11-27,1,10.0,Cash,Pending,158.46,2024,2024-11
TXN001526,CUST0218,PROD0086,2024-01-01,3,50.0,Debit Card,Cancelled,1575.7,2024,2024-01
TXN001527,CUST0287,PROD0051,2025-01-21,6,40.0,Credit Card,Returned,404.21,2025,2025-01
TXN001528,CUST0430,PROD0067,2024-11-20,1,60.0,Upi,Processing,40.86,2024,2024-11
TXN001529,CUST0485,PROD0082,2024-01-01,2,30.0,Cash,Pending,143.01,2024,2024-01
TXN001530,CUST0404,PROD0033,2024-01-01,5,30.0,Credit Card,Processing,440.54,2024,2024-01
TXN001531,CUST0013,PROD0047,2025-04-22,3,30.0,Upi,Cancelled,105.67,2025,2025-04
TXN001532,CUST0196,PROD0048,2024-07-02,1,15.0,Paypal,Delivered,247.52,2024,2024-07
TXN001533,CUST0270,PROD0025,2024-01-01,3,25.0,Debit Card,Delivered,1776.31,2024,2024-01
TXN001534,CUST0469,PROD0033,2025-05-29,5,20.0,Credit Card,Returned,503.48,2025,2025-05
TXN001535,CUST0329,PROD0062,2025-02-11,6,20.0,Bank Transfer,Delivered,120.86,2025,2025-02
TXN001536,CUST0498,PROD0074,2024-02-01,4,60.0,Paypal,Pending,518.3,2024,2024-02
TXN001537,CUST0089,PROD0061,2025-10-25,1,0.0,Credit Card,Delivered,186.17,2025,2025-10
TXN001538,CUST0314,PROD0092,2024-06-05,6,10.0,Paypal,Shipped,1215.81,2024,2024-06
TXN001539,CUST0215,PROD0016,2024-02-27,6,0.0,Credit Card,Shipped,238.62,2024,2024-02
TXN001540,CUST0440,PROD0070,2024-01-01,6,60.0,Credit Card,Delivered,173.66,2024,2024-01
TXN001541,CUST0429,PROD0087,2024-11-20,2,60.0,Credit Card,Delivered,58.9,2024,2024-11
TXN001542,CUST0482,PROD0086,2025-02-16,6,0.0,Debit Card,Cancelled,6302.82,2025,2025-02
TXN001543,CUST0423,PROD0098,2025-05-28,6,20.0,Debit Card,Processing,1208.64,2025,2025-05
TXN001544,CUST0228,PROD0006,2024-10-09,2,50.0,Upi,Processing,241.29,2024,2024-10
TXN001545,CUST0326,PROD0096,2024-01-04,3,50.0,Credit Card,Shipped,28.64,2024,2024-01
TXN001546,CUST0175,PROD0060,2025-08-04,1,60.0,Paypal,Shipped,99.96,2025,2025-08
TXN001547,CUST0060,PROD0012,2024-01-01,1,10.0,Credit Card,Delivered,68.93,2024,2024-01
TXN001548,CUST0393,PROD0022,2024-01-11,6,25.0,Paypal,Shipped,808.78,2024,2024-01
TXN001549,CUST0450,PROD0093,2024-09-09,6,15.0,Paypal,Returned,1627.97,2024,2024-09
TXN001550,CUST0028,PROD0049,2025-12-23,2,20.0,Paypal,Delivered,207.65,2025,2025-12
TXN001551,CUST0212,PROD0029,2024-01-01,2,10.0,Bank Transfer,Returned,262.17,2024,2024-01
TXN001552,CUST0358,PROD0057,2024-09-27,4,25.0,Credit Card,Delivered,1374.36,2024,2024-09
TXN001553,CUST0396,PROD0083,2025-06-19,6,10.0,Credit Card,Shipped,551.61,2025,2025-06
TXN001554,CUST0080,PROD0069,2024-01-01,6,30.0,Credit Card,Returned,234.32,2024,2024-01
TXN001555,CUST0107,PROD0044,2025-12-17,5,20.0,Debit Card,Cancelled,413.8,2025,2025-12
TXN001556,CUST0133,PROD0028,2025-04-23,1,5.0,Cash,Processing,850.35,2025,2025-04
TXN001557,CUST0244,PROD0018,2025-04-23,3,25.0,Upi,Delivered,266.36,2025,2025-04
TXN001558,CUST0166,PROD0090,2024-04-17,3,0.0,Paypal,Shipped,442.05,2024,2024-04
TXN001559,CUST0244,PROD0043,2024-12-10,1,10.0,Credit Card,Returned,143.95,2024,2024-12
TXN001560,CUST0084,PROD0060,2025-07-13,1,40.0,Paypal,Shipped,149.95,2025,2025-07
TXN001561,CUST0375,PROD0052,2024-01-01,3,25.0,Credit Card,Pending,38.27,2024,2024-01
TXN001562,CUST0348,PROD0052,2024-01-01,2,50.0,Debit Card,Shipped,17.01,2024,2024-01
TXN001563,CUST0219,PROD0100,2024-10-02,4,60.0,Credit Card,Processing,177.94,2024,2024-10
TXN001564,CUST0263,PROD0022,2024-01-01,6,50.0,Upi,Processing,539.19,2024,2024-01
TXN001565,CUST0067,PROD0085,2024-12-07,1,20.0,Paypal,Delivered,23.29,2024,2024-12
TXN001566,CUST0235,PROD0051,2024-06-18,1,10.0,Upi,Processing,101.05,2024,2024-06
TXN001567,CUST0155,PROD0040,2024-03-23,2,15.0,Upi,Shipped,93.74,2024,2024-03
TXN001568,CUST0371,PROD0032,2024-01-01,5,25.0,Credit Card,Pending,450.22,2024,2024-01
TXN001569,CUST0082,PROD0045,2024-04-12,5,30.0,Upi,Pending,615.02,2024,2024-04
TXN001570,CUST0343,PROD0049,2025-04-19,2,5.0,Upi,Processing,246.58,2025,2025-04
TXN001571,CUST0163,PROD0098,2024-05-16,3,20.0,Upi,Shipped,604.32,2024,2024-05
TXN001572,CUST0274,PROD0010,2024-12-21,6,60.0,Credit Card,Cancelled,252.38,2024,2024-12
TXN001573,CUST0454,PROD0078,2024-01-01,3,25.0,Credit Card,Delivered,152.5,2024,2024-01
TXN001574,CUST0313,PROD0077,2025-02-11,6,15.0,Paypal,Pending,173.91,2025,2025-02
TXN001575,CUST0097,PROD0006,2024-01-01,4,5.0,Credit Card,Shipped,916.9,2024,2024-01
TXN001576,CUST0335,PROD0024,2025-03-11,3,20.0,Upi,Pending,242.98,2025,2025-03
TXN001577,CUST0018,PROD0034,2025-03-07,2,30.0,Cash,Shipped,209.38,2025,2025-03
TXN001578,CUST0239,PROD0011,2024-12-20,6,5.0,Upi,Delivered,460.33,2024,2024-12
TXN001579,CUST0083,PROD0041,2024-05-11,5,30.0,Paypal,Delivered,357.52,2024,2024-05
TXN001580,CUST0492,PROD0086,2025-02-15,1,20.0,Upi,Returned,840.38,2025,2025-02
TXN001581,CUST0380,PROD0082,2024-01-01,4,50.0,Credit Card,Pending,204.3,2024,2024-01
TXN001582,CUST0433,PROD0069,2024-01-01,2,30.0,Unknown,Shipped,78.11,2024,2024-01
TXN001583,CUST0446,PROD0087,2024-03-22,1,25.0,Bank Transfer,Cancelled,55.22,2024,2024-03
TXN001584,CUST0264,PROD0079,2024-01-01,1,40.0,Bank Transfer,Delivered,498.29,2024,2024-01
TXN001585,CUST0063,PROD0063,2025-04-16,1,60.0,Credit Card,Returned,176.73,2025,2025-04
TXN001586,CUST0218,PROD0044,2025-11-22,1,50.0,Bank Transfer,Processing,51.72,2025,2025-11
TXN001587,CUST0151,PROD0046,2025-03-03,4,25.0,Bank Transfer,Delivered,553.26,2025,2025-03
TXN001588,CUST0306,PROD0015,2024-12-31,1,50.0,Upi,Cancelled,33.38,2024,2024-12
TXN001589,CUST0090,PROD0011,2024-01-01,2,10.0,Paypal,Shipped,145.37,2024,2024-01
TXN001590,CUST0458,PROD0036,2024-12-19,6,60.0,Upi,Pending,506.78,2024,2024-12
TXN001591,CUST0021,PROD0010,2024-11-30,1,10.0,Debit Card,Shipped,94.64,2024,2024-11
TXN001592,CUST0263,PROD0093,2024-03-21,6,20.0,Upi,Shipped,1532.21,2024,2024-03
TXN001593,CUST0012,PROD0024,2024-09-20,6,5.0,Upi,Shipped,577.07,2024,2024-09
TXN001594,CUST0407,PROD0025,2025-08-07,3,60.0,Cash,Cancelled,947.36,2025,2025-08
TXN001595,CUST0356,PROD0007,2024-01-01,4,15.0,Upi,Returned,775.1,2024,2024-01
TXN001596,CUST0383,PROD0089,2024-01-01,5,0.0,Upi,Processing,82.9,2024,2024-01
TXN001597,CUST0348,PROD0037,2024-10-06,4,15.0,Credit Card,Shipped,104.89,2024,2024-10
TXN001598,CUST0337,PROD0017,2024-01-01,4,60.0,Credit Card,Shipped,171.41,2024,2024-01
TXN001599,CUST0114,PROD0029,2024-01-19,3,15.0,Debit Card,Returned,371.41,2024,2024-01
TXN001600,CUST0373,PROD0092,2025-09-15,5,30.0,Credit Card,Shipped,788.02,2025,2025-09
TXN001601,CUST0244,PROD0072,2024-01-13,3,25.0,Credit Card,Pending,431.26,2024,2024-01
TXN001602,CUST0078,PROD0060,2025-05-25,5,10.0,Upi,Returned,1124.6,2025,2025-05
TXN001603,CUST0207,PROD0005,2024-01-01,1,40.0,Cash,Delivered,37.42,2024,2024-01
TXN001604,CUST0043,PROD0027,2025-06-26,3,20.0,Credit Card,Pending,217.22,2025,2025-06
TXN001605,CUST0346,PROD0060,2024-01-31,5,60.0,Paypal,Delivered,499.82,2024,2024-01
TXN001606,CUST0290,PROD0056,2024-01-01,3,50.0,Paypal,Cancelled,702.27,2024,2024-01
TXN001607,CUST0193,PROD0069,2024-05-14,5,5.0,Debit Card,Shipped,265.0,2024,2024-05
TXN001608,CUST0112,PROD0028,2024-04-23,3,10.0,Paypal,Shipped,2416.8,2024,2024-04
TXN001609,CUST0282,PROD0053,2024-12-26,4,60.0,Bank Transfer,Delivered,70.7,2024,2024-12
TXN001610,CUST0395,PROD0047,2024-01-01,6,25.0,Cash,Shipped,226.44,2024,2024-01
TXN001611,CUST0116,PROD0052,2025-05-21,3,40.0,Paypal,Processing,30.62,2025,2025-05
TXN001612,CUST0205,PROD0037,2024-01-04,3,40.0,Paypal,Shipped,55.53,2024,2024-01
TXN001613,CUST0197,PROD0075,2025-10-30,4,30.0,Upi,Delivered,113.82,2025,2025-10
TXN001614,CUST0317,PROD0029,2024-05-21,5,50.0,Debit Card,Shipped,364.12,2024,2024-05
TXN001615,CUST0485,PROD0003,2024-01-01,2,10.0,Paypal,Shipped,65.0,2024,2024-01
TXN001616,CUST0488,PROD0048,2024-01-24,3,30.0,Cash,Cancelled,611.52,2024,2024-01
TXN001617,CUST0436,PROD0021,2024-01-01,6,15.0,Paypal,Pending,328.39,2024,2024-01
TXN001618,CUST0480,PROD0092,2024-07-23,2,20.0,Debit Card,Delivered,360.24,2024,2024-07
TXN001619,CUST0106,PROD0074,2025-04-17,2,60.0,Paypal,Cancelled,259.15,2025,2025-04
TXN001620,CUST0408,PROD0023,2025-04-17,6,5.0,Credit Card,Processing,3015.41,2025,2025-04
TXN001621,CUST0126,PROD0060,2024-03-12,6,0.0,Upi,Pending,1499.46,2024,2024-03
TXN001622,CUST0442,PROD0050,2024-03-13,3,50.0,Debit Card,Delivered,35.3,2024,2024-03
TXN001623,CUST0225,PROD0062,2024-03-02,4,0.0,Credit Card,Shipped,100.72,2024,2024-03
TXN001624,CUST0367,PROD0066,2024-01-01,4,30.0,Debit Card,Shipped,258.02,2024,2024-01
TXN001625,CUST0075,PROD0034,2025-08-16,6,10.0,Credit Card,Shipped,807.62,2025,2025-08
TXN001626,CUST0337,PROD0044,2024-05-25,4,15.0,Bank Transfer,Shipped,351.73,2024,2024-05
TXN001627,CUST0169,PROD0083,2025-12-11,4,40.0,Upi,Returned,245.16,2025,2025-12
TXN001628,CUST0176,PROD0038,2024-01-01,3,40.0,Bank Transfer,Returned,129.92,2024,2024-01
TXN001629,CUST0305,PROD0005,2024-05-23,5,20.0,Credit Card,Cancelled,249.48,2024,2024-05
TXN001630,CUST0451,PROD0048,2025-07-31,6,20.0,Bank Transfer,Processing,1397.76,2025,2025-07
TXN001631,CUST0291,PROD0082,2024-01-01,6,40.0,Bank Transfer,Processing,367.74,2024,2024-01
TXN001632,CUST0356,PROD0017,2024-01-01,3,30.0,Bank Transfer,Cancelled,224.97,2024,2024-01
TXN001633,CUST0015,PROD0028,2025-08-20,2,60.0,Credit Card,Returned,716.09,2025,2025-08
TXN001634,CUST0187,PROD0093,2025-06-04,5,30.0,Paypal,Processing,1117.23,2025,2025-06
TXN001635,CUST0498,PROD0045,2025-10-21,5,50.0,Credit Card,Delivered,439.3,2025,2025-10
TXN001636,CUST0194,PROD0063,2025-10-25,5,40.0,Paypal,Pending,1325.46,2025,2025-10
TXN001637,CUST0460,PROD0049,2024-01-15,1,25.0,Upi,Returned,97.34,2024,2024-01
TXN001638,CUST0106,PROD0029,2024-01-01,5,5.0,Upi,Delivered,691.84,2024,2024-01
TXN001639,CUST0256,PROD0059,2024-01-01,3,50.0,Upi,Cancelled,81.33,2024,2024-01
TXN001640,CUST0187,PROD0086,2024-02-03,6,5.0,Credit Card,Shipped,5987.68,2024,2024-02
TXN001641,CUST0139,PROD0071,2025-07-01,5,5.0,Credit Card,Pending,3933.43,2025,2025-07
TXN001642,CUST0291,PROD0067,2024-09-10,3,10.0,Upi,Cancelled,275.81,2024,2024-09
TXN001643,CUST0354,PROD0092,2025-04-12,1,60.0,Bank Transfer,Returned,90.06,2025,2025-04
TXN001644,CUST0047,PROD0096,2024-07-13,1,10.0,Cash,Returned,17.18,2024,2024-07
TXN001645,CUST0032,PROD0027,2024-01-01,5,60.0,Paypal,Pending,181.02,2024,2024-01
TXN001646,CUST0051,PROD0069,2024-02-22,6,5.0,Upi,Pending,318.0,2024,2024-02
TXN001647,CUST0060,PROD0057,2024-03-26,2,5.0,Cash,Cancelled,870.43,2024,2024-03
TXN001648,CUST0307,PROD0063,2024-11-03,1,60.0,Upi,Shipped,176.73,2024,2024-11
TXN001649,CUST0369,PROD0057,2024-01-01,5,25.0,Paypal,Delivered,1717.95,2024,2024-01
TXN001650,CUST0129,PROD0097,2024-01-01,3,40.0,Paypal,Delivered,66.01,2024,2024-01
TXN001651,CUST0260,PROD0062,2025-06-10,6,20.0,Bank Transfer,Unknown,120.86,2025,2025-06
TXN001652,CUST0175,PROD0036,2024-01-01,5,20.0,Paypal,Shipped,844.64,2024,2024-01
TXN001653,CUST0388,PROD0024,2025-05-14,3,50.0,Paypal,Pending,151.86,2025,2025-05
TXN001654,CUST0084,PROD0023,2024-03-08,6,20.0,Debit Card,Pending,2539.3,2024,2024-03
TXN001655,CUST0176,PROD0082,2025-12-04,2,15.0,Debit Card,Cancelled,173.66,2025,2025-12
TXN001656,CUST0257,PROD0040,2024-11-23,4,5.0,Bank Transfer,Cancelled,209.53,2024,2024-11
TXN001657,CUST0293,PROD0087,2024-06-07,2,15.0,Upi,Processing,125.15,2024,2024-06
TXN001658,CUST0437,PROD0021,2025-09-16,2,25.0,Cash,Pending,96.58,2025,2025-09
TXN001659,CUST0335,PROD0077,2024-01-01,3,15.0,Bank Transfer,Pending,86.96,2024,2024-01
TXN001660,CUST0479,PROD0039,2025-01-14,3,25.0,Credit Card,Delivered,126.34,2025,2025-01
TXN001661,CUST0231,PROD0040,2024-01-01,4,30.0,Credit Card,Shipped,154.39,2024,2024-01
TXN001662,CUST0029,PROD0053,2024-12-28,2,40.0,Bank Transfer,Delivered,53.03,2024,2024-12
TXN001663,CUST0420,PROD0091,2024-07-26,6,20.0,Bank Transfer,Delivered,3071.23,2024,2024-07
TXN001664,CUST0013,PROD0042,2025-03-13,3,50.0,Cash,Cancelled,78.09,2025,2025-03
TXN001665,CUST0409,PROD0028,2025-09-24,4,20.0,Debit Card,Shipped,2864.35,2025,2025-09
TXN001666,CUST0125,PROD0021,2024-01-01,4,60.0,Paypal,Delivered,103.02,2024,2024-01
TXN001667,CUST0400,PROD0085,2025-02-03,6,40.0,Upi,Returned,104.8,2025,2025-02
TXN001668,CUST0311,PROD0076,2025-01-19,1,0.0,Credit Card,Returned,29.3,2025,2025-01
TXN001669,CUST0276,PROD0048,2025-03-24,1,40.0,Paypal,Shipped,174.72,2025,2025-03
TXN001670,CUST0167,PROD0100,2025-02-27,2,60.0,Bank Transfer,Cancelled,88.97,2025,2025-02
TXN001671,CUST0288,PROD0012,2025-03-24,3,60.0,Cash,Returned,91.91,2025,2025-03
TXN001672,CUST0286,PROD0068,2024-01-01,1,10.0,Debit Card,Delivered,47.47,2024,2024-01
TXN001673,CUST0491,PROD0047,2024-01-01,2,10.0,Credit Card,Pending,90.58,2024,2024-01
TXN001674,CUST0117,PROD0059,2025-01-05,2,20.0,Bank Transfer,Delivered,86.75,2025,2025-01
TXN001675,CUST0072,PROD0016,2025-10-19,4,30.0,Paypal,Delivered,111.36,2025,2025-10
TXN001676,CUST0426,PROD0068,2024-03-02,3,0.0,Upi,Delivered,158.22,2024,2024-03
TXN001677,CUST0492,PROD0065,2024-11-30,4,20.0,Credit Card,Shipped,99.14,2024,2024-11
TXN001678,CUST0377,PROD0010,2025-08-01,5,5.0,Cash,Processing,499.51,2025,2025-08
TXN001679,CUST0409,PROD0066,2024-03-30,4,60.0,Upi,Shipped,147.44,2024,2024-03
TXN001680,CUST0393,PROD0088,2024-01-01,4,40.0,Paypal,Delivered,866.86,2024,2024-01
TXN001681,CUST0038,PROD0024,2025-10-25,3,40.0,Cash,Shipped,182.23,2025,2025-10
TXN001682,CUST0456,PROD0003,2025-02-15,3,0.0,Upi,Delivered,108.33,2025,2025-02
TXN001683,CUST0005,PROD0029,2024-01-01,2,20.0,Upi,Delivered,233.04,2024,2024-01
TXN001684,CUST0273,PROD0059,2025-10-31,2,60.0,Credit Card,Processing,43.38,2025,2025-10
TXN001685,CUST0097,PROD0099,2024-05-31,3,10.0,Debit Card,Delivered,104.49,2024,2024-05
TXN001686,CUST0274,PROD0078,2024-02-10,5,25.0,Debit Card,Delivered,254.18,2024,2024-02
TXN001687,CUST0446,PROD0041,2024-01-01,2,15.0,Bank Transfer,Processing,173.66,2024,2024-01
TXN001688,CUST0139,PROD0030,2024-08-10,3,10.0,Paypal,Shipped,164.08,2024,2024-08
TXN001689,CUST0428,PROD0049,2024-01-27,6,15.0,Upi,Delivered,661.88,2024,2024-01
TXN001690,CUST0229,PROD0057,2025-02-12,2,30.0,Debit Card,Shipped,641.37,2025,2025-02
TXN001691,CUST0497,PROD0023,2025-06-02,6,50.0,Debit Card,Processing,1587.06,2025,2025-06
TXN001692,CUST0388,PROD0027,2024-05-03,6,60.0,Credit Card,Delivered,217.22,2024,2024-05
TXN001693,CUST0213,PROD0025,2024-08-03,5,25.0,Paypal,Returned,2960.51,2024,2024-08
TXN001694,CUST0261,PROD0015,2024-01-01,1,30.0,Upi,Shipped,46.74,2024,2024-01
TXN001695,CUST0493,PROD0013,2024-12-29,3,5.0,Unknown,Returned,247.27,2024,2024-12
TXN001696,CUST0118,PROD0090,2024-03-27,6,30.0,Paypal,Delivered,618.87,2024,2024-03
TXN001697,CUST0488,PROD0036,2025-10-24,1,10.0,Upi,Processing,190.04,2025,2025-10
TXN001698,CUST0290,PROD0002,2024-05-11,2,10.0,Paypal,Delivered,132.01,2024,2024-05
TXN001699,CUST0032,PROD0077,2024-08-02,6,20.0,Credit Card,Shipped,163.68,2024,2024-08
TXN001700,CUST0422,PROD0021,2024-01-01,2,50.0,Paypal,Processing,64.39,2024,2024-01
TXN001701,CUST0187,PROD0015,2024-01-01,4,15.0,Bank Transfer,Shipped,227.02,2024,2024-01
TXN001702,CUST0321,PROD0048,2024-09-28,3,0.0,Credit Card,Delivered,873.6,2024,2024-09
TXN001703,CUST0015,PROD0061,2024-02-05,2,30.0,Credit Card,Shipped,260.64,2024,2024-02
TXN001704,CUST0391,PROD0077,2025-06-21,2,5.0,Credit Card,Delivered,64.79,2025,2025-06
TXN001705,CUST0460,PROD0029,2024-01-01,1,5.0,Paypal,Pending,138.37,2024,2024-01
TXN001706,CUST0213,PROD0069,2025-03-26,5,0.0,Bank Transfer,Pending,278.95,2025,2025-03
TXN001707,CUST0241,PROD0033,2024-05-11,6,50.0,Credit Card,Shipped,377.61,2024,2024-05
TXN001708,CUST0245,PROD0064,2024-01-01,2,15.0,Cash,Processing,91.73,2024,2024-01
TXN001709,CUST0413,PROD0019,2024-08-18,1,5.0,Upi,Returned,29.57,2024,2024-08
TXN001710,CUST0455,PROD0079,2024-04-17,2,20.0,Paypal,Returned,1328.78,2024,2024-04
TXN001711,CUST0169,PROD0091,2025-04-18,5,50.0,Cash,Returned,1599.6,2025,2025-04
TXN001712,CUST0390,PROD0017,2024-12-01,3,10.0,Credit Card,Shipped,289.25,2024,2024-12
TXN001713,CUST0324,PROD0007,2024-07-21,1,10.0,Credit Card,Cancelled,205.17,2024,2024-07
TXN001714,CUST0083,PROD0051,2024-11-26,5,40.0,Paypal,Delivered,336.84,2024,2024-11
TXN001715,CUST0097,PROD0081,2024-01-01,4,15.0,Paypal,Returned,212.02,2024,2024-01
TXN001716,CUST0280,PROD0057,2024-01-01,3,50.0,Credit Card,Delivered,687.18,2024,2024-01
TXN001717,CUST0457,PROD0024,2024-01-01,3,50.0,Paypal,Shipped,151.86,2024,2024-01
TXN001718,CUST0343,PROD0044,2025-06-15,1,25.0,Upi,Delivered,77.59,2025,2025-06
TXN001719,CUST0494,PROD0070,2024-05-09,2,40.0,Debit Card,Shipped,86.83,2024,2024-05
TXN001720,CUST0282,PROD0092,2024-10-29,3,20.0,Paypal,Shipped,540.36,2024,2024-10
TXN001721,CUST0284,PROD0011,2025-05-31,4,50.0,Upi,Processing,161.52,2025,2025-05
TXN001722,CUST0431,PROD0088,2024-01-01,2,25.0,Cash,Processing,541.78,2024,2024-01
TXN001723,CUST0289,PROD0068,2025-06-21,5,25.0,Cash,Cancelled,197.77,2025,2025-06
TXN001724,CUST0356,PROD0068,2024-06-19,2,5.0,Paypal,Cancelled,100.21,2024,2024-06
TXN001725,CUST0432,PROD0097,2024-06-04,5,30.0,Upi,Returned,128.34,2024,2024-06
TXN001726,CUST0026,PROD0052,2024-10-30,5,30.0,Paypal,Pending,59.54,2024,2024-10
TXN001727,CUST0165,PROD0018,2024-01-01,1,20.0,Cash,Returned,94.7,2024,2024-01
TXN001728,CUST0107,PROD0094,2025-09-19,1,0.0,Upi,Processing,103.06,2025,2025-09
TXN001729,CUST0074,PROD0062,2024-01-01,4,10.0,Upi,Shipped,90.65,2024,2024-01
TXN001730,CUST0303,PROD0025,2024-09-11,1,25.0,Bank Transfer,Processing,592.1,2024,2024-09
TXN001731,CUST0458,PROD0052,2024-05-06,6,60.0,Paypal,Cancelled,40.82,2024,2024-05
TXN001732,CUST0228,PROD0019,2025-11-19,3,0.0,Debit Card,Returned,93.39,2025,2025-11
TXN001733,CUST0269,PROD0014,2025-10-05,4,15.0,Paypal,Returned,59.4,2025,2025-10
TXN001734,CUST0421,PROD0016,2024-01-01,5,40.0,Paypal,Shipped,119.31,2024,2024-01
TXN001735,CUST0451,PROD0097,2024-12-15,1,30.0,Bank Transfer,Shipped,25.67,2024,2024-12
TXN001736,CUST0321,PROD0060,2024-01-01,2,40.0,Bank Transfer,Cancelled,299.89,2024,2024-01
TXN001737,CUST0268,PROD0014,2024-03-31,5,60.0,Credit Card,Cancelled,34.94,2024,2024-03
TXN001738,CUST0446,PROD0086,2024-01-01,4,30.0,Credit Card,Shipped,2941.32,2024,2024-01
TXN001739,CUST0443,PROD0099,2024-10-13,6,20.0,Bank Transfer,Delivered,185.76,2024,2024-10
TXN001740,CUST0215,PROD0086,2024-09-14,1,0.0,Debit Card,Pending,1050.47,2024,2024-09
TXN001741,CUST0125,PROD0075,2025-05-21,5,30.0,Bank Transfer,Shipped,142.27,2025,2025-05
TXN001742,CUST0400,PROD0091,2025-05-14,5,60.0,Upi,Shipped,1279.68,2025,2025-05
TXN001743,CUST0022,PROD0078,2024-01-01,6,5.0,Debit Card,Shipped,386.35,2024,2024-01
TXN001744,CUST0495,PROD0098,2024-09-01,5,60.0,Upi,Shipped,503.6,2024,2024-09
TXN001745,CUST0368,PROD0096,2024-02-10,6,40.0,Paypal,Delivered,68.72,2024,2024-02
TXN001746,CUST0482,PROD0052,2025-10-05,4,25.0,Upi,Processing,51.03,2025,2025-10
TXN001747,CUST0013,PROD0081,2024-12-02,3,30.0,Credit Card,Pending,130.96,2024,2024-12
TXN001748,CUST0435,PROD0033,2025-01-02,3,25.0,Upi,Returned,283.21,2025,2025-01
TXN001749,CUST0229,PROD0007,2024-01-01,6,20.0,Paypal,Cancelled,1094.26,2024,2024-01
TXN001750,CUST0286,PROD0099,2024-01-01,3,30.0,Credit Card,Processing,81.27,2024,2024-01
TXN001751,CUST0433,PROD0064,2024-01-01,3,60.0,Cash,Cancelled,64.75,2024,2024-01
TXN001752,CUST0163,PROD0040,2024-04-13,1,30.0,Credit Card,Pending,38.6,2024,2024-04
TXN001753,CUST0328,PROD0024,2025-01-26,3,40.0,Credit Card,Delivered,182.23,2025,2025-01
TXN001754,CUST0413,PROD0057,2025-01-05,2,25.0,Credit Card,Shipped,687.18,2025,2025-01
TXN001755,CUST0098,PROD0075,2024-11-13,6,50.0,Bank Transfer,Processing,121.95,2024,2024-11
TXN001756,CUST0204,PROD0080,2025-12-13,2,5.0,Debit Card,Shipped,355.36,2025,2025-12
TXN001757,CUST0437,PROD0034,2024-01-01,3,50.0,Credit Card,Shipped,224.34,2024,2024-01
TXN001758,CUST0069,PROD0050,2024-04-16,3,60.0,Debit Card,Delivered,28.24,2024,2024-04
TXN001759,CUST0116,PROD0057,2024-02-11,5,10.0,Bank Transfer,Delivered,2061.54,2024,2024-02
TXN001760,CUST0254,PROD0029,2024-01-01,2,15.0,Paypal,Cancelled,247.6,2024,2024-01
TXN001761,CUST0075,PROD0002,2024-10-30,1,60.0,Paypal,Pending,29.34,2024,2024-10
TXN001762,CUST0213,PROD0072,2025-07-18,2,30.0,Paypal,Shipped,268.34,2025,2025-07
TXN001763,CUST0322,PROD0074,2025-01-31,3,25.0,Bank Transfer,Shipped,728.86,2025,2025-01
TXN001764,CUST0190,PROD0047,2024-01-01,5,25.0,Debit Card,Processing,188.7,2024,2024-01
TXN001765,CUST0165,PROD0090,2024-09-09,5,10.0,Debit Card,Pending,663.08,2024,2024-09
TXN001766,CUST0275,PROD0041,2024-04-17,2,25.0,Cash,Cancelled,153.23,2024,2024-04
TXN001767,CUST0295,PROD0007,2025-04-16,4,40.0,Upi,Shipped,547.13,2025,2025-04
TXN001768,CUST0489,PROD0022,2024-01-01,4,50.0,Credit Card,Delivered,359.46,2024,2024-01
TXN001769,CUST0245,PROD0091,2024-05-31,6,25.0,Debit Card,Returned,2879.28,2024,2024-05
TXN001770,CUST0292,PROD0033,2024-01-29,5,40.0,Upi,Processing,377.61,2024,2024-01
TXN001771,CUST0203,PROD0028,2024-01-01,3,50.0,Bank Transfer,Delivered,1342.66,2024,2024-01
TXN001772,CUST0120,PROD0073,2025-06-04,2,50.0,Credit Card,Delivered,109.69,2025,2025-06
TXN001773,CUST0498,PROD0079,2024-02-24,3,60.0,Debit Card,Shipped,996.59,2024,2024-02
TXN001774,CUST0315,PROD0009,2025-06-26,6,10.0,Upi,Cancelled,1022.06,2025,2025-06
TXN001775,CUST0308,PROD0100,2024-07-02,1,40.0,Debit Card,Delivered,66.73,2024,2024-07
TXN001776,CUST0046,PROD0013,2025-02-17,6,30.0,Upi,Shipped,364.39,2025,2025-02
TXN001777,CUST0357,PROD0061,2024-05-21,2,5.0,Bank Transfer,Delivered,353.72,2024,2024-05
TXN001778,CUST0091,PROD0091,2024-01-01,4,5.0,Paypal,Unknown,2431.39,2024,2024-01
TXN001779,CUST0206,PROD0026,2024-08-20,6,5.0,Credit Card,Pending,404.02,2024,2024-08
TXN001780,CUST0385,PROD0013,2025-06-20,1,60.0,Credit Card,Delivered,34.7,2025,2025-06
TXN001781,CUST0350,PROD0048,2024-04-07,1,50.0,Credit Card,Delivered,145.6,2024,2024-04
TXN001782,CUST0168,PROD0050,2024-01-01,5,60.0,Credit Card,Shipped,47.06,2024,2024-01
TXN001783,CUST0490,PROD0023,2024-07-12,5,40.0,Paypal,Cancelled,1587.06,2024,2024-07
TXN001784,CUST0500,PROD0045,2024-04-09,2,60.0,Credit Card,Processing,140.58,2024,2024-04
TXN001785,CUST0457,PROD0057,2024-01-01,5,10.0,Paypal,Delivered,2061.54,2024,2024-01
TXN001786,CUST0319,PROD0005,2025-07-04,3,20.0,Debit Card,Delivered,149.69,2025,2025-07
TXN001787,CUST0350,PROD0024,2025-08-27,2,5.0,Paypal,Cancelled,192.36,2025,2025-08
TXN001788,CUST0309,PROD0020,2025-09-19,3,50.0,Upi,Pending,136.11,2025,2025-09
TXN001789,CUST0484,PROD0015,2025-11-15,1,25.0,Upi,Delivered,50.08,2025,2025-11
TXN001790,CUST0073,PROD0031,2025-05-17,4,0.0,Credit Card,Delivered,186.96,2025,2025-05
TXN001791,CUST0470,PROD0062,2025-11-06,5,5.0,Cash,Shipped,119.6,2025,2025-11
TXN001792,CUST0340,PROD0084,2024-01-01,5,60.0,Cash,Shipped,338.56,2024,2024-01
TXN001793,CUST0388,PROD0070,2024-01-01,3,25.0,Paypal,Pending,162.81,2024,2024-01
TXN001794,CUST0391,PROD0026,2024-10-26,4,30.0,Upi,Shipped,198.46,2024,2024-10
TXN001795,CUST0043,PROD0063,2024-01-25,1,25.0,Cash,Pending,331.36,2024,2024-01
TXN001796,CUST0313,PROD0050,2024-11-09,3,0.0,Cash,Delivered,70.59,2024,2024-11
TXN001797,CUST0097,PROD0012,2024-11-10,6,60.0,Cash,Processing,183.82,2024,2024-11
TXN001798,CUST0329,PROD0041,2024-02-19,1,0.0,Bank Transfer,Shipped,102.15,2024,2024-02
TXN001799,CUST0494,PROD0069,2024-01-01,4,50.0,Cash,Processing,111.58,2024,2024-01
TXN001800,CUST0261,PROD0048,2025-11-28,1,15.0,Debit Card,Pending,247.52,2025,2025-11
TXN001801,CUST0487,PROD0024,2024-08-14,3,5.0,Upi,Pending,288.53,2024,2024-08
TXN001802,CUST0106,PROD0074,2024-01-01,1,0.0,Upi,Cancelled,323.94,2024,2024-01
TXN001803,CUST0461,PROD0089,2024-04-29,1,15.0,Credit Card,Processing,14.09,2024,2024-04
TXN001804,CUST0200,PROD0030,2024-01-01,1,10.0,Paypal,Cancelled,54.69,2024,2024-01
TXN001805,CUST0319,PROD0086,2024-09-21,6,60.0,Bank Transfer,Cancelled,2521.13,2024,2024-09
TXN001806,CUST0482,PROD0084,2024-01-01,6,0.0,Upi,Shipped,1015.68,2024,2024-01
TXN001807,CUST0194,PROD0036,2024-07-13,3,60.0,Credit Card,Shipped,253.39,2024,2024-07
TXN001808,CUST0022,PROD0090,2025-04-04,6,15.0,Unknown,Shipped,751.48,2025,2025-04
TXN001809,CUST0060,PROD0021,2025-05-15,2,50.0,Credit Card,Processing,64.39,2025,2025-05
TXN001810,CUST0484,PROD0095,2024-09-19,6,30.0,Bank Transfer,Returned,673.85,2024,2024-09
TXN001811,CUST0146,PROD0073,2024-09-24,1,30.0,Upi,Shipped,76.78,2024,2024-09
TXN001812,CUST0285,PROD0064,2024-07-24,5,0.0,Paypal,Pending,269.8,2024,2024-07
TXN001813,CUST0056,PROD0015,2024-01-01,4,10.0,Debit Card,Shipped,240.37,2024,2024-01
TXN001814,CUST0124,PROD0056,2025-09-22,4,10.0,Paypal,Delivered,1685.45,2025,2025-09
TXN001815,CUST0340,PROD0065,2024-01-01,6,25.0,Credit Card,Delivered,139.41,2024,2024-01
TXN001816,CUST0486,PROD0020,2024-12-15,2,25.0,Paypal,Cancelled,136.11,2024,2024-12
TXN001817,CUST0462,PROD0083,2024-02-27,4,10.0,Bank Transfer,Shipped,367.74,2024,2024-02
TXN001818,CUST0116,PROD0024,2025-10-04,3,40.0,Credit Card,Pending,182.23,2025,2025-10
TXN001819,CUST0036,PROD0032,2024-01-01,3,50.0,Paypal,Processing,180.09,2024,2024-01
TXN001820,CUST0281,PROD0041,2024-01-01,6,5.0,Upi,Delivered,582.26,2024,2024-01
TXN001821,CUST0087,PROD0093,2024-11-25,1,10.0,Debit Card,Cancelled,287.29,2024,2024-11
TXN001822,CUST0004,PROD0049,2024-01-04,1,30.0,Debit Card,Cancelled,90.85,2024,2024-01
TXN001823,CUST0391,PROD0081,2024-02-06,5,5.0,Credit Card,Pending,296.21,2024,2024-02
TXN001824,CUST0480,PROD0074,2025-10-22,3,60.0,Upi,Pending,388.73,2025,2025-10
TXN001825,CUST0467,PROD0096,2024-08-31,4,60.0,Bank Transfer,Delivered,30.54,2024,2024-08
TXN001826,CUST0326,PROD0059,2024-01-01,4,50.0,Credit Card,Cancelled,108.44,2024,2024-01
TXN001827,CUST0074,PROD0037,2024-01-01,2,30.0,Bank Transfer,Processing,43.19,2024,2024-01
TXN001828,CUST0189,PROD0095,2024-01-22,3,10.0,Credit Card,Pending,433.19,2024,2024-01
TXN001829,CUST0211,PROD0091,2025-07-08,4,10.0,Credit Card,Cancelled,2303.42,2025,2025-07
TXN001830,CUST0483,PROD0052,2025-03-07,4,40.0,Paypal,Shipped,40.82,2025,2025-03
TXN001831,CUST0238,PROD0047,2024-12-11,6,30.0,Paypal,Cancelled,211.34,2024,2024-12
TXN001832,CUST0126,PROD0028,2025-12-30,5,15.0,Credit Card,Pending,3804.22,2025,2025-12
TXN001833,CUST0281,PROD0098,2025-02-22,6,20.0,Upi,Shipped,1208.64,2025,2025-02
TXN001834,CUST0073,PROD0061,2024-01-01,6,40.0,Bank Transfer,Shipped,670.21,2024,2024-01
TXN001835,CUST0027,PROD0026,2024-08-10,5,10.0,Upi,Shipped,318.96,2024,2024-08
TXN001836,CUST0093,PROD0057,2024-01-01,2,30.0,Paypal,Returned,641.37,2024,2024-01
TXN001837,CUST0382,PROD0088,2024-01-01,6,30.0,Upi,Processing,1517.0,2024,2024-01
TXN001838,CUST0211,PROD0041,2025-04-24,6,10.0,Paypal,Delivered,551.61,2025,2025-04
TXN001839,CUST0391,PROD0079,2025-06-27,6,0.0,Debit Card,Shipped,4982.94,2025,2025-06
TXN001840,CUST0044,PROD0003,2024-01-09,3,5.0,Credit Card,Delivered,102.91,2024,2024-01
TXN001841,CUST0104,PROD0096,2024-01-01,3,5.0,Credit Card,Delivered,54.41,2024,2024-01
TXN001842,CUST0299,PROD0058,2025-05-01,6,10.0,Bank Transfer,Returned,170.86,2025,2025-05
TXN001843,CUST0052,PROD0072,2024-06-12,2,25.0,Debit Card,Shipped,287.5,2024,2024-06
TXN001844,CUST0082,PROD0072,2025-07-19,4,20.0,Upi,Shipped,613.34,2025,2025-07
TXN001845,CUST0340,PROD0019,2025-03-31,1,10.0,Upi,Pending,28.02,2025,2025-03
TXN001846,CUST0195,PROD0062,2024-06-23,5,25.0,Paypal,Processing,94.43,2024,2024-06
TXN001847,CUST0230,PROD0003,2025-05-18,5,25.0,Credit Card,Shipped,135.41,2025,2025-05
TXN001848,CUST0454,PROD0048,2024-01-01,2,60.0,Bank Transfer,Shipped,232.96,2024,2024-01
TXN001849,CUST0470,PROD0020,2024-04-23,2,25.0,Bank Transfer,Shipped,136.11,2024,2024-04
TXN001850,CUST0182,PROD0078,2025-05-21,5,60.0,Upi,Processing,135.56,2025,2025-05
TXN001851,CUST0187,PROD0033,2024-07-15,3,50.0,Credit Card,Pending,188.8,2024,2024-07
TXN001852,CUST0164,PROD0022,2024-02-23,2,20.0,Bank Transfer,Pending,287.57,2024,2024-02
TXN001853,CUST0222,PROD0044,2024-01-01,6,40.0,Debit Card,Delivered,372.42,2024,2024-01
TXN001854,CUST0283,PROD0005,2024-05-13,1,60.0,Credit Card,Returned,24.95,2024,2024-05
TXN001855,CUST0195,PROD0026,2024-01-01,4,0.0,Bank Transfer,Shipped,283.52,2024,2024-01
TXN001856,CUST0172,PROD0047,2025-06-08,4,25.0,Paypal,Delivered,150.96,2025,2025-06
TXN001857,CUST0369,PROD0034,2025-07-19,4,20.0,Bank Transfer,Shipped,478.59,2025,2025-07
TXN001858,CUST0468,PROD0058,2025-11-18,6,25.0,Cash,Shipped,142.38,2025,2025-11
TXN001859,CUST0012,PROD0017,2024-01-01,1,10.0,Credit Card,Shipped,96.42,2024,2024-01
TXN001860,CUST0079,PROD0074,2024-08-30,1,0.0,Credit Card,Delivered,323.94,2024,2024-08
TXN001861,CUST0446,PROD0080,2024-03-13,5,40.0,Credit Card,Shipped,561.09,2024,2024-03
TXN001862,CUST0314,PROD0016,2024-01-01,2,15.0,Debit Card,Processing,67.61,2024,2024-01
TXN001863,CUST0047,PROD0092,2024-04-03,4,15.0,Upi,Delivered,765.51,2024,2024-04
TXN001864,CUST0368,PROD0011,2025-01-31,6,50.0,Upi,Pending,242.28,2025,2025-01
TXN001865,CUST0419,PROD0026,2025-12-26,5,10.0,Paypal,Returned,318.96,2025,2025-12
TXN001866,CUST0375,PROD0087,2025-08-29,4,10.0,Cash,Delivered,265.03,2025,2025-08
TXN001867,CUST0041,PROD0023,2024-07-21,2,50.0,Upi,Shipped,529.02,2024,2024-07
TXN001868,CUST0360,PROD0098,2024-03-18,2,25.0,Upi,Processing,377.7,2024,2024-03
TXN001869,CUST0203,PROD0082,2024-01-01,5,30.0,Cash,Returned,357.52,2024,2024-01
TXN001870,CUST0129,PROD0045,2024-01-01,1,20.0,Bank Transfer,Processing,140.58,2024,2024-01
TXN001871,CUST0034,PROD0008,2024-03-05,3,0.0,Upi,Shipped,293.73,2024,2024-03
TXN001872,CUST0346,PROD0098,2025-04-01,6,5.0,Credit Card,Delivered,1435.26,2025,2025-04
TXN001873,CUST0358,PROD0088,2025-09-12,1,60.0,Bank Transfer,Delivered,144.48,2025,2025-09
TXN001874,CUST0231,PROD0046,2025-05-06,4,20.0,Paypal,Delivered,590.14,2025,2025-05
TXN001875,CUST0280,PROD0096,2024-07-13,5,10.0,Credit Card,Delivered,85.9,2024,2024-07
TXN001876,CUST0210,PROD0060,2024-01-01,4,40.0,Paypal,Pending,599.78,2024,2024-01
TXN001877,CUST0079,PROD0019,2025-01-29,1,10.0,Credit Card,Shipped,28.02,2025,2025-01
TXN001878,CUST0446,PROD0081,2024-06-01,3,0.0,Upi,Processing,187.08,2024,2024-06
TXN001879,CUST0078,PROD0076,2024-07-07,1,0.0,Upi,Pending,29.3,2024,2024-07
TXN001880,CUST0077,PROD0035,2024-12-11,1,40.0,Upi,Processing,187.04,2024,2024-12
TXN001881,CUST0156,PROD0071,2024-01-01,2,40.0,Paypal,Shipped,993.71,2024,2024-01
TXN001882,CUST0223,PROD0021,2025-05-14,1,25.0,Debit Card,Shipped,48.29,2025,2025-05
TXN001883,CUST0488,PROD0042,2024-01-01,5,20.0,Paypal,Cancelled,208.24,2024,2024-01
TXN001884,CUST0266,PROD0064,2024-08-09,4,0.0,Bank Transfer,Processing,215.84,2024,2024-08
TXN001885,CUST0174,PROD0081,2024-11-14,5,30.0,Debit Card,Processing,218.26,2024,2024-11
TXN001886,CUST0272,PROD0037,2024-12-15,3,10.0,Credit Card,Pending,83.3,2024,2024-12
TXN001887,CUST0033,PROD0003,2024-01-01,4,15.0,Upi,Delivered,122.77,2024,2024-01
TXN001888,CUST0353,PROD0030,2024-11-16,4,20.0,Cash,Delivered,194.46,2024,2024-11
TXN001889,CUST0296,PROD0043,2025-12-16,2,25.0,Upi,Cancelled,239.92,2025,2025-12
TXN001890,CUST0417,PROD0032,2024-01-01,4,0.0,Credit Card,Shipped,480.24,2024,2024-01
TXN001891,CUST0197,PROD0097,2024-05-31,3,5.0,Cash,Pending,104.51,2024,2024-05
TXN001892,CUST0237,PROD0078,2024-01-01,4,30.0,Upi,Returned,189.78,2024,2024-01
TXN001893,CUST0365,PROD0019,2025-01-07,4,15.0,Upi,Delivered,105.84,2025,2025-01
TXN001894,CUST0168,PROD0046,2025-09-27,5,10.0,Bank Transfer,Delivered,829.89,2025,2025-09
TXN001895,CUST0249,PROD0041,2025-09-11,2,15.0,Debit Card,Returned,173.66,2025,2025-09
TXN001896,CUST0377,PROD0025,2025-06-20,3,15.0,Upi,Shipped,2013.15,2025,2025-06
TXN001897,CUST0359,PROD0002,2024-01-01,2,10.0,Bank Transfer,Delivered,132.01,2024,2024-01
TXN001898,CUST0015,PROD0084,2025-10-21,1,25.0,Paypal,Processing,126.96,2025,2025-10
TXN001899,CUST0229,PROD0081,2025-01-26,3,60.0,Paypal,Delivered,74.83,2025,2025-01
TXN001900,CUST0056,PROD0036,2025-04-11,2,60.0,Paypal,Returned,168.93,2025,2025-04
TXN001901,CUST0084,PROD0076,2024-05-11,1,5.0,Credit Card,Delivered,27.84,2024,2024-05
TXN001902,CUST0283,PROD0062,2025-01-12,3,30.0,Cash,Delivered,52.88,2025,2025-01
TXN001903,CUST0322,PROD0056,2024-01-01,4,25.0,Credit Card,Delivered,1404.54,2024,2024-01
TXN001904,CUST0330,PROD0037,2024-01-01,5,0.0,Cash,Delivered,154.25,2024,2024-01
TXN001905,CUST0371,PROD0092,2025-12-31,4,5.0,Debit Card,Unknown,855.57,2025,2025-12
TXN001906,CUST0078,PROD0014,2025-06-19,6,15.0,Debit Card,Delivered,89.1,2025,2025-06
TXN001907,CUST0498,PROD0046,2024-12-12,4,25.0,Debit Card,Pending,553.26,2024,2024-12
TXN001908,CUST0206,PROD0070,2024-03-04,4,30.0,Paypal,Shipped,202.61,2024,2024-03
TXN001909,CUST0417,PROD0027,2025-04-04,1,20.0,Upi,Cancelled,72.41,2025,2025-04
TXN001910,CUST0029,PROD0083,2025-11-30,1,0.0,Upi,Pending,102.15,2025,2025-11
TXN001911,CUST0022,PROD0006,2024-01-01,2,10.0,Cash,Delivered,434.32,2024,2024-01
TXN001912,CUST0166,PROD0050,2025-10-11,4,0.0,Cash,Returned,94.12,2025,2025-10
TXN001913,CUST0253,PROD0004,2025-11-16,6,30.0,Cash,Shipped,206.22,2025,2025-11
TXN001914,CUST0021,PROD0026,2024-01-01,2,15.0,Paypal,Delivered,120.5,2024,2024-01
TXN001915,CUST0179,PROD0090,2024-03-23,3,50.0,Paypal,Shipped,221.02,2024,2024-03
TXN001916,CUST0109,PROD0020,2025-07-03,6,60.0,Bank Transfer,Returned,217.78,2025,2025-07
TXN001917,CUST0285,PROD0048,2025-06-07,2,15.0,Bank Transfer,Delivered,495.04,2025,2025-06
TXN001918,CUST0101,PROD0042,2024-01-01,1,20.0,Paypal,Delivered,41.65,2024,2024-01
TXN001919,CUST0229,PROD0078,2025-10-29,3,30.0,Upi,Processing,142.34,2025,2025-10
TXN001920,CUST0058,PROD0006,2025-01-31,6,15.0,Upi,Returned,1230.58,2025,2025-01
TXN001921,CUST0427,PROD0089,2024-01-01,5,20.0,Unknown,Pending,66.32,2024,2024-01
TXN001922,CUST0028,PROD0083,2025-10-03,5,20.0,Upi,Delivered,408.6,2025,2025-10
TXN001923,CUST0159,PROD0002,2024-08-09,3,15.0,Paypal,Shipped,187.02,2024,2024-08
TXN001924,CUST0369,PROD0042,2025-04-13,5,10.0,Paypal,Pending,234.27,2025,2025-04
TXN001925,CUST0288,PROD0077,2024-01-01,2,5.0,Debit Card,Delivered,64.79,2024,2024-01
TXN001926,CUST0437,PROD0004,2025-09-26,1,20.0,Credit Card,Returned,39.28,2025,2025-09
TXN001927,CUST0228,PROD0049,2025-08-04,1,0.0,Credit Card,Cancelled,129.78,2025,2025-08
TXN001928,CUST0331,PROD0025,2025-03-09,3,5.0,Bank Transfer,Shipped,2249.99,2025,2025-03
TXN001929,CUST0335,PROD0003,2024-10-31,1,20.0,Paypal,Returned,28.89,2024,2024-10
TXN001930,CUST0234,PROD0027,2024-05-03,6,0.0,Paypal,Processing,543.06,2024,2024-05
TXN001931,CUST0008,PROD0015,2024-03-29,2,40.0,Cash,Returned,80.12,2024,2024-03
TXN001932,CUST0139,PROD0003,2024-01-01,4,5.0,Paypal,Cancelled,137.22,2024,2024-01
TXN001933,CUST0034,PROD0051,2025-11-25,1,0.0,Paypal,Shipped,112.28,2025,2025-11
TXN001934,CUST0426,PROD0060,2025-02-26,1,60.0,Credit Card,Shipped,99.96,2025,2025-02
TXN001935,CUST0492,PROD0099,2024-10-14,3,40.0,Upi,Returned,69.66,2024,2024-10
TXN001936,CUST0013,PROD0086,2024-01-01,2,40.0,Credit Card,Delivered,1260.56,2024,2024-01
TXN001937,CUST0448,PROD0073,2025-03-21,3,40.0,Upi,Delivered,197.44,2025,2025-03
TXN001938,CUST0147,PROD0047,2024-01-01,3,40.0,Paypal,Processing,90.58,2024,2024-01
TXN001939,CUST0192,PROD0085,2024-01-01,5,50.0,Paypal,Delivered,72.78,2024,2024-01
TXN001940,CUST0377,PROD0082,2024-12-21,2,25.0,Upi,Delivered,153.23,2024,2024-12
TXN001941,CUST0178,PROD0099,2024-10-26,6,40.0,Cash,Shipped,139.32,2024,2024-10
TXN001942,CUST0185,PROD0056,2024-03-29,3,10.0,Credit Card,Delivered,1264.09,2024,2024-03
TXN001943,CUST0331,PROD0060,2025-04-06,6,10.0,Credit Card,Delivered,1349.51,2025,2025-04
TXN001944,CUST0260,PROD0081,2024-05-28,3,50.0,Paypal,Processing,93.54,2024,2024-05
TXN001945,CUST0418,PROD0027,2025-12-10,1,30.0,Debit Card,Delivered,63.36,2025,2025-12
TXN001946,CUST0267,PROD0014,2024-01-01,3,50.0,Paypal,Cancelled,26.2,2024,2024-01
TXN001947,CUST0351,PROD0091,2024-01-01,1,25.0,Credit Card,Shipped,479.88,2024,2024-01
TXN001948,CUST0268,PROD0085,2025-02-06,5,25.0,Upi,Shipped,109.16,2025,2025-02
TXN001949,CUST0116,PROD0082,2025-10-21,2,15.0,Credit Card,Shipped,173.66,2025,2025-10
TXN001950,CUST0469,PROD0010,2025-12-12,2,30.0,Bank Transfer,Cancelled,147.22,2025,2025-12
TXN001951,CUST0278,PROD0082,2024-04-08,1,0.0,Credit Card,Returned,102.15,2024,2024-04
TXN001952,CUST0096,PROD0100,2025-11-27,1,20.0,Paypal,Shipped,88.97,2025,2025-11
TXN001953,CUST0217,PROD0046,2024-01-01,1,60.0,Bank Transfer,Delivered,73.77,2024,2024-01
TXN001954,CUST0199,PROD0048,2024-08-01,4,60.0,Paypal,Delivered,465.92,2024,2024-08
TXN001955,CUST0348,PROD0063,2024-01-01,3,25.0,Credit Card,Returned,994.1,2024,2024-01
TXN001956,CUST0359,PROD0061,2025-01-27,1,30.0,Credit Card,Pending,130.32,2025,2025-01
TXN001957,CUST0014,PROD0049,2024-02-09,1,40.0,Bank Transfer,Shipped,77.87,2024,2024-02
TXN001958,CUST0043,PROD0032,2024-01-01,4,30.0,Credit Card,Cancelled,336.17,2024,2024-01
TXN001959,CUST0310,PROD0061,2024-02-05,3,50.0,Paypal,Cancelled,279.26,2024,2024-02
TXN001960,CUST0315,PROD0053,2024-01-01,6,10.0,Credit Card,Pending,238.63,2024,2024-01
TXN001961,CUST0036,PROD0065,2024-07-04,3,60.0,Upi,Delivered,37.18,2024,2024-07
TXN001962,CUST0130,PROD0075,2024-04-30,5,40.0,Paypal,Pending,121.95,2024,2024-04
TXN001963,CUST0151,PROD0021,2024-02-10,5,25.0,Upi,Shipped,241.46,2024,2024-02
TXN001964,CUST0352,PROD0020,2024-03-19,4,40.0,Upi,Delivered,217.78,2024,2024-03
TXN001965,CUST0199,PROD0100,2025-10-31,4,0.0,Bank Transfer,Processing,444.84,2025,2025-10
TXN001966,CUST0115,PROD0044,2025-11-30,4,15.0,Paypal,Shipped,351.73,2025,2025-11
TXN001967,CUST0052,PROD0022,2024-01-01,6,60.0,Credit Card,Pending,431.35,2024,2024-01
TXN001968,CUST0255,PROD0047,2025-12-16,1,50.0,Credit Card,Shipped,25.16,2025,2025-12
TXN001969,CUST0215,PROD0061,2024-01-01,4,50.0,Upi,Shipped,372.34,2024,2024-01
TXN001970,CUST0034,PROD0012,2024-09-26,3,40.0,Upi,Cancelled,137.86,2024,2024-09
TXN001971,CUST0465,PROD0018,2024-05-03,2,5.0,Paypal,Cancelled,224.92,2024,2024-05
TXN001972,CUST0229,PROD0085,2024-01-01,5,20.0,Paypal,Shipped,116.44,2024,2024-01
TXN001973,CUST0498,PROD0085,2024-07-08,4,5.0,Cash,Delivered,110.62,2024,2024-07
TXN001974,CUST0119,PROD0026,2024-01-01,2,30.0,Credit Card,Delivered,99.23,2024,2024-01
TXN001975,CUST0031,PROD0066,2024-01-13,5,20.0,Cash,Delivered,368.6,2024,2024-01
TXN001976,CUST0156,PROD0018,2024-11-23,4,15.0,Upi,Pending,402.49,2024,2024-11
TXN001977,CUST0245,PROD0062,2024-08-07,2,30.0,Cash,Shipped,35.25,2024,2024-08
TXN001978,CUST0075,PROD0086,2024-05-10,2,5.0,Paypal,Shipped,1995.89,2024,2024-05
TXN001979,CUST0290,PROD0022,2024-09-09,4,25.0,Upi,Returned,539.19,2024,2024-09
TXN001980,CUST0209,PROD0008,2024-01-01,3,30.0,Credit Card,Cancelled,205.61,2024,2024-01
TXN001981,CUST0344,PROD0093,2024-01-01,4,60.0,Upi,Processing,510.74,2024,2024-01
TXN001982,CUST0246,PROD0079,2025-06-05,6,10.0,Upi,Returned,4484.65,2025,2025-06
TXN001983,CUST0255,PROD0099,2024-03-17,5,0.0,Upi,Shipped,193.5,2024,2024-03
TXN001984,CUST0288,PROD0011,2025-12-22,6,0.0,Credit Card,Returned,484.56,2025,2025-12
TXN001985,CUST0202,PROD0036,2025-04-20,3,20.0,Cash,Delivered,506.78,2025,2025-04
TXN001986,CUST0471,PROD0040,2025-04-26,4,30.0,Cash,Processing,154.39,2025,2025-04
TXN001987,CUST0241,PROD0044,2024-04-03,4,25.0,Cash,Shipped,310.35,2024,2024-04
TXN001988,CUST0129,PROD0081,2024-01-01,3,60.0,Cash,Cancelled,74.83,2024,2024-01
TXN001989,CUST0161,PROD0042,2024-01-01,2,25.0,Bank Transfer,Cancelled,78.09,2024,2024-01
TXN001990,CUST0423,PROD0043,2025-06-14,4,20.0,Bank Transfer,Shipped,511.84,2025,2025-06
TXN001991,CUST0343,PROD0085,2024-01-01,2,20.0,Upi,Delivered,46.58,2024,2024-01
TXN001992,CUST0365,PROD0070,2025-07-20,2,40.0,Cash,Processing,86.83,2025,2025-07
TXN001993,CUST0061,PROD0093,2024-10-25,2,15.0,Credit Card,Processing,542.66,2024,2024-10
TXN001994,CUST0455,PROD0083,2025-05-23,2,30.0,Paypal,Returned,143.01,2025,2025-05
TXN001995,CUST0478,PROD0073,2024-01-01,3,10.0,Bank Transfer,Shipped,296.16,2024,2024-01
TXN001996,CUST0130,PROD0016,2025-01-20,4,0.0,Debit Card,Cancelled,159.08,2025,2025-01
TXN001997,CUST0416,PROD0033,2025-05-21,5,60.0,Bank Transfer,Shipped,251.74,2025,2025-05
TXN001998,CUST0102,PROD0035,2024-02-22,6,40.0,Debit Card,Pending,1122.23,2024,2024-02
TXN001999,CUST0224,PROD0050,2024-11-16,2,10.0,Debit Card,Delivered,42.35,2024,2024-11
TXN002000,CUST0390,PROD0007,2024-02-12,3,5.0,Cash,Returned,649.71,2024,2024-02
TXN002001,CUST0066,PROD0013,2025-12-04,2,0.0,Credit Card,Delivered,173.52,2025,2025-12
TXN002002,CUST0058,PROD0044,2024-01-01,3,20.0,Upi,Cancelled,248.28,2024,2024-01
TXN002003,CUST0119,PROD0029,2025-09-25,5,20.0,Cash,Delivered,582.6,2025,2025-09
TXN002004,CUST0431,PROD0031,2024-06-04,5,60.0,Credit Card,Cancelled,93.48,2024,2024-06
TXN002005,CUST0088,PROD0050,2024-07-27,5,0.0,Paypal,Shipped,117.65,2024,2024-07
TXN002006,CUST0293,PROD0095,2024-01-01,4,5.0,Debit Card,Cancelled,609.67,2024,2024-01
TXN002007,CUST0433,PROD0053,2024-08-14,4,60.0,Paypal,Processing,70.7,2024,2024-08
TXN002008,CUST0470,PROD0029,2024-10-13,1,15.0,Bank Transfer,Shipped,123.8,2024,2024-10
TXN002009,CUST0297,PROD0077,2024-01-01,2,15.0,Debit Card,Shipped,57.97,2024,2024-01
TXN002010,CUST0210,PROD0092,2025-03-30,2,30.0,Upi,Delivered,315.21,2025,2025-03
TXN002011,CUST0278,PROD0098,2024-10-05,6,40.0,Upi,Delivered,906.48,2024,2024-10
TXN002012,CUST0165,PROD0003,2025-05-26,5,30.0,Paypal,Cancelled,126.38,2025,2025-05
TXN002013,CUST0191,PROD0019,2024-01-01,5,30.0,Paypal,Shipped,108.96,2024,2024-01
TXN002014,CUST0107,PROD0028,2024-11-17,4,20.0,Upi,Returned,2864.35,2024,2024-11
TXN002015,CUST0461,PROD0030,2025-01-23,4,0.0,Upi,Shipped,243.08,2025,2025-01
TXN002016,CUST0232,PROD0092,2024-01-01,5,25.0,Credit Card,Shipped,844.31,2024,2024-01
TXN002017,CUST0011,PROD0063,2025-03-22,4,30.0,Debit Card,Shipped,1237.1,2025,2025-03
TXN002018,CUST0131,PROD0045,2024-08-22,3,20.0,Paypal,Processing,421.73,2024,2024-08
TXN002019,CUST0087,PROD0029,2025-08-22,5,60.0,Cash,Cancelled,291.3,2025,2025-08
TXN002020,CUST0434,PROD0005,2025-01-25,3,15.0,Debit Card,Processing,159.04,2025,2025-01
TXN002021,CUST0048,PROD0079,2025-12-13,1,20.0,Debit Card,Returned,664.39,2025,2025-12
TXN002022,CUST0232,PROD0020,2024-10-27,4,20.0,Paypal,Cancelled,290.37,2024,2024-10
TXN002023,CUST0210,PROD0040,2024-01-01,1,15.0,Debit Card,Delivered,46.87,2024,2024-01
TXN002024,CUST0294,PROD0084,2024-01-01,5,40.0,Upi,Processing,507.84,2024,2024-01
TXN002025,CUST0121,PROD0003,2024-07-19,6,5.0,Debit Card,Shipped,205.83,2024,2024-07
TXN002026,CUST0138,PROD0023,2025-06-30,4,50.0,Credit Card,Processing,1058.04,2025,2025-06
TXN002027,CUST0079,PROD0069,2024-07-10,1,25.0,Paypal,Returned,41.84,2024,2024-07
TXN002028,CUST0263,PROD0003,2025-05-27,1,30.0,Paypal,Processing,25.28,2025,2025-05
TXN002029,CUST0025,PROD0061,2024-06-08,2,60.0,Credit Card,Returned,148.94,2024,2024-06
TXN002030,CUST0237,PROD0032,2024-01-01,6,5.0,Upi,Processing,684.34,2024,2024-01
TXN002031,CUST0328,PROD0078,2024-02-13,4,10.0,Credit Card,Returned,244.01,2024,2024-02
TXN002032,CUST0236,PROD0068,2025-05-16,4,50.0,Cash,Unknown,105.48,2025,2025-05
TXN002033,CUST0456,PROD0068,2025-04-22,5,25.0,Upi,Returned,197.77,2025,2025-04
TXN002034,CUST0269,PROD0053,2024-06-19,4,10.0,Unknown,Cancelled,159.08,2024,2024-06
TXN002035,CUST0038,PROD0077,2024-01-01,1,60.0,Upi,Shipped,13.64,2024,2024-01
TXN002036,CUST0193,PROD0039,2025-01-17,3,40.0,Upi,Delivered,101.07,2025,2025-01
TXN002037,CUST0111,PROD0056,2024-01-01,4,25.0,Paypal,Returned,1404.54,2024,2024-01
TXN002038,CUST0203,PROD0032,2024-05-25,2,40.0,Bank Transfer,Pending,144.07,2024,2024-05
TXN002039,CUST0205,PROD0060,2025-12-30,3,15.0,Paypal,Processing,637.27,2025,2025-12
TXN002040,CUST0213,PROD0007,2024-01-01,6,5.0,Bank Transfer,Delivered,1299.43,2024,2024-01
TXN002041,CUST0028,PROD0045,2025-04-21,6,30.0,Debit Card,Returned,738.02,2025,2025-04
TXN002042,CUST0182,PROD0066,2025-07-18,1,40.0,Debit Card,Delivered,55.29,2025,2025-07
TXN002043,CUST0170,PROD0025,2024-11-13,2,0.0,Debit Card,Processing,1578.94,2024,2024-11
TXN002044,CUST0382,PROD0092,2024-01-01,1,0.0,Cash,Cancelled,225.15,2024,2024-01
TXN002045,CUST0323,PROD0067,2025-01-15,4,30.0,Credit Card,Pending,286.02,2025,2025-01
TXN002046,CUST0178,PROD0080,2024-01-01,3,0.0,Cash,Shipped,561.09,2024,2024-01
TXN002047,CUST0453,PROD0057,2025-05-14,5,0.0,Cash,Shipped,2290.6,2025,2025-05
TXN002048,CUST0496,PROD0020,2025-01-21,6,40.0,Bank Transfer,Processing,326.66,2025,2025-01
TXN002049,CUST0073,PROD0098,2024-07-20,5,30.0,Bank Transfer,Shipped,881.3,2024,2024-07
TXN002050,CUST0113,PROD0006,2024-02-15,1,10.0,Upi,Shipped,217.16,2024,2024-02
TXN002051,CUST0292,PROD0025,2024-01-01,4,50.0,Bank Transfer,Cancelled,1578.94,2024,2024-01
TXN002052,CUST0001,PROD0009,2024-06-16,3,40.0,Debit Card,Cancelled,340.69,2024,2024-06
TXN002053,CUST0240,PROD0022,2025-11-19,1,5.0,Paypal,Delivered,170.74,2025,2025-11
TXN002054,CUST0316,PROD0094,2025-01-16,3,60.0,Cash,Delivered,123.67,2025,2025-01
TXN002055,CUST0324,PROD0086,2024-11-30,2,60.0,Cash,Returned,840.38,2024,2024-11
TXN002056,CUST0413,PROD0077,2024-09-08,1,30.0,Paypal,Returned,23.87,2024,2024-09
TXN002057,CUST0169,PROD0066,2024-01-01,6,30.0,Credit Card,Returned,387.03,2024,2024-01
TXN002058,CUST0411,PROD0033,2024-01-01,5,15.0,Upi,Cancelled,534.95,2024,2024-01
TXN002059,CUST0238,PROD0020,2024-04-10,5,50.0,Credit Card,Shipped,226.85,2024,2024-04
TXN002060,CUST0381,PROD0052,2025-03-05,3,20.0,Debit Card,Cancelled,40.82,2025,2025-03
TXN002061,CUST0084,PROD0080,2025-05-07,1,25.0,Credit Card,Shipped,140.27,2025,2025-05
TXN002062,CUST0208,PROD0056,2024-06-06,4,0.0,Credit Card,Delivered,1872.72,2024,2024-06
TXN002063,CUST0061,PROD0040,2024-08-29,4,30.0,Upi,Shipped,154.39,2024,2024-08
TXN002064,CUST0221,PROD0031,2024-10-20,5,10.0,Credit Card,Processing,210.33,2024,2024-10
TXN002065,CUST0307,PROD0042,2024-01-01,1,5.0,Debit Card,Shipped,49.46,2024,2024-01
TXN002066,CUST0408,PROD0095,2024-01-09,5,30.0,Paypal,Shipped,561.54,2024,2024-01
TXN002067,CUST0479,PROD0090,2025-10-25,1,0.0,Paypal,Processing,147.35,2025,2025-10
TXN002068,CUST0017,PROD0018,2024-01-01,6,25.0,Debit Card,Delivered,532.71,2024,2024-01
TXN002069,CUST0085,PROD0040,2024-12-04,1,60.0,Debit Card,Delivered,22.06,2024,2024-12
TXN002070,CUST0315,PROD0001,2024-07-15,4,40.0,Debit Card,Returned,422.57,2024,2024-07
TXN002071,CUST0304,PROD0038,2025-09-22,1,60.0,Bank Transfer,Processing,28.87,2025,2025-09
TXN002072,CUST0034,PROD0060,2024-01-01,2,50.0,Debit Card,Pending,249.91,2024,2024-01
TXN002073,CUST0311,PROD0029,2025-12-06,1,30.0,Credit Card,Processing,101.96,2025,2025-12
TXN002074,CUST0356,PROD0061,2024-01-01,5,20.0,Bank Transfer,Shipped,744.68,2024,2024-01
TXN002075,CUST0215,PROD0031,2024-11-12,3,15.0,Upi,Pending,119.19,2024,2024-11
TXN002076,CUST0077,PROD0091,2024-06-07,1,25.0,Debit Card,Processing,479.88,2024,2024-06
TXN002077,CUST0056,PROD0058,2024-05-09,6,5.0,Bank Transfer,Delivered,180.35,2024,2024-05
TXN002078,CUST0353,PROD0041,2025-08-16,6,40.0,Upi,Shipped,367.74,2025,2025-08
TXN002079,CUST0330,PROD0086,2024-01-01,6,60.0,Bank Transfer,Cancelled,2521.13,2024,2024-01
TXN002080,CUST0459,PROD0061,2025-11-02,3,10.0,Upi,Cancelled,502.66,2025,2025-11
TXN002081,CUST0177,PROD0009,2024-02-20,3,30.0,Paypal,Pending,397.47,2024,2024-02
TXN002082,CUST0238,PROD0085,2025-02-11,3,40.0,Paypal,Delivered,52.4,2025,2025-02
TXN002083,CUST0382,PROD0091,2025-03-08,3,60.0,Paypal,Delivered,767.81,2025,2025-03
TXN002084,CUST0446,PROD0022,2024-09-13,1,40.0,Credit Card,Processing,107.84,2024,2024-09
TXN002085,CUST0022,PROD0018,2024-09-02,5,40.0,Bank Transfer,Cancelled,355.14,2024,2024-09
TXN002086,CUST0370,PROD0024,2024-01-01,3,25.0,Credit Card,Delivered,227.79,2024,2024-01
TXN002087,CUST0173,PROD0001,2024-04-17,5,15.0,Upi,Processing,748.3,2024,2024-04
TXN002088,CUST0171,PROD0088,2025-11-05,6,50.0,Bank Transfer,Shipped,1083.57,2025,2025-11
TXN002089,CUST0456,PROD0068,2025-08-27,5,15.0,Upi,Delivered,224.14,2025,2025-08
TXN002090,CUST0233,PROD0093,2024-01-01,3,50.0,Paypal,Delivered,478.81,2024,2024-01
TXN002091,CUST0146,PROD0043,2024-01-01,5,5.0,Paypal,Shipped,759.76,2024,2024-01
TXN002092,CUST0476,PROD0060,2025-09-15,2,25.0,Upi,Pending,374.86,2025,2025-09
TXN002093,CUST0136,PROD0039,2024-01-01,2,60.0,Bank Transfer,Shipped,44.92,2024,2024-01
TXN002094,CUST0136,PROD0001,2025-06-27,1,15.0,Paypal,Cancelled,149.66,2025,2025-06
TXN002095,CUST0204,PROD0001,2025-03-16,1,20.0,Cash,Shipped,140.86,2025,2025-03
TXN002096,CUST0009,PROD0065,2025-10-17,5,0.0,Paypal,Cancelled,154.9,2025,2025-10
TXN002097,CUST0274,PROD0085,2025-07-19,1,15.0,Upi,Delivered,24.74,2025,2025-07
TXN002098,CUST0091,PROD0070,2025-11-02,1,30.0,Debit Card,Delivered,50.65,2025,2025-11
TXN002099,CUST0332,PROD0032,2025-05-06,1,10.0,Bank Transfer,Processing,108.05,2025,2025-05
TXN002100,CUST0337,PROD0038,2024-01-01,4,10.0,Upi,Cancelled,259.85,2024,2024-01
TXN002101,CUST0374,PROD0021,2024-01-01,3,20.0,Cash,Shipped,154.54,2024,2024-01
TXN002102,CUST0040,PROD0020,2024-05-04,2,5.0,Bank Transfer,Processing,172.41,2024,2024-05
TXN002103,CUST0059,PROD0098,2025-04-07,1,50.0,Cash,Pending,125.9,2025,2025-04
TXN002104,CUST0262,PROD0016,2025-05-07,5,20.0,Debit Card,Delivered,159.08,2025,2025-05
TXN002105,CUST0404,PROD0012,2024-12-27,4,15.0,Cash,Returned,260.41,2024,2024-12
TXN002106,CUST0372,PROD0003,2025-09-27,1,10.0,Paypal,Delivered,32.5,2025,2025-09
TXN002107,CUST0083,PROD0067,2024-01-01,2,40.0,Credit Card,Delivered,122.58,2024,2024-01
TXN002108,CUST0175,PROD0050,2024-01-01,5,30.0,Upi,Processing,82.36,2024,2024-01
TXN002109,CUST0098,PROD0080,2025-10-14,5,5.0,Upi,Pending,888.39,2025,2025-10
TXN002110,CUST0286,PROD0099,2025-04-13,3,25.0,Upi,Delivered,87.08,2025,2025-04
TXN002111,CUST0019,PROD0058,2024-07-11,5,25.0,Credit Card,Delivered,118.65,2024,2024-07
TXN002112,CUST0333,PROD0044,2024-01-01,1,25.0,Paypal,Shipped,77.59,2024,2024-01
TXN002113,CUST0069,PROD0013,2025-08-31,5,5.0,Paypal,Pending,412.11,2025,2025-08
TXN002114,CUST0254,PROD0071,2024-01-01,3,5.0,Credit Card,Delivered,2360.06,2024,2024-01
TXN002115,CUST0126,PROD0040,2025-07-03,3,0.0,Debit Card,Delivered,165.42,2025,2025-07
TXN002116,CUST0481,PROD0039,2025-11-11,6,20.0,Upi,Processing,269.52,2025,2025-11
TXN002117,CUST0144,PROD0044,2025-02-25,5,25.0,Debit Card,Pending,387.94,2025,2025-02
TXN002118,CUST0158,PROD0095,2024-11-03,1,0.0,Bank Transfer,Delivered,160.44,2024,2024-11
TXN002119,CUST0095,PROD0092,2024-04-05,5,60.0,Debit Card,Delivered,450.3,2024,2024-04
TXN002120,CUST0059,PROD0013,2024-09-27,3,5.0,Paypal,Cancelled,247.27,2024,2024-09
TXN002121,CUST0299,PROD0011,2024-01-01,3,20.0,Cash,Shipped,193.82,2024,2024-01
TXN002122,CUST0416,PROD0092,2025-07-16,6,50.0,Bank Transfer,Returned,675.45,2025,2025-07
TXN002123,CUST0052,PROD0052,2024-01-01,4,5.0,Credit Card,Returned,64.64,2024,2024-01
TXN002124,CUST0380,PROD0007,2024-05-20,1,60.0,Credit Card,Shipped,91.19,2024,2024-05
TXN002125,CUST0457,PROD0062,2024-01-01,3,30.0,Cash,Shipped,52.88,2024,2024-01
TXN002126,CUST0136,PROD0021,2025-08-28,2,5.0,Credit Card,Processing,122.34,2025,2025-08
TXN002127,CUST0095,PROD0084,2025-08-05,1,0.0,Paypal,Cancelled,169.28,2025,2025-08
TXN002128,CUST0374,PROD0091,2024-01-01,6,50.0,Upi,Shipped,1919.52,2024,2024-01
TXN002129,CUST0003,PROD0088,2025-06-19,5,15.0,Paypal,Cancelled,1535.06,2025,2025-06
TXN002130,CUST0031,PROD0056,2024-08-04,6,30.0,Upi,Returned,1966.36,2024,2024-08
TXN002131,CUST0177,PROD0018,2025-02-18,4,60.0,Bank Transfer,Returned,189.41,2025,2025-02
TXN002132,CUST0128,PROD0079,2024-05-07,4,20.0,Paypal,Delivered,2657.57,2024,2024-05
TXN002133,CUST0059,PROD0052,2025-08-27,6,20.0,Paypal,Processing,81.65,2025,2025-08
TXN002134,CUST0417,PROD0083,2024-01-01,6,25.0,Paypal,Delivered,459.68,2024,2024-01
TXN002135,CUST0119,PROD0032,2024-01-01,1,30.0,Paypal,Cancelled,84.04,2024,2024-01
TXN002136,CUST0142,PROD0015,2025-08-11,6,15.0,Debit Card,Delivered,340.53,2025,2025-08
TXN002137,CUST0212,PROD0014,2024-12-15,4,10.0,Paypal,Shipped,62.89,2024,2024-12
TXN002138,CUST0445,PROD0048,2024-11-28,4,50.0,Bank Transfer,Pending,582.4,2024,2024-11
TXN002139,CUST0340,PROD0026,2025-10-12,2,30.0,Credit Card,Cancelled,99.23,2025,2025-10
TXN002140,CUST0446,PROD0086,2025-11-09,4,40.0,Bank Transfer,Shipped,2521.13,2025,2025-11
TXN002141,CUST0026,PROD0033,2024-01-04,4,10.0,Credit Card,Delivered,453.13,2024,2024-01
TXN002142,CUST0384,PROD0059,2024-01-01,2,30.0,Debit Card,Returned,75.91,2024,2024-01
TXN002143,CUST0073,PROD0037,2024-10-13,4,0.0,Paypal,Shipped,123.4,2024,2024-10
TXN002144,CUST0301,PROD0059,2024-12-22,6,15.0,Paypal,Cancelled,276.52,2024,2024-12
TXN002145,CUST0353,PROD0036,2024-01-01,3,10.0,Paypal,Cancelled,570.13,2024,2024-01
TXN002146,CUST0225,PROD0018,2024-01-18,6,40.0,Upi,Cancelled,426.17,2024,2024-01
TXN002147,CUST0486,PROD0071,2025-06-05,2,5.0,Unknown,Delivered,1573.37,2025,2025-06
TXN002148,CUST0268,PROD0033,2025-12-07,3,50.0,Bank Transfer,Shipped,188.8,2025,2025-12
TXN002149,CUST0011,PROD0009,2024-01-01,2,20.0,Bank Transfer,Cancelled,302.83,2024,2024-01
TXN002150,CUST0388,PROD0086,2025-07-23,5,50.0,Paypal,Pending,2626.18,2025,2025-07
TXN002151,CUST0271,PROD0001,2024-06-01,3,50.0,Upi,Delivered,264.1,2024,2024-06
TXN002152,CUST0001,PROD0062,2024-07-17,1,20.0,Upi,Returned,20.14,2024,2024-07
TXN002153,CUST0357,PROD0035,2025-08-23,6,30.0,Credit Card,Shipped,1309.27,2025,2025-08
TXN002154,CUST0195,PROD0061,2025-10-01,2,25.0,Credit Card,Delivered,279.26,2025,2025-10
TXN002155,CUST0183,PROD0061,2024-09-03,3,40.0,Upi,Shipped,335.11,2024,2024-09
TXN002156,CUST0491,PROD0072,2024-01-01,1,5.0,Paypal,Cancelled,182.09,2024,2024-01
TXN002157,CUST0211,PROD0006,2024-07-28,4,50.0,Debit Card,Shipped,482.58,2024,2024-07
TXN002158,CUST0349,PROD0071,2025-03-27,2,15.0,Upi,Cancelled,1407.75,2025,2025-03
TXN002159,CUST0190,PROD0013,2024-01-01,1,60.0,Upi,Unknown,34.7,2024,2024-01
TXN002160,CUST0144,PROD0083,2025-08-25,2,5.0,Credit Card,Cancelled,194.08,2025,2025-08
TXN002161,CUST0314,PROD0016,2024-04-05,5,50.0,Upi,Delivered,99.43,2024,2024-04
TXN002162,CUST0244,PROD0089,2024-10-10,2,0.0,Paypal,Cancelled,33.16,2024,2024-10
TXN002163,CUST0408,PROD0053,2024-01-01,1,50.0,Upi,Returned,22.1,2024,2024-01
TXN002164,CUST0001,PROD0055,2025-12-14,3,40.0,Cash,Processing,1890.72,2025,2025-12
TXN002165,CUST0014,PROD0095,2024-04-09,5,0.0,Bank Transfer,Cancelled,802.2,2024,2024-04
TXN002166,CUST0089,PROD0021,2024-08-27,1,10.0,Upi,Cancelled,57.95,2024,2024-08
TXN002167,CUST0102,PROD0017,2024-01-01,1,40.0,Upi,Processing,64.28,2024,2024-01
TXN002168,CUST0017,PROD0016,2024-07-28,6,20.0,Upi,Processing,190.9,2024,2024-07
TXN002169,CUST0353,PROD0009,2024-06-11,4,0.0,Paypal,Delivered,757.08,2024,2024-06
TXN002170,CUST0018,PROD0069,2024-01-01,4,5.0,Debit Card,Processing,212.0,2024,2024-01
TXN002171,CUST0109,PROD0010,2024-06-06,1,30.0,Upi,Processing,73.61,2024,2024-06
TXN002172,CUST0137,PROD0092,2025-06-16,5,50.0,Credit Card,Pending,562.88,2025,2025-06
TXN002173,CUST0081,PROD0077,2025-06-29,5,15.0,Paypal,Shipped,144.92,2025,2025-06
TXN002174,CUST0089,PROD0079,2025-03-31,3,20.0,Upi,Delivered,1993.18,2025,2025-03
TXN002175,CUST0101,PROD0052,2024-10-29,5,40.0,Debit Card,Shipped,51.03,2024,2024-10
TXN002176,CUST0408,PROD0089,2024-01-01,2,50.0,Debit Card,Pending,16.58,2024,2024-01
TXN002177,CUST0203,PROD0084,2024-01-01,6,10.0,Credit Card,Processing,914.11,2024,2024-01
TXN002178,CUST0276,PROD0030,2024-01-01,1,50.0,Cash,Shipped,30.38,2024,2024-01
TXN002179,CUST0124,PROD0069,2025-07-19,3,50.0,Cash,Shipped,83.68,2025,2025-07
TXN002180,CUST0133,PROD0034,2024-12-06,2,10.0,Credit Card,Shipped,269.21,2024,2024-12
TXN002181,CUST0252,PROD0027,2024-05-23,6,5.0,Cash,Processing,515.91,2024,2024-05
TXN002182,CUST0320,PROD0057,2024-03-14,6,50.0,Debit Card,Delivered,1374.36,2024,2024-03
TXN002183,CUST0236,PROD0022,2025-11-28,3,0.0,Credit Card,Delivered,539.19,2025,2025-11
TXN002184,CUST0400,PROD0004,2024-01-01,1,0.0,Debit Card,Delivered,49.1,2024,2024-01
TXN002185,CUST0085,PROD0097,2025-10-14,1,5.0,Upi,Pending,34.84,2025,2025-10
TXN002186,CUST0488,PROD0013,2025-03-25,6,25.0,Credit Card,Delivered,390.42,2025,2025-03
TXN002187,CUST0369,PROD0020,2024-12-27,4,5.0,Cash,Returned,344.81,2024,2024-12
TXN002188,CUST0386,PROD0038,2024-09-24,1,50.0,Paypal,Pending,36.09,2024,2024-09
TXN002189,CUST0148,PROD0063,2024-01-01,2,10.0,Bank Transfer,Delivered,795.28,2024,2024-01
TXN002190,CUST0161,PROD0049,2025-04-25,5,30.0,Paypal,Delivered,454.23,2025,2025-04
TXN002191,CUST0023,PROD0077,2024-01-01,6,20.0,Upi,Shipped,163.68,2024,2024-01
TXN002192,CUST0177,PROD0082,2024-12-15,3,50.0,Bank Transfer,Processing,153.23,2024,2024-12
TXN002193,CUST0289,PROD0016,2024-01-01,2,20.0,Cash,Cancelled,63.63,2024,2024-01
TXN002194,CUST0165,PROD0048,2025-11-08,3,20.0,Paypal,Shipped,698.88,2025,2025-11
TXN002195,CUST0374,PROD0006,2025-07-19,1,40.0,Credit Card,Shipped,144.77,2025,2025-07
TXN002196,CUST0107,PROD0031,2025-02-24,5,50.0,Paypal,Delivered,116.85,2025,2025-02
TXN002197,CUST0403,PROD0003,2025-10-01,5,10.0,Paypal,Shipped,162.5,2025,2025-10
TXN002198,CUST0032,PROD0035,2024-01-01,4,20.0,Cash,Shipped,997.54,2024,2024-01
TXN002199,CUST0456,PROD0072,2025-06-25,1,20.0,Bank Transfer,Processing,153.34,2025,2025-06
TXN002200,CUST0281,PROD0061,2024-01-01,5,15.0,Upi,Cancelled,791.22,2024,2024-01
TXN002201,CUST0271,PROD0083,2024-03-06,3,15.0,Paypal,Shipped,260.48,2024,2024-03
TXN002202,CUST0073,PROD0090,2025-02-13,6,20.0,Paypal,Returned,707.28,2025,2025-02
TXN002203,CUST0209,PROD0039,2024-06-11,2,30.0,Paypal,Delivered,78.61,2024,2024-06
TXN002204,CUST0370,PROD0093,2025-06-25,2,5.0,Bank Transfer,Returned,606.5,2025,2025-06
TXN002205,CUST0043,PROD0060,2024-01-01,3,30.0,Paypal,Delivered,524.81,2024,2024-01
TXN002206,CUST0485,PROD0097,2025-01-17,1,10.0,Upi,Cancelled,33.0,2025,2025-01
TXN002207,CUST0370,PROD0087,2025-01-12,5,10.0,Bank Transfer,Cancelled,331.29,2025,2025-01
TXN002208,CUST0492,PROD0094,2024-01-24,1,40.0,Upi,Returned,61.84,2024,2024-01
TXN002209,CUST0211,PROD0036,2024-10-24,5,50.0,Cash,Delivered,527.9,2024,2024-10
TXN002210,CUST0396,PROD0029,2024-01-01,2,50.0,Cash,Processing,145.65,2024,2024-01
TXN002211,CUST0426,PROD0036,2024-01-01,2,40.0,Credit Card,Delivered,253.39,2024,2024-01
TXN002212,CUST0020,PROD0038,2024-01-01,1,20.0,Upi,Cancelled,57.74,2024,2024-01
TXN002213,CUST0470,PROD0028,2024-08-01,2,50.0,Bank Transfer,Delivered,895.11,2024,2024-08
TXN002214,CUST0453,PROD0091,2024-05-05,6,15.0,Paypal,Shipped,3263.18,2024,2024-05
TXN002215,CUST0047,PROD0013,2025-12-29,4,50.0,Paypal,Shipped,173.52,2025,2025-12
TXN002216,CUST0279,PROD0007,2025-09-13,2,60.0,Debit Card,Cancelled,182.38,2025,2025-09
TXN002217,CUST0253,PROD0028,2024-05-17,6,25.0,Upi,Delivered,4028.0,2024,2024-05
TXN002218,CUST0452,PROD0053,2024-02-05,1,5.0,Cash,Pending,41.98,2024,2024-02
TXN002219,CUST0389,PROD0042,2024-01-01,4,50.0,Upi,Delivered,104.12,2024,2024-01
TXN002220,CUST0006,PROD0024,2024-08-01,1,60.0,Debit Card,Delivered,40.5,2024,2024-08
TXN002221,CUST0399,PROD0054,2024-04-24,2,60.0,Cash,Delivered,155.33,2024,2024-04
TXN002222,CUST0126,PROD0089,2024-01-01,3,40.0,Bank Transfer,Returned,29.84,2024,2024-01
TXN002223,CUST0422,PROD0077,2024-05-02,4,0.0,Upi,Shipped,136.4,2024,2024-05
TXN002224,CUST0189,PROD0079,2024-12-20,1,5.0,Bank Transfer,Shipped,788.97,2024,2024-12
TXN002225,CUST0414,PROD0016,2025-06-22,5,20.0,Debit Card,Returned,159.08,2025,2025-06
TXN002226,CUST0116,PROD0030,2024-01-01,4,25.0,Credit Card,Processing,182.31,2024,2024-01
TXN002227,CUST0388,PROD0053,2024-01-01,6,10.0,Upi,Processing,238.63,2024,2024-01
TXN002228,CUST0038,PROD0031,2025-04-07,3,25.0,Upi,Shipped,105.16,2025,2025-04
TXN002229,CUST0048,PROD0033,2024-02-07,6,20.0,Paypal,Shipped,604.18,2024,2024-02
TXN002230,CUST0482,PROD0096,2024-02-13,6,0.0,Credit Card,Cancelled,114.54,2024,2024-02
TXN002231,CUST0253,PROD0051,2025-03-14,6,25.0,Cash,Shipped,505.26,2025,2025-03
TXN002232,CUST0060,PROD0096,2024-05-11,1,0.0,Upi,Delivered,19.09,2024,2024-05
TXN002233,CUST0267,PROD0027,2024-01-01,4,60.0,Debit Card,Delivered,144.82,2024,2024-01
TXN002234,CUST0198,PROD0020,2025-12-02,1,25.0,Upi,Shipped,68.05,2025,2025-12
TXN002235,CUST0488,PROD0023,2024-08-11,3,25.0,Credit Card,Shipped,1190.3,2024,2024-08
TXN002236,CUST0261,PROD0071,2024-07-06,5,5.0,Paypal,Pending,3933.43,2024,2024-07
TXN002237,CUST0218,PROD0098,2025-07-28,2,60.0,Upi,Returned,201.44,2025,2025-07
TXN002238,CUST0149,PROD0096,2024-02-11,2,20.0,Cash,Delivered,30.54,2024,2024-02
TXN002239,CUST0407,PROD0068,2025-04-03,3,20.0,Upi,Pending,126.58,2025,2025-04
TXN002240,CUST0442,PROD0086,2024-01-01,5,10.0,Upi,Delivered,4727.12,2024,2024-01
TXN002241,CUST0109,PROD0030,2025-10-22,5,5.0,Credit Card,Shipped,288.66,2025,2025-10
TXN002242,CUST0342,PROD0048,2025-04-07,6,0.0,Credit Card,Delivered,1747.2,2025,2025-04
TXN002243,CUST0290,PROD0075,2025-12-25,3,20.0,Paypal,Delivered,97.56,2025,2025-12
TXN002244,CUST0366,PROD0058,2024-01-01,2,30.0,Upi,Shipped,44.3,2024,2024-01
TXN002245,CUST0446,PROD0100,2025-11-03,5,60.0,Paypal,Shipped,222.42,2025,2025-11
TXN002246,CUST0456,PROD0067,2024-10-29,5,25.0,Upi,Cancelled,383.06,2024,2024-10
TXN002247,CUST0076,PROD0043,2024-01-01,3,0.0,Cash,Returned,479.85,2024,2024-01
TXN002248,CUST0292,PROD0080,2024-07-18,2,5.0,Paypal,Cancelled,355.36,2024,2024-07
TXN002249,CUST0151,PROD0100,2024-05-24,4,25.0,Cash,Delivered,333.63,2024,2024-05
TXN002250,CUST0209,PROD0080,2025-12-17,5,40.0,Paypal,Shipped,561.09,2025,2025-12
TXN002251,CUST0328,PROD0016,2025-04-13,1,40.0,Paypal,Cancelled,23.86,2025,2025-04
TXN002252,CUST0159,PROD0072,2024-08-21,5,15.0,Credit Card,Delivered,814.6,2024,2024-08
TXN002253,CUST0333,PROD0032,2025-06-16,6,50.0,Credit Card,Returned,360.18,2025,2025-06
TXN002254,CUST0424,PROD0001,2024-01-01,6,5.0,Paypal,Shipped,1003.6,2024,2024-01
TXN002255,CUST0175,PROD0004,2024-01-01,4,60.0,Credit Card,Processing,78.56,2024,2024-01
TXN002256,CUST0223,PROD0085,2024-09-29,5,30.0,Upi,Delivered,101.88,2024,2024-09
TXN002257,CUST0209,PROD0081,2024-03-15,1,50.0,Paypal,Shipped,31.18,2024,2024-03
TXN002258,CUST0051,PROD0087,2025-12-03,2,50.0,Credit Card,Delivered,73.62,2025,2025-12
TXN002259,CUST0473,PROD0097,2024-05-03,2,20.0,Upi,Processing,58.67,2024,2024-05
TXN002260,CUST0124,PROD0076,2024-11-14,3,0.0,Unknown,Processing,87.9,2024,2024-11
TXN002261,CUST0245,PROD0097,2024-01-01,1,50.0,Upi,Shipped,18.34,2024,2024-01
TXN002262,CUST0465,PROD0050,2024-03-05,1,30.0,Cash,Cancelled,16.47,2024,2024-03
TXN002263,CUST0039,PROD0011,2025-11-15,5,25.0,Credit Card,Delivered,302.85,2025,2025-11
TXN002264,CUST0485,PROD0009,2025-01-19,1,60.0,Bank Transfer,Shipped,75.71,2025,2025-01
TXN002265,CUST0151,PROD0081,2025-09-13,6,25.0,Credit Card,Pending,280.62,2025,2025-09
TXN002266,CUST0209,PROD0100,2024-01-01,5,15.0,Paypal,Shipped,472.64,2024,2024-01
TXN002267,CUST0322,PROD0019,2024-02-21,3,15.0,Bank Transfer,Returned,79.38,2024,2024-02
TXN002268,CUST0009,PROD0064,2024-01-01,5,20.0,Upi,Processing,215.84,2024,2024-01
TXN002269,CUST0030,PROD0092,2025-04-04,6,30.0,Upi,Processing,945.63,2025,2025-04
TXN002270,CUST0306,PROD0018,2024-12-18,5,5.0,Paypal,Pending,562.3,2024,2024-12
TXN002271,CUST0473,PROD0050,2024-02-18,5,60.0,Debit Card,Returned,47.06,2024,2024-02
TXN002272,CUST0012,PROD0051,2025-06-20,5,20.0,Debit Card,Cancelled,449.12,2025,2025-06
TXN002273,CUST0102,PROD0026,2025-04-09,1,10.0,Credit Card,Delivered,63.79,2025,2025-04
TXN002274,CUST0367,PROD0022,2024-07-26,4,5.0,Paypal,Shipped,682.97,2024,2024-07
TXN002275,CUST0238,PROD0002,2024-01-01,6,5.0,Debit Card,Processing,418.04,2024,2024-01
TXN002276,CUST0001,PROD0049,2024-04-25,4,15.0,Cash,Delivered,441.25,2024,2024-04
TXN002277,CUST0068,PROD0060,2024-01-01,5,25.0,Upi,Shipped,937.16,2024,2024-01
TXN002278,CUST0098,PROD0028,2024-01-01,6,50.0,Bank Transfer,Returned,2685.33,2024,2024-01
TXN002279,CUST0136,PROD0076,2024-02-20,2,60.0,Credit Card,Delivered,23.44,2024,2024-02
TXN002280,CUST0073,PROD0051,2024-10-28,1,5.0,Upi,Returned,106.67,2024,2024-10
TXN002281,CUST0146,PROD0007,2024-08-30,2,20.0,Debit Card,Shipped,364.75,2024,2024-08
TXN002282,CUST0241,PROD0069,2024-01-01,4,40.0,Cash,Processing,133.9,2024,2024-01
TXN002283,CUST0469,PROD0024,2024-03-17,2,5.0,Paypal,Processing,192.36,2024,2024-03
TXN002284,CUST0053,PROD0081,2024-07-17,5,30.0,Paypal,Delivered,218.26,2024,2024-07
TXN002285,CUST0377,PROD0063,2025-12-04,4,15.0,Upi,Cancelled,1502.19,2025,2025-12
TXN002286,CUST0448,PROD0070,2024-09-05,5,10.0,Cash,Unknown,325.62,2024,2024-09
TXN002287,CUST0210,PROD0004,2024-12-12,5,40.0,Credit Card,Pending,147.3,2024,2024-12
TXN002288,CUST0403,PROD0090,2024-01-01,6,30.0,Upi,Shipped,618.87,2024,2024-01
TXN002289,CUST0233,PROD0062,2024-01-01,4,40.0,Upi,Shipped,60.43,2024,2024-01
TXN002290,CUST0266,PROD0100,2024-05-30,3,0.0,Upi,Processing,333.63,2024,2024-05
TXN002291,CUST0044,PROD0085,2024-06-24,2,25.0,Credit Card,Processing,43.66,2024,2024-06
TXN002292,CUST0045,PROD0051,2025-11-26,3,0.0,Credit Card,Pending,336.84,2025,2025-11
TXN002293,CUST0480,PROD0014,2025-12-04,4,60.0,Paypal,Shipped,27.95,2025,2025-12
TXN002294,CUST0268,PROD0084,2024-06-27,5,10.0,Credit Card,Shipped,761.76,2024,2024-06
TXN002295,CUST0497,PROD0059,2024-01-01,5,60.0,Cash,Returned,108.44,2024,2024-01
TXN002296,CUST0121,PROD0056,2024-01-01,5,20.0,Cash,Delivered,1872.72,2024,2024-01
TXN002297,CUST0488,PROD0021,2024-05-09,3,0.0,Upi,Shipped,193.17,2024,2024-05
TXN002298,CUST0500,PROD0093,2025-09-04,6,20.0,Cash,Returned,1532.21,2025,2025-09
TXN002299,CUST0332,PROD0017,2024-01-01,3,60.0,Cash,Shipped,128.56,2024,2024-01
TXN002300,CUST0332,PROD0011,2024-10-17,4,50.0,Cash,Pending,161.52,2024,2024-10
TXN002301,CUST0493,PROD0097,2024-02-06,6,40.0,Debit Card,Delivered,132.01,2024,2024-02
TXN002302,CUST0473,PROD0023,2024-08-28,4,40.0,Upi,Pending,1269.65,2024,2024-08
TXN002303,CUST0101,PROD0070,2024-01-01,1,60.0,Paypal,Returned,28.94,2024,2024-01
TXN002304,CUST0195,PROD0100,2024-03-20,1,40.0,Paypal,Pending,66.73,2024,2024-03
TXN002305,CUST0197,PROD0070,2024-06-02,5,30.0,Cash,Pending,253.26,2024,2024-06
TXN002306,CUST0368,PROD0020,2024-05-12,5,60.0,Upi,Pending,181.48,2024,2024-05
TXN002307,CUST0384,PROD0005,2025-10-20,3,50.0,Credit Card,Shipped,93.56,2025,2025-10
TXN002308,CUST0330,PROD0024,2025-11-29,2,25.0,Credit Card,Returned,151.86,2025,2025-11
TXN002309,CUST0453,PROD0004,2025-11-10,4,30.0,Credit Card,Pending,137.48,2025,2025-11
TXN002310,CUST0292,PROD0005,2024-01-01,1,10.0,Bank Transfer,Processing,56.13,2024,2024-01
TXN002311,CUST0399,PROD0096,2024-12-16,3,20.0,Paypal,Shipped,45.82,2024,2024-12
TXN002312,CUST0236,PROD0076,2024-01-01,2,25.0,Bank Transfer,Processing,43.95,2024,2024-01
TXN002313,CUST0327,PROD0032,2025-10-11,6,50.0,Bank Transfer,Shipped,360.18,2025,2025-10
TXN002314,CUST0426,PROD0029,2024-07-18,5,5.0,Credit Card,Shipped,691.84,2024,2024-07
TXN002315,CUST0085,PROD0034,2024-03-22,6,25.0,Paypal,Delivered,673.02,2024,2024-03
TXN002316,CUST0370,PROD0062,2024-07-01,4,10.0,Paypal,Shipped,90.65,2024,2024-07
TXN002317,CUST0485,PROD0076,2024-01-01,2,25.0,Cash,Delivered,43.95,2024,2024-01
TXN002318,CUST0053,PROD0029,2025-05-31,5,30.0,Credit Card,Delivered,509.78,2025,2025-05
TXN002319,CUST0014,PROD0083,2025-05-16,3,30.0,Cash,Delivered,214.52,2025,2025-05
TXN002320,CUST0009,PROD0079,2024-11-24,6,20.0,Bank Transfer,Cancelled,3986.35,2024,2024-11
TXN002321,CUST0004,PROD0025,2024-01-01,3,5.0,Cash,Shipped,2249.99,2024,2024-01
TXN002322,CUST0475,PROD0015,2025-05-07,4,10.0,Credit Card,Cancelled,240.37,2025,2025-05
TXN002323,CUST0268,PROD0091,2024-12-07,3,20.0,Credit Card,Shipped,1535.62,2024,2024-12
TXN002324,CUST0430,PROD0047,2024-01-01,3,5.0,Credit Card,Returned,143.41,2024,2024-01
TXN002325,CUST0233,PROD0014,2024-11-30,2,5.0,Upi,Processing,33.19,2024,2024-11
TXN002326,CUST0188,PROD0080,2024-08-07,4,50.0,Debit Card,Cancelled,374.06,2024,2024-08
TXN002327,CUST0409,PROD0055,2025-04-03,1,0.0,Bank Transfer,Processing,1050.4,2025,2025-04
TXN002328,CUST0357,PROD0083,2024-04-21,1,25.0,Credit Card,Processing,76.61,2024,2024-04
TXN002329,CUST0234,PROD0050,2024-01-01,1,60.0,Cash,Pending,9.41,2024,2024-01
TXN002330,CUST0288,PROD0008,2025-09-11,2,40.0,Credit Card,Returned,117.49,2025,2025-09
TXN002331,CUST0185,PROD0017,2024-01-01,5,50.0,Credit Card,Shipped,267.82,2024,2024-01
TXN002332,CUST0084,PROD0018,2024-01-01,4,30.0,Credit Card,Delivered,331.46,2024,2024-01
TXN002333,CUST0443,PROD0099,2025-08-20,4,40.0,Cash,Pending,92.88,2025,2025-08
TXN002334,CUST0144,PROD0039,2024-06-20,4,25.0,Cash,Delivered,168.45,2024,2024-06
TXN002335,CUST0380,PROD0086,2024-10-13,6,25.0,Upi,Delivered,4727.12,2024,2024-10
TXN002336,CUST0408,PROD0041,2025-12-30,3,10.0,Cash,Processing,275.81,2025,2025-12
TXN002337,CUST0315,PROD0016,2024-03-25,4,25.0,Credit Card,Processing,119.31,2024,2024-03
TXN002338,CUST0478,PROD0001,2024-01-01,2,20.0,Credit Card,Cancelled,281.71,2024,2024-01
TXN002339,CUST0301,PROD0083,2024-08-25,2,10.0,Debit Card,Delivered,183.87,2024,2024-08
TXN002340,CUST0445,PROD0041,2024-03-11,1,25.0,Credit Card,Pending,76.61,2024,2024-03
TXN002341,CUST0105,PROD0082,2025-10-10,5,10.0,Debit Card,Returned,459.68,2025,2025-10
TXN002342,CUST0436,PROD0067,2025-06-21,4,30.0,Paypal,Processing,286.02,2025,2025-06
TXN002343,CUST0256,PROD0089,2024-01-01,4,40.0,Bank Transfer,Shipped,39.79,2024,2024-01
TXN002344,CUST0077,PROD0096,2024-01-07,3,50.0,Paypal,Delivered,28.64,2024,2024-01
TXN002345,CUST0148,PROD0027,2024-01-01,2,10.0,Cash,Shipped,162.92,2024,2024-01
TXN002346,CUST0378,PROD0018,2024-01-01,2,15.0,Paypal,Delivered,201.25,2024,2024-01
TXN002347,CUST0321,PROD0040,2025-10-01,1,30.0,Credit Card,Shipped,38.6,2025,2025-10
TXN002348,CUST0267,PROD0032,2025-03-01,4,10.0,Upi,Pending,432.22,2025,2025-03
TXN002349,CUST0177,PROD0004,2025-06-29,4,30.0,Cash,Shipped,137.48,2025,2025-06
TXN002350,CUST0341,PROD0059,2024-06-30,3,40.0,Paypal,Delivered,97.6,2024,2024-06
TXN002351,CUST0134,PROD0096,2025-01-06,6,20.0,Paypal,Processing,91.63,2025,2025-01
TXN002352,CUST0195,PROD0020,2024-01-01,3,10.0,Debit Card,Pending,245.0,2024,2024-01
TXN002353,CUST0196,PROD0085,2025-07-21,6,5.0,Upi,Delivered,165.93,2025,2025-07
TXN002354,CUST0282,PROD0024,2024-01-01,6,40.0,Paypal,Shipped,364.46,2024,2024-01
TXN002355,CUST0235,PROD0088,2024-08-08,4,15.0,Paypal,Delivered,1228.05,2024,2024-08
TXN002356,CUST0167,PROD0024,2024-06-25,5,60.0,Upi,Shipped,202.48,2024,2024-06
TXN002357,CUST0452,PROD0022,2024-04-13,4,25.0,Debit Card,Returned,539.19,2024,2024-04
TXN002358,CUST0121,PROD0071,2025-07-17,2,10.0,Credit Card,Delivered,1490.56,2025,2025-07
TXN002359,CUST0360,PROD0032,2024-01-01,2,25.0,Cash,Returned,180.09,2024,2024-01
TXN002360,CUST0137,PROD0054,2024-05-05,6,40.0,Paypal,Cancelled,698.98,2024,2024-05
TXN002361,CUST0083,PROD0051,2024-10-23,1,60.0,Credit Card,Returned,44.91,2024,2024-10
TXN002362,CUST0444,PROD0033,2025-08-14,5,5.0,Paypal,Pending,597.88,2025,2025-08
TXN002363,CUST0310,PROD0075,2024-01-01,2,60.0,Paypal,Pending,32.52,2024,2024-01
TXN002364,CUST0036,PROD0021,2024-02-26,2,60.0,Paypal,Pending,51.51,2024,2024-02
TXN002365,CUST0369,PROD0015,2024-01-01,6,25.0,Paypal,Cancelled,300.47,2024,2024-01
TXN002366,CUST0067,PROD0020,2024-01-01,1,10.0,Credit Card,Shipped,81.67,2024,2024-01
TXN002367,CUST0374,PROD0093,2024-02-25,2,10.0,Credit Card,Delivered,574.58,2024,2024-02
TXN002368,CUST0136,PROD0098,2025-07-21,5,40.0,Cash,Pending,755.4,2025,2025-07
TXN002369,CUST0179,PROD0088,2024-08-03,6,25.0,Cash,Delivered,1625.36,2024,2024-08
TXN002370,CUST0095,PROD0031,2025-10-14,4,0.0,Credit Card,Cancelled,186.96,2025,2025-10
TXN002371,CUST0009,PROD0036,2024-11-05,4,5.0,Credit Card,Shipped,802.41,2024,2024-11
TXN002372,CUST0236,PROD0009,2024-12-21,2,60.0,Debit Card,Delivered,151.42,2024,2024-12
TXN002373,CUST0399,PROD0020,2024-01-01,2,60.0,Unknown,Delivered,72.59,2024,2024-01
TXN002374,CUST0048,PROD0039,2024-07-22,3,50.0,Upi,Delivered,84.22,2024,2024-07
TXN002375,CUST0314,PROD0026,2024-01-06,4,40.0,Debit Card,Cancelled,170.11,2024,2024-01
TXN002376,CUST0352,PROD0076,2024-01-01,5,5.0,Paypal,Shipped,139.17,2024,2024-01
TXN002377,CUST0025,PROD0082,2024-06-03,2,5.0,Upi,Processing,194.08,2024,2024-06
TXN002378,CUST0352,PROD0090,2025-04-16,4,10.0,Credit Card,Shipped,530.46,2025,2025-04
TXN002379,CUST0311,PROD0099,2025-11-20,1,5.0,Upi,Shipped,36.76,2025,2025-11
TXN002380,CUST0054,PROD0017,2024-01-01,1,60.0,Credit Card,Pending,42.85,2024,2024-01
TXN002381,CUST0070,PROD0093,2024-12-17,6,50.0,Paypal,Cancelled,957.63,2024,2024-12
TXN002382,CUST0102,PROD0080,2024-08-07,3,60.0,Upi,Shipped,224.44,2024,2024-08
TXN002383,CUST0195,PROD0044,2024-08-01,1,10.0,Paypal,Returned,93.1,2024,2024-08
TXN002384,CUST0398,PROD0067,2024-04-16,3,10.0,Debit Card,Shipped,275.81,2024,2024-04
TXN002385,CUST0146,PROD0003,2025-07-25,4,50.0,Paypal,Delivered,72.22,2025,2025-07
TXN002386,CUST0441,PROD0002,2025-08-13,3,10.0,Paypal,Returned,198.02,2025,2025-08
TXN002387,CUST0193,PROD0017,2024-01-01,2,25.0,Credit Card,Shipped,160.7,2024,2024-01
TXN002388,CUST0430,PROD0009,2025-11-01,2,60.0,Credit Card,Processing,151.42,2025,2025-11
TXN002389,CUST0399,PROD0089,2025-08-20,1,5.0,Upi,Pending,15.75,2025,2025-08
TXN002390,CUST0061,PROD0019,2024-10-09,4,25.0,Cash,Delivered,93.39,2024,2024-10
TXN002391,CUST0277,PROD0047,2025-01-31,2,15.0,Credit Card,Returned,85.54,2025,2025-01
TXN002392,CUST0483,PROD0010,2024-06-08,2,40.0,Credit Card,Shipped,126.19,2024,2024-06
TXN002393,CUST0064,PROD0047,2025-09-20,4,15.0,Cash,Pending,171.09,2025,2025-09
TXN002394,CUST0143,PROD0008,2024-01-01,5,0.0,Paypal,Shipped,489.55,2024,2024-01
TXN002395,CUST0221,PROD0055,2025-08-27,4,15.0,Paypal,Processing,3571.36,2025,2025-08
TXN002396,CUST0441,PROD0037,2025-06-27,1,25.0,Credit Card,Returned,23.14,2025,2025-06
TXN002397,CUST0488,PROD0021,2024-01-01,6,0.0,Upi,Returned,386.34,2024,2024-01
TXN002398,CUST0017,PROD0032,2024-01-01,1,60.0,Credit Card,Shipped,48.02,2024,2024-01
TXN002399,CUST0490,PROD0064,2025-07-31,4,25.0,Upi,Returned,161.88,2025,2025-07
TXN002400,CUST0319,PROD0009,2025-01-14,5,25.0,Credit Card,Returned,709.76,2025,2025-01
TXN002401,CUST0218,PROD0023,2024-01-01,4,5.0,Paypal,Returned,2010.28,2024,2024-01
TXN002402,CUST0237,PROD0056,2024-01-03,1,50.0,Credit Card,Shipped,234.09,2024,2024-01
TXN002403,CUST0409,PROD0066,2024-05-05,2,0.0,Upi,Cancelled,184.3,2024,2024-05
TXN002404,CUST0052,PROD0058,2025-02-12,1,40.0,Paypal,Shipped,18.98,2025,2025-02
TXN002405,CUST0265,PROD0006,2025-07-11,5,5.0,Credit Card,Pending,1146.13,2025,2025-07
TXN002406,CUST0055,PROD0019,2025-08-29,6,5.0,Credit Card,Delivered,177.44,2025,2025-08
TXN002407,CUST0238,PROD0011,2024-07-19,1,30.0,Paypal,Shipped,56.53,2024,2024-07
TXN002408,CUST0127,PROD0007,2024-01-01,2,25.0,Debit Card,Delivered,341.96,2024,2024-01
TXN002409,CUST0417,PROD0037,2024-01-01,3,40.0,Bank Transfer,Cancelled,55.53,2024,2024-01
TXN002410,CUST0411,PROD0052,2024-06-28,6,15.0,Credit Card,Delivered,86.75,2024,2024-06
TXN002411,CUST0290,PROD0056,2024-07-05,5,50.0,Credit Card,Pending,1170.45,2024,2024-07
TXN002412,CUST0219,PROD0091,2025-03-15,3,40.0,Credit Card,Cancelled,1151.71,2025,2025-03
TXN002413,CUST0062,PROD0072,2024-01-06,2,15.0,Upi,Unknown,325.84,2024,2024-01
TXN002414,CUST0422,PROD0057,2024-01-01,4,30.0,Paypal,Shipped,1282.74,2024,2024-01
TXN002415,CUST0181,PROD0075,2024-01-01,2,10.0,Paypal,Delivered,73.17,2024,2024-01
TXN002416,CUST0017,PROD0008,2024-09-29,4,30.0,Debit Card,Returned,274.15,2024,2024-09
TXN002417,CUST0495,PROD0043,2025-10-03,1,5.0,Debit Card,Delivered,151.95,2025,2025-10
TXN002418,CUST0229,PROD0076,2025-05-12,4,5.0,Bank Transfer,Delivered,111.34,2025,2025-05
TXN002419,CUST0011,PROD0096,2025-11-01,5,15.0,Cash,Shipped,81.13,2025,2025-11
TXN002420,CUST0421,PROD0092,2024-01-01,6,20.0,Credit Card,Delivered,1080.72,2024,2024-01
TXN002421,CUST0128,PROD0086,2025-12-25,3,10.0,Credit Card,Returned,2836.27,2025,2025-12
TXN002422,CUST0313,PROD0078,2024-01-01,5,25.0,Paypal,Shipped,254.18,2024,2024-01
TXN002423,CUST0402,PROD0078,2025-06-25,6,15.0,Debit Card,Cancelled,345.68,2025,2025-06
TXN002424,CUST0238,PROD0076,2025-03-25,3,30.0,Upi,Returned,61.53,2025,2025-03
TXN002425,CUST0053,PROD0053,2025-01-26,2,25.0,Paypal,Returned,66.28,2025,2025-01
TXN002426,CUST0488,PROD0007,2025-05-11,5,20.0,Upi,Cancelled,911.88,2025,2025-05
TXN002427,CUST0426,PROD0023,2024-11-26,2,15.0,Cash,Returned,899.33,2024,2024-11
TXN002428,CUST0299,PROD0073,2024-04-26,4,0.0,Debit Card,Returned,438.76,2024,2024-04
TXN002429,CUST0085,PROD0056,2024-01-01,1,15.0,Paypal,Delivered,397.95,2024,2024-01
TXN002430,CUST0264,PROD0059,2025-07-07,1,5.0,Upi,Delivered,51.51,2025,2025-07
TXN002431,CUST0431,PROD0021,2024-01-01,6,0.0,Bank Transfer,Shipped,386.34,2024,2024-01
TXN002432,CUST0436,PROD0070,2024-03-26,3,60.0,Cash,Pending,86.83,2024,2024-03
TXN002433,CUST0462,PROD0019,2024-04-24,4,0.0,Cash,Returned,124.52,2024,2024-04
TXN002434,CUST0476,PROD0085,2025-06-04,1,50.0,Upi,Returned,14.56,2025,2025-06
TXN002435,CUST0156,PROD0069,2024-05-21,1,40.0,Credit Card,Cancelled,33.47,2024,2024-05
TXN002436,CUST0293,PROD0057,2024-01-01,4,0.0,Cash,Processing,1832.48,2024,2024-01
TXN002437,CUST0032,PROD0004,2024-09-22,1,30.0,Paypal,Delivered,34.37,2024,2024-09
TXN002438,CUST0243,PROD0086,2024-04-05,2,30.0,Debit Card,Returned,1470.66,2024,2024-04
TXN002439,CUST0305,PROD0052,2024-04-03,6,5.0,Paypal,Pending,96.96,2024,2024-04
TXN002440,CUST0346,PROD0076,2024-10-03,5,30.0,Cash,Processing,102.55,2024,2024-10
TXN002441,CUST0238,PROD0093,2025-02-05,6,40.0,Credit Card,Returned,1149.16,2025,2025-02
TXN002442,CUST0023,PROD0076,2024-01-01,6,5.0,Bank Transfer,Shipped,167.01,2024,2024-01
TXN002443,CUST0405,PROD0075,2024-01-01,3,30.0,Credit Card,Pending,85.36,2024,2024-01
TXN002444,CUST0461,PROD0071,2025-10-19,2,40.0,Bank Transfer,Cancelled,993.71,2025,2025-10
TXN002445,CUST0171,PROD0093,2025-01-21,1,40.0,Upi,Processing,191.53,2025,2025-01
TXN002446,CUST0150,PROD0082,2024-02-16,4,20.0,Upi,Shipped,326.88,2024,2024-02
TXN002447,CUST0369,PROD0034,2025-09-18,1,20.0,Paypal,Returned,119.65,2025,2025-09
TXN002448,CUST0078,PROD0009,2024-01-01,2,50.0,Credit Card,Shipped,189.27,2024,2024-01
TXN002449,CUST0198,PROD0019,2024-06-12,5,15.0,Upi,Returned,132.3,2024,2024-06
TXN002450,CUST0278,PROD0070,2024-01-01,5,60.0,Upi,Returned,144.72,2024,2024-01
TXN002451,CUST0274,PROD0052,2025-06-29,5,15.0,Credit Card,Shipped,72.29,2025,2025-06
TXN002452,CUST0071,PROD0034,2025-02-08,2,50.0,Paypal,Shipped,149.56,2025,2025-02
TXN002453,CUST0218,PROD0003,2024-01-01,1,20.0,Debit Card,Cancelled,28.89,2024,2024-01
TXN002454,CUST0425,PROD0015,2025-08-23,2,25.0,Paypal,Cancelled,100.16,2025,2025-08
TXN002455,CUST0366,PROD0053,2024-04-20,2,40.0,Upi,Delivered,53.03,2024,2024-04
TXN002456,CUST0175,PROD0024,2024-09-11,3,25.0,Cash,Shipped,227.79,2024,2024-09
TXN002457,CUST0206,PROD0043,2024-01-01,2,25.0,Bank Transfer,Returned,239.92,2024,2024-01
TXN002458,CUST0254,PROD0019,2024-09-25,5,5.0,Upi,Delivered,147.87,2024,2024-09
TXN002459,CUST0333,PROD0005,2024-07-16,3,20.0,Credit Card,Shipped,149.69,2024,2024-07
TXN002460,CUST0206,PROD0009,2025-04-26,4,5.0,Cash,Processing,719.23,2025,2025-04
TXN002461,CUST0359,PROD0034,2025-08-31,5,50.0,Credit Card,Delivered,373.9,2025,2025-08
TXN002462,CUST0444,PROD0052,2025-04-17,2,5.0,Bank Transfer,Shipped,32.32,2025,2025-04
TXN002463,CUST0227,PROD0035,2025-02-27,1,15.0,Credit Card,Processing,264.97,2025,2025-02
TXN002464,CUST0471,PROD0051,2024-01-01,3,50.0,Upi,Cancelled,168.42,2024,2024-01
TXN002465,CUST0358,PROD0075,2024-01-01,5,50.0,Paypal,Returned,101.62,2024,2024-01
TXN002466,CUST0477,PROD0065,2025-01-25,3,5.0,Credit Card,Delivered,88.29,2025,2025-01
TXN002467,CUST0302,PROD0034,2024-11-17,1,5.0,Debit Card,Processing,142.08,2024,2024-11
TXN002468,CUST0370,PROD0077,2025-11-26,1,40.0,Credit Card,Cancelled,20.46,2025,2025-11
TXN002469,CUST0357,PROD0049,2025-12-12,3,5.0,Debit Card,Pending,369.87,2025,2025-12
TXN002470,CUST0041,PROD0055,2025-11-30,1,15.0,Cash,Shipped,892.84,2025,2025-11
TXN002471,CUST0107,PROD0054,2024-01-01,4,10.0,Debit Card,Returned,698.98,2024,2024-01
TXN002472,CUST0168,PROD0048,2025-09-05,4,40.0,Credit Card,Delivered,698.88,2025,2025-09
TXN002473,CUST0013,PROD0077,2025-11-02,5,20.0,Paypal,Returned,136.4,2025,2025-11
TXN002474,CUST0272,PROD0075,2024-09-13,1,20.0,Upi,Shipped,32.52,2024,2024-09
TXN002475,CUST0350,PROD0036,2024-01-01,4,30.0,Paypal,Shipped,591.25,2024,2024-01
TXN002476,CUST0026,PROD0042,2025-03-22,2,0.0,Bank Transfer,Delivered,104.12,2025,2025-03
TXN002477,CUST0217,PROD0047,2025-05-16,3,50.0,Credit Card,Pending,75.48,2025,2025-05
TXN002478,CUST0401,PROD0040,2024-01-01,2,50.0,Credit Card,Shipped,55.14,2024,2024-01
TXN002479,CUST0067,PROD0032,2025-01-13,4,30.0,Paypal,Processing,336.17,2025,2025-01
TXN002480,CUST0395,PROD0054,2024-12-10,3,0.0,Debit Card,Shipped,582.48,2024,2024-12
TXN002481,CUST0324,PROD0043,2025-09-10,3,15.0,Credit Card,Delivered,407.87,2025,2025-09
TXN002482,CUST0356,PROD0087,2024-01-01,2,5.0,Paypal,Processing,139.88,2024,2024-01
TXN002483,CUST0151,PROD0024,2025-04-07,4,40.0,Bank Transfer,Shipped,242.98,2025,2025-04
TXN002484,CUST0069,PROD0098,2024-11-19,1,30.0,Credit Card,Shipped,176.26,2024,2024-11
TXN002485,CUST0041,PROD0023,2024-01-01,1,5.0,Credit Card,Returned,502.57,2024,2024-01
TXN002486,CUST0274,PROD0067,2024-01-01,1,0.0,Unknown,Delivered,102.15,2024,2024-01
TXN002487,CUST0056,PROD0061,2025-08-25,4,40.0,Paypal,Processing,446.81,2025,2025-08
TXN002488,CUST0101,PROD0011,2024-06-26,5,25.0,Paypal,Delivered,302.85,2024,2024-06
TXN002489,CUST0477,PROD0035,2025-04-01,6,30.0,Bank Transfer,Processing,1309.27,2025,2025-04
TXN002490,CUST0327,PROD0055,2024-03-18,6,5.0,Paypal,Delivered,5987.28,2024,2024-03
TXN002491,CUST0105,PROD0068,2024-09-14,6,40.0,Credit Card,Cancelled,189.86,2024,2024-09
TXN002492,CUST0221,PROD0045,2024-01-01,6,30.0,Cash,Delivered,738.02,2024,2024-01
TXN002493,CUST0237,PROD0071,2024-12-24,2,25.0,Bank Transfer,Processing,1242.14,2024,2024-12
TXN002494,CUST0159,PROD0017,2024-05-06,5,15.0,Cash,Delivered,455.3,2024,2024-05
TXN002495,CUST0450,PROD0033,2025-01-05,1,0.0,Upi,Returned,125.87,2025,2025-01
TXN002496,CUST0157,PROD0084,2025-01-11,6,40.0,Credit Card,Processing,609.41,2025,2025-01
TXN002497,CUST0446,PROD0026,2024-01-01,2,15.0,Paypal,Pending,120.5,2024,2024-01
TXN002498,CUST0147,PROD0099,2025-07-04,6,40.0,Debit Card,Pending,139.32,2025,2025-07
TXN002499,CUST0225,PROD0100,2024-01-01,2,20.0,Paypal,Pending,177.94,2024,2024-01
TXN002500,CUST0087,PROD0004,2024-07-15,5,30.0,Paypal,Shipped,171.85,2024,2024-07
TXN002501,CUST0460,PROD0061,2024-12-28,1,50.0,Credit Card,Shipped,93.08,2024,2024-12
TXN002502,CUST0311,PROD0050,2024-09-09,3,25.0,Upi,Delivered,52.94,2024,2024-09
TXN002503,CUST0198,PROD0078,2024-08-23,6,50.0,Cash,Processing,203.34,2024,2024-08
TXN002504,CUST0137,PROD0080,2024-08-22,2,20.0,Credit Card,Delivered,299.25,2024,2024-08
TXN002505,CUST0440,PROD0090,2025-10-11,1,50.0,Debit Card,Shipped,73.68,2025,2025-10
TXN002506,CUST0226,PROD0061,2024-01-01,5,5.0,Upi,Delivered,884.31,2024,2024-01
TXN002507,CUST0089,PROD0036,2024-09-17,6,25.0,Bank Transfer,Returned,950.22,2024,2024-09
TXN002508,CUST0219,PROD0007,2024-01-01,5,25.0,Debit Card,Pending,854.89,2024,2024-01
TXN002509,CUST0309,PROD0080,2024-08-10,6,50.0,Debit Card,Delivered,561.09,2024,2024-08
TXN002510,CUST0329,PROD0088,2025-10-28,6,25.0,Upi,Shipped,1625.36,2025,2025-10
TXN002511,CUST0076,PROD0069,2025-04-12,5,20.0,Cash,Shipped,223.16,2025,2025-04
TXN002512,CUST0412,PROD0080,2025-08-04,4,60.0,Cash,Processing,299.25,2025,2025-08
TXN002513,CUST0454,PROD0098,2024-01-01,1,20.0,Credit Card,Pending,201.44,2024,2024-01
TXN002514,CUST0297,PROD0090,2024-05-16,1,20.0,Paypal,Processing,117.88,2024,2024-05
TXN002515,CUST0130,PROD0049,2024-08-26,1,60.0,Cash,Shipped,51.91,2024,2024-08
TXN002516,CUST0364,PROD0033,2024-01-01,2,15.0,Cash,Cancelled,213.98,2024,2024-01
TXN002517,CUST0304,PROD0058,2024-06-15,2,15.0,Debit Card,Processing,53.79,2024,2024-06
TXN002518,CUST0500,PROD0015,2025-10-23,5,40.0,Credit Card,Shipped,200.31,2025,2025-10
TXN002519,CUST0472,PROD0021,2024-01-01,2,50.0,Cash,Delivered,64.39,2024,2024-01
TXN002520,CUST0365,PROD0074,2024-01-01,2,10.0,Debit Card,Delivered,583.09,2024,2024-01
TXN002521,CUST0418,PROD0015,2024-01-16,2,10.0,Credit Card,Delivered,120.19,2024,2024-01
TXN002522,CUST0033,PROD0089,2025-06-18,4,25.0,Upi,Shipped,49.74,2025,2025-06
TXN002523,CUST0024,PROD0004,2025-06-04,5,50.0,Paypal,Shipped,122.75,2025,2025-06
TXN002524,CUST0063,PROD0002,2025-07-14,3,15.0,Credit Card,Shipped,187.02,2025,2025-07
TXN002525,CUST0408,PROD0012,2024-10-22,3,15.0,Cash,Returned,195.3,2024,2024-10
TXN002526,CUST0476,PROD0041,2025-10-27,6,5.0,Cash,Delivered,582.26,2025,2025-10
TXN002527,CUST0142,PROD0054,2024-01-01,2,15.0,Credit Card,Returned,330.07,2024,2024-01
TXN002528,CUST0210,PROD0076,2024-11-19,1,0.0,Credit Card,Cancelled,29.3,2024,2024-11
TXN002529,CUST0376,PROD0099,2024-01-18,4,10.0,Credit Card,Delivered,139.32,2024,2024-01
TXN002530,CUST0419,PROD0036,2024-01-01,5,30.0,Paypal,Shipped,739.06,2024,2024-01
TXN002531,CUST0170,PROD0003,2025-12-06,4,30.0,Upi,Shipped,101.11,2025,2025-12
TXN002532,CUST0138,PROD0012,2024-03-16,3,30.0,Credit Card,Returned,160.84,2024,2024-03
TXN002533,CUST0445,PROD0012,2024-01-01,3,15.0,Bank Transfer,Delivered,195.3,2024,2024-01
TXN002534,CUST0414,PROD0058,2024-01-01,1,30.0,Bank Transfer,Pending,22.15,2024,2024-01
TXN002535,CUST0022,PROD0067,2025-09-21,3,50.0,Upi,Shipped,153.23,2025,2025-09
TXN002536,CUST0215,PROD0071,2024-07-26,5,10.0,Upi,Shipped,3726.4,2024,2024-07
TXN002537,CUST0082,PROD0050,2025-09-13,1,50.0,Upi,Shipped,11.76,2025,2025-09
TXN002538,CUST0286,PROD0072,2025-06-16,5,5.0,Paypal,Pending,910.43,2025,2025-06
TXN002539,CUST0401,PROD0079,2024-03-15,1,25.0,Upi,Processing,622.87,2024,2024-03
TXN002540,CUST0186,PROD0059,2024-03-20,4,30.0,Credit Card,Unknown,151.82,2024,2024-03
TXN002541,CUST0065,PROD0003,2024-01-01,4,25.0,Paypal,Processing,108.33,2024,2024-01
TXN002542,CUST0195,PROD0002,2024-11-05,5,0.0,Credit Card,Processing,366.7,2024,2024-11
TXN002543,CUST0482,PROD0010,2025-04-17,3,50.0,Credit Card,Shipped,157.74,2025,2025-04
TXN002544,CUST0236,PROD0063,2025-04-12,6,5.0,Paypal,Pending,2518.37,2025,2025-04
TXN002545,CUST0152,PROD0050,2025-09-08,1,5.0,Cash,Processing,22.35,2025,2025-09
TXN002546,CUST0144,PROD0012,2025-09-15,5,30.0,Paypal,Shipped,268.06,2025,2025-09
TXN002547,CUST0137,PROD0023,2024-06-15,5,40.0,Credit Card,Shipped,1587.06,2024,2024-06
TXN002548,CUST0231,PROD0007,2024-01-01,6,25.0,Bank Transfer,Processing,1025.86,2024,2024-01
TXN002549,CUST0054,PROD0071,2024-12-20,3,25.0,Paypal,Delivered,1863.2,2024,2024-12
TXN002550,CUST0164,PROD0056,2024-01-01,1,60.0,Paypal,Processing,187.27,2024,2024-01
TXN002551,CUST0433,PROD0047,2025-05-23,6,60.0,Credit Card,Delivered,120.77,2025,2025-05
TXN002552,CUST0033,PROD0081,2024-01-01,6,25.0,Upi,Returned,280.62,2024,2024-01
TXN002553,CUST0487,PROD0007,2025-04-15,2,10.0,Bank Transfer,Pending,410.35,2025,2025-04
TXN002554,CUST0091,PROD0065,2024-06-15,5,25.0,Bank Transfer,Delivered,116.18,2024,2024-06
TXN002555,CUST0030,PROD0012,2024-01-01,6,50.0,Paypal,Processing,229.77,2024,2024-01
TXN002556,CUST0353,PROD0034,2025-04-08,1,10.0,Upi,Shipped,134.6,2025,2025-04
TXN002557,CUST0200,PROD0070,2025-01-17,4,5.0,Credit Card,Delivered,274.97,2025,2025-01
TXN002558,CUST0483,PROD0072,2025-10-18,1,5.0,Debit Card,Delivered,182.09,2025,2025-10
TXN002559,CUST0500,PROD0001,2025-09-17,4,5.0,Debit Card,Delivered,669.07,2025,2025-09
TXN002560,CUST0096,PROD0055,2024-03-23,1,25.0,Upi,Pending,787.8,2024,2024-03
TXN002561,CUST0028,PROD0073,2024-05-19,1,0.0,Paypal,Shipped,109.69,2024,2024-05
TXN002562,CUST0415,PROD0056,2024-01-01,6,0.0,Credit Card,Pending,2809.08,2024,2024-01
TXN002563,CUST0132,PROD0090,2024-01-01,5,60.0,Bank Transfer,Delivered,294.7,2024,2024-01
TXN002564,CUST0358,PROD0038,2024-08-20,2,60.0,Cash,Pending,57.74,2024,2024-08
TXN002565,CUST0212,PROD0076,2025-07-22,2,30.0,Credit Card,Processing,41.02,2025,2025-07
TXN002566,CUST0305,PROD0033,2024-10-12,1,30.0,Debit Card,Processing,88.11,2024,2024-10
TXN002567,CUST0243,PROD0026,2024-01-01,1,15.0,Debit Card,Delivered,60.25,2024,2024-01
TXN002568,CUST0133,PROD0043,2024-02-16,3,50.0,Upi,Cancelled,239.92,2024,2024-02
TXN002569,CUST0351,PROD0024,2024-01-01,3,15.0,Credit Card,Pending,258.16,2024,2024-01
TXN002570,CUST0132,PROD0068,2024-09-04,2,30.0,Cash,Delivered,73.84,2024,2024-09
TXN002571,CUST0208,PROD0035,2025-07-12,1,30.0,Paypal,Cancelled,218.21,2025,2025-07
TXN002572,CUST0302,PROD0071,2024-08-12,3,20.0,Cash,Cancelled,1987.42,2024,2024-08
TXN002573,CUST0281,PROD0039,2024-06-30,2,30.0,Bank Transfer,Shipped,78.61,2024,2024-06
TXN002574,CUST0469,PROD0018,2024-01-01,3,25.0,Credit Card,Pending,266.36,2024,2024-01
TXN002575,CUST0418,PROD0057,2024-10-10,1,30.0,Credit Card,Pending,320.68,2024,2024-10
TXN002576,CUST0318,PROD0043,2024-01-01,3,30.0,Paypal,Cancelled,335.9,2024,2024-01
TXN002577,CUST0290,PROD0024,2024-01-10,1,50.0,Credit Card,Delivered,50.62,2024,2024-01
TXN002578,CUST0055,PROD0006,2025-05-20,6,20.0,Credit Card,Shipped,1158.19,2025,2025-05
TXN002579,CUST0456,PROD0030,2024-04-12,1,40.0,Cash,Shipped,36.46,2024,2024-04
TXN002580,CUST0049,PROD0077,2025-12-04,2,25.0,Bank Transfer,Pending,51.15,2025,2025-12
TXN002581,CUST0350,PROD0050,2024-02-25,6,10.0,Paypal,Delivered,127.06,2024,2024-02
TXN002582,CUST0208,PROD0092,2025-09-27,2,25.0,Bank Transfer,Shipped,337.72,2025,2025-09
TXN002583,CUST0350,PROD0023,2024-01-01,6,10.0,Paypal,Pending,2856.71,2024,2024-01
TXN002584,CUST0462,PROD0041,2024-01-01,1,0.0,Paypal,Shipped,102.15,2024,2024-01
TXN002585,CUST0359,PROD0007,2024-01-01,1,25.0,Upi,Processing,170.98,2024,2024-01
TXN002586,CUST0465,PROD0045,2025-11-01,6,60.0,Bank Transfer,Pending,421.73,2025,2025-11
TXN002587,CUST0325,PROD0080,2024-12-13,4,20.0,Credit Card,Pending,598.5,2024,2024-12
TXN002588,CUST0052,PROD0098,2025-03-29,2,10.0,Paypal,Delivered,453.24,2025,2025-03
TXN002589,CUST0477,PROD0046,2025-12-26,5,25.0,Credit Card,Cancelled,691.58,2025,2025-12
TXN002590,CUST0342,PROD0097,2024-01-01,1,30.0,Bank Transfer,Cancelled,25.67,2024,2024-01
TXN002591,CUST0497,PROD0039,2024-01-13,6,60.0,Debit Card,Delivered,134.76,2024,2024-01
TXN002592,CUST0143,PROD0045,2024-05-09,2,30.0,Credit Card,Returned,246.01,2024,2024-05
TXN002593,CUST0033,PROD0010,2025-07-09,6,60.0,Debit Card,Cancelled,252.38,2025,2025-07
TXN002594,CUST0335,PROD0044,2025-09-22,2,50.0,Credit Card,Delivered,103.45,2025,2025-09
TXN002595,CUST0390,PROD0097,2024-09-06,6,25.0,Credit Card,Processing,165.02,2024,2024-09
TXN002596,CUST0024,PROD0047,2024-01-01,1,0.0,Upi,Pending,50.32,2024,2024-01
TXN002597,CUST0292,PROD0074,2024-01-01,1,30.0,Upi,Delivered,226.76,2024,2024-01
TXN002598,CUST0038,PROD0070,2025-01-31,4,40.0,Bank Transfer,Delivered,173.66,2025,2025-01
TXN002599,CUST0399,PROD0090,2024-09-04,5,20.0,Unknown,Cancelled,589.4,2024,2024-09
TXN002600,CUST0340,PROD0025,2025-08-06,3,60.0,Credit Card,Cancelled,947.36,2025,2025-08
TXN002601,CUST0011,PROD0001,2024-01-01,4,30.0,Paypal,Delivered,493.0,2024,2024-01
TXN002602,CUST0168,PROD0002,2024-08-11,6,25.0,Credit Card,Shipped,330.03,2024,2024-08
TXN002603,CUST0253,PROD0028,2025-01-23,3,10.0,Upi,Processing,2416.8,2025,2025-01
TXN002604,CUST0147,PROD0014,2024-01-01,3,10.0,Credit Card,Processing,47.17,2024,2024-01
TXN002605,CUST0339,PROD0074,2025-12-20,2,15.0,Bank Transfer,Delivered,550.7,2025,2025-12
TXN002606,CUST0439,PROD0013,2024-03-12,6,0.0,Credit Card,Shipped,520.56,2024,2024-03
TXN002607,CUST0430,PROD0087,2024-01-01,2,0.0,Cash,Shipped,147.24,2024,2024-01
TXN002608,CUST0262,PROD0033,2024-09-05,2,5.0,Debit Card,Shipped,239.15,2024,2024-09
TXN002609,CUST0202,PROD0057,2024-08-13,5,0.0,Bank Transfer,Delivered,2290.6,2024,2024-08
TXN002610,CUST0491,PROD0059,2024-12-08,5,50.0,Paypal,Delivered,135.55,2024,2024-12
TXN002611,CUST0439,PROD0073,2024-01-01,2,60.0,Upi,Returned,87.75,2024,2024-01
TXN002612,CUST0086,PROD0051,2024-02-17,2,30.0,Paypal,Delivered,157.19,2024,2024-02
TXN002613,CUST0453,PROD0089,2024-05-24,3,25.0,Cash,Processing,37.3,2024,2024-05
TXN002614,CUST0040,PROD0033,2025-04-18,1,60.0,Paypal,Delivered,50.35,2025,2025-04
TXN002615,CUST0465,PROD0057,2024-04-27,3,10.0,Upi,Delivered,1236.92,2024,2024-04
TXN002616,CUST0093,PROD0025,2025-03-17,2,5.0,Paypal,Shipped,1499.99,2025,2025-03
TXN002617,CUST0181,PROD0068,2024-05-07,5,40.0,Credit Card,Delivered,158.22,2024,2024-05
TXN002618,CUST0290,PROD0013,2024-01-01,1,50.0,Upi,Cancelled,43.38,2024,2024-01
TXN002619,CUST0275,PROD0048,2024-12-06,5,25.0,Credit Card,Pending,1092.0,2024,2024-12
TXN002620,CUST0354,PROD0061,2024-06-20,6,5.0,Upi,Delivered,1061.17,2024,2024-06
TXN002621,CUST0363,PROD0007,2024-12-13,4,50.0,Upi,Shipped,455.94,2024,2024-12
TXN002622,CUST0281,PROD0049,2025-09-15,5,60.0,Paypal,Processing,259.56,2025,2025-09
TXN002623,CUST0412,PROD0066,2024-10-09,3,0.0,Debit Card,Processing,276.45,2024,2024-10
TXN002624,CUST0087,PROD0093,2025-05-03,1,0.0,Paypal,Cancelled,319.21,2025,2025-05
TXN002625,CUST0315,PROD0038,2024-01-01,6,15.0,Paypal,Processing,368.12,2024,2024-01
TXN002626,CUST0031,PROD0033,2024-03-31,3,40.0,Bank Transfer,Cancelled,226.57,2024,2024-03
TXN002627,CUST0375,PROD0017,2025-06-21,1,5.0,Upi,Delivered,101.77,2025,2025-06
TXN002628,CUST0296,PROD0078,2025-12-28,6,0.0,Paypal,Delivered,406.68,2025,2025-12
TXN002629,CUST0066,PROD0005,2024-01-01,1,20.0,Paypal,Cancelled,49.9,2024,2024-01
TXN002630,CUST0437,PROD0017,2024-05-13,4,40.0,Credit Card,Processing,257.11,2024,2024-05
TXN002631,CUST0357,PROD0014,2024-09-06,6,15.0,Credit Card,Processing,89.1,2024,2024-09
TXN002632,CUST0258,PROD0012,2024-01-01,1,30.0,Bank Transfer,Shipped,53.61,2024,2024-01
TXN002633,CUST0101,PROD0001,2025-11-29,3,60.0,Upi,Pending,211.28,2025,2025-11
TXN002634,CUST0234,PROD0059,2024-12-30,5,5.0,Cash,Cancelled,257.54,2024,2024-12
TXN002635,CUST0068,PROD0099,2024-01-01,1,10.0,Debit Card,Shipped,34.83,2024,2024-01
TXN002636,CUST0350,PROD0088,2024-03-16,3,30.0,Credit Card,Processing,758.5,2024,2024-03
TXN002637,CUST0299,PROD0096,2025-06-27,1,0.0,Bank Transfer,Cancelled,19.09,2025,2025-06
TXN002638,CUST0432,PROD0095,2025-07-08,1,60.0,Upi,Shipped,64.18,2025,2025-07
TXN002639,CUST0084,PROD0020,2024-01-01,2,5.0,Upi,Pending,172.41,2024,2024-01
TXN002640,CUST0008,PROD0065,2024-01-01,4,50.0,Credit Card,Shipped,61.96,2024,2024-01
TXN002641,CUST0431,PROD0051,2025-04-16,4,15.0,Upi,Processing,381.75,2025,2025-04
TXN002642,CUST0044,PROD0074,2025-06-08,3,25.0,Credit Card,Returned,728.86,2025,2025-06
TXN002643,CUST0298,PROD0037,2024-09-17,6,0.0,Paypal,Shipped,185.1,2024,2024-09
TXN002644,CUST0201,PROD0026,2025-12-02,5,15.0,Upi,Shipped,301.24,2025,2025-12
TXN002645,CUST0177,PROD0002,2024-11-05,5,30.0,Paypal,Pending,256.69,2024,2024-11
TXN002646,CUST0098,PROD0017,2024-01-01,2,30.0,Debit Card,Shipped,149.98,2024,2024-01
TXN002647,CUST0152,PROD0019,2024-09-18,4,10.0,Credit Card,Delivered,112.07,2024,2024-09
TXN002648,CUST0137,PROD0087,2024-06-03,6,50.0,Cash,Delivered,220.86,2024,2024-06
TXN002649,CUST0274,PROD0095,2025-05-19,6,60.0,Debit Card,Shipped,385.06,2025,2025-05
TXN002650,CUST0076,PROD0082,2024-09-02,3,5.0,Upi,Returned,291.13,2024,2024-09
TXN002651,CUST0287,PROD0044,2024-01-01,6,20.0,Paypal,Processing,496.56,2024,2024-01
TXN002652,CUST0456,PROD0047,2024-01-01,3,50.0,Upi,Cancelled,75.48,2024,2024-01
TXN002653,CUST0126,PROD0034,2024-01-01,6,15.0,Debit Card,Shipped,762.76,2024,2024-01
TXN002654,CUST0362,PROD0047,2025-11-15,4,30.0,Credit Card,Delivered,140.9,2025,2025-11
TXN002655,CUST0369,PROD0035,2025-01-13,6,30.0,Bank Transfer,Pending,1309.27,2025,2025-01
TXN002656,CUST0170,PROD0059,2025-02-15,6,20.0,Credit Card,Cancelled,260.26,2025,2025-02
TXN002657,CUST0185,PROD0031,2025-03-23,5,40.0,Bank Transfer,Shipped,140.22,2025,2025-03
TXN002658,CUST0198,PROD0094,2025-08-31,4,5.0,Upi,Cancelled,391.63,2025,2025-08
TXN002659,CUST0464,PROD0036,2024-05-09,2,25.0,Bank Transfer,Delivered,316.74,2024,2024-05
TXN002660,CUST0012,PROD0069,2024-01-01,5,25.0,Bank Transfer,Shipped,209.21,2024,2024-01
TXN002661,CUST0418,PROD0044,2024-07-08,5,10.0,Credit Card,Delivered,465.52,2024,2024-07
TXN002662,CUST0295,PROD0049,2024-01-01,4,10.0,Debit Card,Cancelled,467.21,2024,2024-01
TXN002663,CUST0007,PROD0059,2024-10-09,2,25.0,Debit Card,Returned,81.33,2024,2024-10
TXN002664,CUST0093,PROD0050,2024-05-05,1,20.0,Cash,Cancelled,18.82,2024,2024-05
TXN002665,CUST0127,PROD0021,2025-03-01,3,25.0,Bank Transfer,Cancelled,144.88,2025,2025-03
TXN002666,CUST0368,PROD0008,2025-04-08,4,15.0,Paypal,Cancelled,332.89,2025,2025-04
TXN002667,CUST0054,PROD0088,2024-01-01,5,5.0,Paypal,Unknown,1715.65,2024,2024-01
TXN002668,CUST0471,PROD0022,2024-05-25,1,25.0,Cash,Pending,134.8,2024,2024-05
TXN002669,CUST0048,PROD0072,2024-01-01,2,15.0,Credit Card,Returned,325.84,2024,2024-01
TXN002670,CUST0379,PROD0023,2025-03-19,4,20.0,Bank Transfer,Pending,1692.86,2025,2025-03
TXN002671,CUST0025,PROD0015,2025-05-24,6,10.0,Credit Card,Shipped,360.56,2025,2025-05
TXN002672,CUST0408,PROD0044,2024-05-31,4,40.0,Paypal,Processing,248.28,2024,2024-05
TXN002673,CUST0296,PROD0056,2024-01-01,3,30.0,Upi,Cancelled,983.18,2024,2024-01
TXN002674,CUST0240,PROD0001,2024-01-01,1,0.0,Credit Card,Processing,176.07,2024,2024-01
TXN002675,CUST0417,PROD0057,2025-07-03,1,25.0,Credit Card,Delivered,343.59,2025,2025-07
TXN002676,CUST0019,PROD0004,2024-06-04,6,10.0,Paypal,Shipped,265.14,2024,2024-06
TXN002677,CUST0159,PROD0024,2024-11-23,6,15.0,Debit Card,Shipped,516.32,2024,2024-11
TXN002678,CUST0014,PROD0078,2024-11-04,5,5.0,Upi,Shipped,321.96,2024,2024-11
TXN002679,CUST0271,PROD0081,2025-12-11,4,10.0,Credit Card,Cancelled,224.5,2025,2025-12
TXN002680,CUST0063,PROD0026,2025-01-22,3,25.0,Paypal,Shipped,159.48,2025,2025-01
TXN002681,CUST0091,PROD0093,2024-01-01,6,10.0,Paypal,Cancelled,1723.73,2024,2024-01
TXN002682,CUST0177,PROD0017,2025-01-17,3,15.0,Upi,Processing,273.18,2025,2025-01
TXN002683,CUST0087,PROD0020,2025-10-17,4,15.0,Upi,Processing,308.52,2025,2025-10
TXN002684,CUST0001,PROD0037,2024-01-01,6,15.0,Credit Card,Cancelled,157.34,2024,2024-01
TXN002685,CUST0067,PROD0030,2025-03-09,1,50.0,Credit Card,Delivered,30.38,2025,2025-03
TXN002686,CUST0241,PROD0051,2024-01-01,5,40.0,Credit Card,Processing,336.84,2024,2024-01
TXN002687,CUST0200,PROD0078,2025-05-24,5,10.0,Upi,Shipped,305.01,2025,2025-05
TXN002688,CUST0020,PROD0013,2024-01-01,1,10.0,Upi,Shipped,78.08,2024,2024-01
TXN002689,CUST0182,PROD0083,2025-07-20,5,50.0,Paypal,Shipped,255.38,2025,2025-07
TXN002690,CUST0494,PROD0064,2025-11-13,4,20.0,Cash,Returned,172.67,2025,2025-11
TXN002691,CUST0400,PROD0052,2025-05-04,3,40.0,Bank Transfer,Processing,30.62,2025,2025-05
TXN002692,CUST0075,PROD0027,2024-08-09,2,10.0,Paypal,Delivered,162.92,2024,2024-08
TXN002693,CUST0325,PROD0014,2025-09-14,3,10.0,Credit Card,Processing,47.17,2025,2025-09
TXN002694,CUST0368,PROD0086,2025-12-02,2,10.0,Credit Card,Shipped,1890.85,2025,2025-12
TXN002695,CUST0030,PROD0049,2024-01-01,3,15.0,Credit Card,Delivered,330.94,2024,2024-01
TXN002696,CUST0461,PROD0050,2024-09-05,6,40.0,Upi,Shipped,84.71,2024,2024-09
TXN002697,CUST0438,PROD0083,2024-04-27,1,20.0,Upi,Pending,81.72,2024,2024-04
TXN002698,CUST0142,PROD0014,2024-08-29,4,25.0,Upi,Returned,52.41,2024,2024-08
TXN002699,CUST0396,PROD0016,2025-10-30,3,10.0,Credit Card,Shipped,107.38,2025,2025-10
TXN002700,CUST0113,PROD0100,2025-01-29,4,0.0,Cash,Returned,444.84,2025,2025-01
TXN002701,CUST0340,PROD0052,2024-08-22,6,40.0,Credit Card,Shipped,61.24,2024,2024-08
TXN002702,CUST0033,PROD0041,2024-01-01,1,25.0,Credit Card,Returned,76.61,2024,2024-01
TXN002703,CUST0410,PROD0023,2024-01-01,1,25.0,Debit Card,Shipped,396.76,2024,2024-01
TXN002704,CUST0369,PROD0035,2024-03-14,5,25.0,Credit Card,Shipped,1168.99,2024,2024-03
TXN002705,CUST0140,PROD0003,2025-08-06,1,60.0,Upi,Cancelled,14.44,2025,2025-08
TXN002706,CUST0303,PROD0042,2024-01-01,4,25.0,Paypal,Delivered,156.18,2024,2024-01
TXN002707,CUST0245,PROD0001,2024-05-20,3,10.0,Upi,Processing,475.39,2024,2024-05
TXN002708,CUST0342,PROD0002,2024-03-13,6,40.0,Debit Card,Processing,264.02,2024,2024-03
TXN002709,CUST0374,PROD0085,2024-01-01,3,5.0,Upi,Cancelled,82.96,2024,2024-01
TXN002710,CUST0385,PROD0092,2025-03-16,4,40.0,Cash,Pending,540.36,2025,2025-03
TXN002711,CUST0208,PROD0005,2025-08-02,4,15.0,Debit Card,Processing,212.06,2025,2025-08
TXN002712,CUST0219,PROD0063,2025-05-10,1,60.0,Unknown,Processing,176.73,2025,2025-05
TXN002713,CUST0225,PROD0084,2025-02-02,1,40.0,Credit Card,Pending,101.57,2025,2025-02
TXN002714,CUST0333,PROD0070,2025-03-06,2,15.0,Bank Transfer,Cancelled,123.01,2025,2025-03
TXN002715,CUST0060,PROD0078,2024-04-03,4,25.0,Bank Transfer,Cancelled,203.34,2024,2024-04
TXN002716,CUST0016,PROD0066,2024-01-01,5,25.0,Paypal,Cancelled,345.56,2024,2024-01
TXN002717,CUST0064,PROD0019,2024-01-01,1,60.0,Debit Card,Delivered,12.45,2024,2024-01
TXN002718,CUST0432,PROD0004,2024-12-23,4,20.0,Bank Transfer,Pending,157.12,2024,2024-12
TXN002719,CUST0410,PROD0037,2025-05-06,6,0.0,Credit Card,Processing,185.1,2025,2025-05
TXN002720,CUST0216,PROD0072,2024-01-01,3,20.0,Cash,Shipped,460.01,2024,2024-01
TXN002721,CUST0255,PROD0052,2024-10-31,4,60.0,Paypal,Returned,27.22,2024,2024-10
TXN002722,CUST0454,PROD0012,2025-03-05,4,25.0,Upi,Delivered,229.77,2025,2025-03
TXN002723,CUST0132,PROD0043,2024-01-01,4,15.0,Credit Card,Delivered,543.83,2024,2024-01
TXN002724,CUST0358,PROD0029,2025-04-26,1,60.0,Upi,Returned,58.26,2025,2025-04
TXN002725,CUST0290,PROD0055,2025-09-23,4,40.0,Debit Card,Shipped,2520.96,2025,2025-09
TXN002726,CUST0452,PROD0082,2025-08-02,3,10.0,Upi,Cancelled,275.81,2025,2025-08
TXN002727,CUST0026,PROD0089,2025-01-14,3,0.0,Paypal,Delivered,49.74,2025,2025-01
TXN002728,CUST0180,PROD0015,2024-01-01,2,40.0,Upi,Cancelled,80.12,2024,2024-01
TXN002729,CUST0219,PROD0039,2024-08-28,3,60.0,Bank Transfer,Delivered,67.38,2024,2024-08
TXN002730,CUST0314,PROD0051,2024-01-01,4,30.0,Upi,Returned,314.38,2024,2024-01
TXN002731,CUST0498,PROD0043,2024-09-25,6,15.0,Bank Transfer,Returned,815.74,2024,2024-09
TXN002732,CUST0403,PROD0010,2024-11-08,1,30.0,Upi,Cancelled,73.61,2024,2024-11
TXN002733,CUST0427,PROD0091,2024-09-21,5,40.0,Bank Transfer,Cancelled,1919.52,2024,2024-09
TXN002734,CUST0295,PROD0035,2025-02-23,1,50.0,Cash,Processing,155.86,2025,2025-02
TXN002735,CUST0075,PROD0029,2024-02-18,3,50.0,Upi,Processing,218.48,2024,2024-02
TXN002736,CUST0310,PROD0093,2025-05-03,2,60.0,Cash,Returned,255.37,2025,2025-05
TXN002737,CUST0052,PROD0032,2024-01-01,1,60.0,Paypal,Processing,48.02,2024,2024-01
TXN002738,CUST0032,PROD0089,2024-06-26,4,0.0,Paypal,Delivered,66.32,2024,2024-06
TXN002739,CUST0155,PROD0067,2024-01-01,3,30.0,Credit Card,Delivered,214.52,2024,2024-01
TXN002740,CUST0242,PROD0075,2024-05-15,1,15.0,Credit Card,Delivered,34.55,2024,2024-05
TXN002741,CUST0155,PROD0036,2025-08-03,3,30.0,Debit Card,Processing,443.44,2025,2025-08
TXN002742,CUST0371,PROD0079,2024-08-16,1,0.0,Paypal,Delivered,830.49,2024,2024-08
TXN002743,CUST0055,PROD0018,2024-04-27,3,40.0,Credit Card,Shipped,213.08,2024,2024-04
TXN002744,CUST0443,PROD0046,2024-01-01,5,30.0,Upi,Delivered,645.47,2024,2024-01
TXN002745,CUST0299,PROD0044,2025-10-05,4,0.0,Cash,Shipped,413.8,2025,2025-10
TXN002746,CUST0498,PROD0011,2025-08-10,2,5.0,Bank Transfer,Delivered,153.44,2025,2025-08
TXN002747,CUST0283,PROD0039,2024-07-12,6,25.0,Upi,Shipped,252.68,2024,2024-07
TXN002748,CUST0114,PROD0011,2024-03-15,5,50.0,Credit Card,Delivered,201.9,2024,2024-03
TXN002749,CUST0454,PROD0027,2024-10-30,2,30.0,Paypal,Processing,126.71,2024,2024-10
TXN002750,CUST0018,PROD0032,2024-01-01,4,20.0,Paypal,Returned,384.19,2024,2024-01
TXN002751,CUST0209,PROD0027,2024-01-01,1,20.0,Upi,Pending,72.41,2024,2024-01
TXN002752,CUST0366,PROD0075,2025-03-01,6,30.0,Cash,Delivered,170.73,2025,2025-03
TXN002753,CUST0017,PROD0071,2025-10-28,6,10.0,Bank Transfer,Shipped,4471.69,2025,2025-10
TXN002754,CUST0386,PROD0075,2024-01-01,6,5.0,Paypal,Pending,231.7,2024,2024-01
TXN002755,CUST0456,PROD0037,2024-03-06,3,15.0,Credit Card,Returned,78.67,2024,2024-03
TXN002756,CUST0107,PROD0041,2024-02-29,2,50.0,Credit Card,Delivered,102.15,2024,2024-02
TXN002757,CUST0418,PROD0072,2025-09-16,4,30.0,Credit Card,Processing,536.68,2025,2025-09
TXN002758,CUST0230,PROD0097,2024-01-01,2,15.0,Upi,Processing,62.34,2024,2024-01
TXN002759,CUST0267,PROD0020,2025-09-30,1,10.0,Credit Card,Processing,81.67,2025,2025-09
TXN002760,CUST0170,PROD0052,2025-08-10,2,15.0,Credit Card,Cancelled,28.92,2025,2025-08
TXN002761,CUST0012,PROD0029,2024-01-01,4,40.0,Paypal,Shipped,349.56,2024,2024-01
TXN002762,CUST0376,PROD0089,2024-05-05,4,40.0,Credit Card,Delivered,39.79,2024,2024-05
TXN002763,CUST0225,PROD0055,2024-05-25,5,60.0,Credit Card,Delivered,2100.8,2024,2024-05
TXN002764,CUST0128,PROD0096,2024-02-28,3,25.0,Upi,Delivered,42.95,2024,2024-02
TXN002765,CUST0041,PROD0023,2024-01-01,5,50.0,Bank Transfer,Pending,1322.55,2024,2024-01
TXN002766,CUST0088,PROD0031,2024-01-30,3,10.0,Credit Card,Processing,126.2,2024,2024-01
TXN002767,CUST0277,PROD0038,2025-04-14,5,0.0,Debit Card,Pending,360.9,2025,2025-04
TXN002768,CUST0368,PROD0021,2024-06-16,2,25.0,Credit Card,Delivered,96.58,2024,2024-06
TXN002769,CUST0030,PROD0057,2025-02-27,6,50.0,Paypal,Shipped,1374.36,2025,2025-02
TXN002770,CUST0426,PROD0061,2025-10-19,6,40.0,Credit Card,Returned,670.21,2025,2025-10
TXN002771,CUST0212,PROD0014,2024-01-01,2,20.0,Credit Card,Shipped,27.95,2024,2024-01
TXN002772,CUST0185,PROD0082,2024-01-01,5,40.0,Paypal,Pending,306.45,2024,2024-01
TXN002773,CUST0174,PROD0065,2024-03-06,2,25.0,Credit Card,Delivered,46.47,2024,2024-03
TXN002774,CUST0198,PROD0051,2025-06-30,6,20.0,Cash,Processing,538.94,2025,2025-06
TXN002775,CUST0485,PROD0032,2025-05-12,6,15.0,Paypal,Shipped,612.31,2025,2025-05
TXN002776,CUST0407,PROD0024,2024-04-12,1,5.0,Credit Card,Shipped,96.18,2024,2024-04
TXN002777,CUST0272,PROD0059,2025-06-09,2,25.0,Cash,Shipped,81.33,2025,2025-06
TXN002778,CUST0414,PROD0096,2025-09-20,6,5.0,Paypal,Delivered,108.81,2025,2025-09
TXN002779,CUST0442,PROD0063,2024-01-01,1,15.0,Paypal,Delivered,375.55,2024,2024-01
TXN002780,CUST0054,PROD0076,2025-09-26,3,25.0,Paypal,Delivered,65.93,2025,2025-09
TXN002781,CUST0377,PROD0098,2024-04-22,1,10.0,Paypal,Processing,226.62,2024,2024-04
TXN002782,CUST0464,PROD0064,2025-02-01,3,15.0,Upi,Pending,137.6,2025,2025-02
TXN002783,CUST0094,PROD0021,2024-01-01,3,10.0,Paypal,Shipped,173.85,2024,2024-01
TXN002784,CUST0193,PROD0023,2025-01-20,3,20.0,Upi,Cancelled,1269.65,2025,2025-01
TXN002785,CUST0466,PROD0025,2024-01-02,5,15.0,Upi,Returned,3355.25,2024,2024-01
TXN002786,CUST0151,PROD0039,2024-01-01,3,50.0,Cash,Pending,84.22,2024,2024-01
TXN002787,CUST0261,PROD0077,2025-08-17,1,20.0,Paypal,Delivered,27.28,2025,2025-08
TXN002788,CUST0412,PROD0022,2024-01-01,5,30.0,Cash,Delivered,629.05,2024,2024-01
TXN002789,CUST0037,PROD0079,2024-11-16,6,40.0,Paypal,Returned,2989.76,2024,2024-11
TXN002790,CUST0320,PROD0090,2024-07-05,4,15.0,Paypal,Delivered,500.99,2024,2024-07
TXN002791,CUST0213,PROD0030,2024-10-01,4,40.0,Paypal,Delivered,145.85,2024,2024-10
TXN002792,CUST0407,PROD0022,2024-06-12,5,10.0,Credit Card,Shipped,808.78,2024,2024-06
TXN002793,CUST0042,PROD0052,2024-01-01,1,10.0,Paypal,Delivered,15.31,2024,2024-01
TXN002794,CUST0335,PROD0048,2024-01-01,2,10.0,Bank Transfer,Unknown,524.16,2024,2024-01
TXN002795,CUST0037,PROD0042,2025-02-24,1,10.0,Credit Card,Delivered,46.85,2025,2025-02
TXN002796,CUST0388,PROD0086,2025-12-18,4,15.0,Upi,Cancelled,3571.6,2025,2025-12
TXN002797,CUST0238,PROD0086,2024-06-06,4,10.0,Bank Transfer,Processing,3781.69,2024,2024-06
TXN002798,CUST0022,PROD0056,2025-01-21,3,20.0,Cash,Delivered,1123.63,2025,2025-01
TXN002799,CUST0331,PROD0086,2025-07-18,1,15.0,Upi,Shipped,892.9,2025,2025-07
TXN002800,CUST0115,PROD0084,2024-01-01,1,20.0,Cash,Cancelled,135.42,2024,2024-01
TXN002801,CUST0361,PROD0021,2024-03-06,1,10.0,Paypal,Shipped,57.95,2024,2024-03
TXN002802,CUST0487,PROD0023,2024-03-19,6,20.0,Cash,Shipped,2539.3,2024,2024-03
TXN002803,CUST0365,PROD0048,2025-07-05,4,50.0,Upi,Pending,582.4,2025,2025-07
TXN002804,CUST0206,PROD0039,2024-01-09,5,5.0,Cash,Delivered,266.71,2024,2024-01
TXN002805,CUST0135,PROD0072,2024-01-01,4,20.0,Bank Transfer,Processing,613.34,2024,2024-01
TXN002806,CUST0429,PROD0087,2024-01-01,4,10.0,Cash,Pending,265.03,2024,2024-01
TXN002807,CUST0227,PROD0082,2024-01-01,2,25.0,Cash,Delivered,153.23,2024,2024-01
TXN002808,CUST0492,PROD0050,2025-10-15,3,30.0,Bank Transfer,Shipped,49.41,2025,2025-10
TXN002809,CUST0306,PROD0056,2024-05-12,3,10.0,Debit Card,Processing,1264.09,2024,2024-05
TXN002810,CUST0367,PROD0056,2024-05-28,1,15.0,Paypal,Delivered,397.95,2024,2024-05
TXN002811,CUST0157,PROD0089,2024-03-06,3,10.0,Bank Transfer,Cancelled,44.77,2024,2024-03
TXN002812,CUST0408,PROD0015,2024-10-15,4,50.0,Debit Card,Shipped,133.54,2024,2024-10
TXN002813,CUST0242,PROD0079,2025-04-02,4,25.0,Bank Transfer,Shipped,2491.47,2025,2025-04
TXN002814,CUST0334,PROD0021,2024-01-01,2,5.0,Cash,Delivered,122.34,2024,2024-01
TXN002815,CUST0030,PROD0029,2025-03-18,4,0.0,Paypal,Delivered,582.6,2025,2025-03
TXN002816,CUST0032,PROD0001,2024-01-01,6,10.0,Cash,Delivered,950.78,2024,2024-01
TXN002817,CUST0100,PROD0070,2025-02-09,1,0.0,Credit Card,Delivered,72.36,2025,2025-02
TXN002818,CUST0168,PROD0023,2024-10-03,5,15.0,Cash,Delivered,2248.34,2024,2024-10
TXN002819,CUST0479,PROD0046,2025-07-20,2,30.0,Paypal,Delivered,258.19,2025,2025-07
TXN002820,CUST0031,PROD0058,2025-02-11,6,30.0,Paypal,Pending,132.89,2025,2025-02
TXN002821,CUST0388,PROD0056,2024-01-01,2,50.0,Upi,Shipped,468.18,2024,2024-01
TXN002822,CUST0345,PROD0027,2024-01-01,4,5.0,Cash,Delivered,343.94,2024,2024-01
TXN002823,CUST0326,PROD0015,2025-10-08,4,10.0,Upi,Pending,240.37,2025,2025-10
TXN002824,CUST0054,PROD0032,2025-03-20,3,5.0,Credit Card,Shipped,342.17,2025,2025-03
TXN002825,CUST0098,PROD0020,2025-11-10,2,15.0,Unknown,Processing,154.26,2025,2025-11
TXN002826,CUST0051,PROD0087,2025-07-07,6,15.0,Credit Card,Processing,375.46,2025,2025-07
TXN002827,CUST0237,PROD0095,2024-01-01,1,50.0,Paypal,Delivered,80.22,2024,2024-01
TXN002828,CUST0363,PROD0098,2024-01-01,3,40.0,Paypal,Shipped,453.24,2024,2024-01
TXN002829,CUST0049,PROD0084,2024-02-14,6,25.0,Paypal,Delivered,761.76,2024,2024-02
TXN002830,CUST0326,PROD0069,2025-06-19,6,20.0,Upi,Shipped,267.79,2025,2025-06
TXN002831,CUST0319,PROD0017,2025-04-23,3,30.0,Debit Card,Pending,224.97,2025,2025-04
TXN002832,CUST0471,PROD0065,2025-12-12,3,60.0,Upi,Cancelled,37.18,2025,2025-12
TXN002833,CUST0278,PROD0089,2024-11-02,6,40.0,Paypal,Delivered,59.69,2024,2024-11
TXN002834,CUST0367,PROD0094,2024-06-03,4,30.0,Credit Card,Shipped,288.57,2024,2024-06
TXN002835,CUST0274,PROD0050,2024-01-01,3,60.0,Debit Card,Processing,28.24,2024,2024-01
TXN002836,CUST0166,PROD0058,2024-07-28,5,50.0,Paypal,Delivered,79.1,2024,2024-07
TXN002837,CUST0167,PROD0029,2025-09-08,6,30.0,Credit Card,Pending,611.73,2025,2025-09
TXN002838,CUST0378,PROD0039,2024-01-01,5,0.0,Paypal,Returned,280.75,2024,2024-01
TXN002839,CUST0322,PROD0061,2024-01-01,4,30.0,Bank Transfer,Shipped,521.28,2024,2024-01
TXN002840,CUST0392,PROD0057,2025-08-10,4,40.0,Credit Card,Delivered,1099.49,2025,2025-08
TXN002841,CUST0284,PROD0077,2025-04-13,6,40.0,Bank Transfer,Delivered,122.76,2025,2025-04
TXN002842,CUST0352,PROD0080,2024-01-01,4,20.0,Debit Card,Cancelled,598.5,2024,2024-01
TXN002843,CUST0411,PROD0078,2025-05-31,1,30.0,Paypal,Cancelled,47.45,2025,2025-05
TXN002844,CUST0148,PROD0059,2025-06-15,3,15.0,Upi,Shipped,138.26,2025,2025-06
TXN002845,CUST0195,PROD0038,2025-08-21,1,20.0,Bank Transfer,Delivered,57.74,2025,2025-08
TXN002846,CUST0006,PROD0078,2024-06-19,6,50.0,Upi,Delivered,203.34,2024,2024-06
TXN002847,CUST0168,PROD0022,2024-05-01,2,30.0,Paypal,Pending,251.62,2024,2024-05
TXN002848,CUST0021,PROD0051,2025-02-13,5,60.0,Credit Card,Delivered,224.56,2025,2025-02
TXN002849,CUST0431,PROD0070,2024-01-01,5,20.0,Credit Card,Shipped,289.44,2024,2024-01
TXN002850,CUST0395,PROD0029,2024-01-01,5,60.0,Cash,Cancelled,291.3,2024,2024-01
TXN002851,CUST0448,PROD0086,2024-02-12,4,20.0,Cash,Cancelled,3361.5,2024,2024-02
TXN002852,CUST0317,PROD0077,2025-04-30,6,5.0,Cash,Delivered,194.37,2025,2025-04
TXN002853,CUST0213,PROD0031,2024-01-15,4,25.0,Credit Card,Delivered,140.22,2024,2024-01
TXN002854,CUST0001,PROD0028,2024-02-17,3,30.0,Upi,Shipped,1879.73,2024,2024-02
TXN002855,CUST0304,PROD0100,2025-09-02,6,15.0,Credit Card,Delivered,567.17,2025,2025-09
TXN002856,CUST0199,PROD0038,2024-01-01,3,60.0,Upi,Pending,86.62,2024,2024-01
TXN002857,CUST0278,PROD0086,2024-10-28,4,60.0,Credit Card,Pending,1680.75,2024,2024-10
TXN002858,CUST0468,PROD0093,2024-01-20,1,50.0,Paypal,Processing,159.6,2024,2024-01
TXN002859,CUST0213,PROD0083,2024-02-05,1,15.0,Upi,Delivered,86.83,2024,2024-02
TXN002860,CUST0455,PROD0089,2024-01-01,2,20.0,Bank Transfer,Returned,26.53,2024,2024-01
TXN002861,CUST0487,PROD0033,2024-05-14,5,0.0,Upi,Pending,629.35,2024,2024-05
TXN002862,CUST0141,PROD0086,2024-12-17,5,30.0,Credit Card,Processing,3676.64,2024,2024-12
TXN002863,CUST0155,PROD0005,2024-01-01,2,5.0,Credit Card,Delivered,118.5,2024,2024-01
TXN002864,CUST0313,PROD0077,2025-03-22,2,25.0,Upi,Processing,51.15,2025,2025-03
TXN002865,CUST0095,PROD0024,2024-05-07,1,25.0,Upi,Cancelled,75.93,2024,2024-05
TXN002866,CUST0478,PROD0082,2025-10-25,3,40.0,Credit Card,Returned,183.87,2025,2025-10
TXN002867,CUST0246,PROD0050,2024-11-06,3,25.0,Credit Card,Cancelled,52.94,2024,2024-11
TXN002868,CUST0308,PROD0056,2024-11-30,1,15.0,Cash,Cancelled,397.95,2024,2024-11
TXN002869,CUST0161,PROD0001,2025-05-15,2,20.0,Credit Card,Delivered,281.71,2025,2025-05
TXN002870,CUST0112,PROD0014,2024-01-01,5,0.0,Credit Card,Cancelled,87.35,2024,2024-01
TXN002871,CUST0202,PROD0017,2024-01-01,1,5.0,Paypal,Cancelled,101.77,2024,2024-01
TXN002872,CUST0473,PROD0100,2025-10-17,6,40.0,Paypal,Processing,400.36,2025,2025-10
TXN002873,CUST0218,PROD0099,2024-01-01,6,50.0,Upi,Delivered,116.1,2024,2024-01
TXN002874,CUST0285,PROD0042,2025-12-30,3,50.0,Credit Card,Processing,78.09,2025,2025-12
TXN002875,CUST0093,PROD0075,2025-11-15,2,25.0,Paypal,Delivered,60.97,2025,2025-11
TXN002876,CUST0052,PROD0052,2024-04-28,3,40.0,Credit Card,Shipped,30.62,2024,2024-04
TXN002877,CUST0230,PROD0009,2024-01-01,1,50.0,Credit Card,Delivered,94.64,2024,2024-01
TXN002878,CUST0158,PROD0077,2024-04-04,4,40.0,Bank Transfer,Returned,81.84,2024,2024-04
TXN002879,CUST0242,PROD0030,2025-01-09,2,25.0,Paypal,Returned,91.16,2025,2025-01
TXN002880,CUST0225,PROD0068,2024-10-29,4,5.0,Credit Card,Returned,200.41,2024,2024-10
TXN002881,CUST0360,PROD0074,2025-04-15,3,20.0,Upi,Delivered,777.46,2025,2025-04
TXN002882,CUST0171,PROD0030,2024-01-01,5,0.0,Upi,Cancelled,303.85,2024,2024-01
TXN002883,CUST0064,PROD0068,2024-08-10,1,5.0,Upi,Cancelled,50.1,2024,2024-08
TXN002884,CUST0423,PROD0083,2024-01-01,2,30.0,Credit Card,Pending,143.01,2024,2024-01
TXN002885,CUST0260,PROD0069,2024-06-28,1,25.0,Paypal,Pending,41.84,2024,2024-06
TXN002886,CUST0279,PROD0061,2024-07-20,3,50.0,Upi,Processing,279.26,2024,2024-07
TXN002887,CUST0162,PROD0088,2024-03-05,2,5.0,Paypal,Returned,686.26,2024,2024-03
TXN002888,CUST0210,PROD0042,2025-11-07,3,15.0,Paypal,Delivered,132.75,2025,2025-11
TXN002889,CUST0052,PROD0066,2025-08-01,3,30.0,Paypal,Cancelled,193.52,2025,2025-08
TXN002890,CUST0150,PROD0036,2024-01-01,1,40.0,Paypal,Shipped,126.7,2024,2024-01
TXN002891,CUST0478,PROD0021,2024-01-01,5,5.0,Bank Transfer,Cancelled,305.85,2024,2024-01
TXN002892,CUST0108,PROD0051,2024-05-19,5,60.0,Bank Transfer,Shipped,224.56,2024,2024-05
TXN002893,CUST0323,PROD0056,2024-01-01,1,60.0,Credit Card,Delivered,187.27,2024,2024-01
TXN002894,CUST0058,PROD0007,2025-06-29,5,25.0,Paypal,Cancelled,854.89,2025,2025-06
TXN002895,CUST0296,PROD0003,2025-06-28,6,25.0,Paypal,Shipped,162.5,2025,2025-06
TXN002896,CUST0361,PROD0011,2025-07-07,4,50.0,Bank Transfer,Returned,161.52,2025,2025-07
TXN002897,CUST0088,PROD0084,2024-10-28,3,50.0,Cash,Returned,253.92,2024,2024-10
TXN002898,CUST0318,PROD0097,2024-01-01,6,40.0,Credit Card,Pending,132.01,2024,2024-01
TXN002899,CUST0088,PROD0072,2025-01-14,3,60.0,Credit Card,Processing,230.0,2025,2025-01
TXN002900,CUST0485,PROD0067,2024-04-23,1,10.0,Paypal,Shipped,91.94,2024,2024-04
TXN002901,CUST0226,PROD0096,2025-08-20,6,50.0,Debit Card,Processing,57.27,2025,2025-08
TXN002902,CUST0154,PROD0068,2025-07-07,6,60.0,Paypal,Shipped,126.58,2025,2025-07
TXN002903,CUST0237,PROD0002,2024-12-02,5,20.0,Bank Transfer,Delivered,293.36,2024,2024-12
TXN002904,CUST0416,PROD0013,2024-01-01,4,40.0,Paypal,Shipped,208.22,2024,2024-01
TXN002905,CUST0268,PROD0014,2024-01-01,6,15.0,Credit Card,Cancelled,89.1,2024,2024-01
TXN002906,CUST0271,PROD0065,2024-12-15,5,5.0,Debit Card,Cancelled,147.16,2024,2024-12
TXN002907,CUST0313,PROD0063,2024-01-01,3,25.0,Credit Card,Delivered,994.1,2024,2024-01
TXN002908,CUST0378,PROD0080,2025-11-03,5,10.0,Debit Card,Pending,841.64,2025,2025-11
TXN002909,CUST0240,PROD0074,2024-02-18,3,10.0,Cash,Shipped,874.64,2024,2024-02
TXN002910,CUST0474,PROD0055,2025-08-22,2,25.0,Debit Card,Delivered,1575.6,2025,2025-08
TXN002911,CUST0382,PROD0065,2025-07-05,6,40.0,Credit Card,Delivered,111.53,2025,2025-07
TXN002912,CUST0100,PROD0017,2024-01-01,1,5.0,Debit Card,Cancelled,101.77,2024,2024-01
TXN002913,CUST0404,PROD0075,2024-03-22,2,50.0,Paypal,Pending,40.65,2024,2024-03
TXN002914,CUST0158,PROD0018,2025-10-23,3,5.0,Upi,Shipped,337.38,2025,2025-10
TXN002915,CUST0022,PROD0074,2024-01-01,5,25.0,Cash,Shipped,1214.78,2024,2024-01
TXN002916,CUST0439,PROD0065,2024-05-05,3,25.0,Credit Card,Processing,69.7,2024,2024-05
TXN002917,CUST0154,PROD0028,2025-04-17,4,5.0,Credit Card,Pending,3401.42,2025,2025-04
TXN002918,CUST0106,PROD0049,2025-02-15,4,5.0,Upi,Delivered,493.16,2025,2025-02
TXN002919,CUST0261,PROD0093,2024-01-01,5,15.0,Upi,Delivered,1356.64,2024,2024-01
TXN002920,CUST0124,PROD0080,2024-03-02,1,25.0,Cash,Delivered,140.27,2024,2024-03
TXN002921,CUST0500,PROD0097,2025-03-16,3,20.0,Paypal,Unknown,88.01,2025,2025-03
TXN002922,CUST0045,PROD0084,2024-12-08,4,15.0,Paypal,Processing,575.55,2024,2024-12
TXN002923,CUST0183,PROD0045,2024-04-28,4,20.0,Upi,Shipped,562.3,2024,2024-04
TXN002924,CUST0490,PROD0087,2024-01-01,6,10.0,Cash,Cancelled,397.55,2024,2024-01
TXN002925,CUST0242,PROD0063,2024-07-05,1,10.0,Cash,Shipped,397.64,2024,2024-07
TXN002926,CUST0393,PROD0084,2024-01-01,1,25.0,Upi,Returned,126.96,2024,2024-01
TXN002927,CUST0091,PROD0067,2024-03-25,3,20.0,Debit Card,Shipped,245.16,2024,2024-03
TXN002928,CUST0040,PROD0005,2024-04-17,6,40.0,Credit Card,Cancelled,224.53,2024,2024-04
TXN002929,CUST0172,PROD0069,2025-10-12,3,20.0,Credit Card,Delivered,133.9,2025,2025-10
TXN002930,CUST0494,PROD0016,2024-02-08,6,50.0,Cash,Delivered,119.31,2024,2024-02
TXN002931,CUST0070,PROD0063,2024-08-07,3,10.0,Paypal,Shipped,1192.91,2024,2024-08
TXN002932,CUST0107,PROD0055,2024-05-17,1,20.0,Bank Transfer,Returned,840.32,2024,2024-05
TXN002933,CUST0233,PROD0015,2024-01-01,2,60.0,Credit Card,Cancelled,53.42,2024,2024-01
TXN002934,CUST0475,PROD0003,2025-08-12,5,0.0,Upi,Pending,180.55,2025,2025-08
TXN002935,CUST0206,PROD0034,2025-12-12,5,0.0,Paypal,Processing,747.8,2025,2025-12
TXN002936,CUST0259,PROD0069,2024-10-11,5,40.0,Bank Transfer,Delivered,167.37,2024,2024-10
TXN002937,CUST0387,PROD0045,2024-01-01,2,25.0,Cash,Pending,263.58,2024,2024-01
TXN002938,CUST0070,PROD0063,2024-05-06,3,15.0,Unknown,Shipped,1126.64,2024,2024-05
TXN002939,CUST0413,PROD0071,2025-07-27,1,30.0,Bank Transfer,Delivered,579.66,2025,2025-07
TXN002940,CUST0104,PROD0040,2024-01-01,5,50.0,Debit Card,Pending,137.85,2024,2024-01
TXN002941,CUST0106,PROD0071,2024-01-01,6,25.0,Cash,Cancelled,3726.4,2024,2024-01
TXN002942,CUST0375,PROD0030,2024-08-07,3,40.0,Paypal,Delivered,109.39,2024,2024-08
TXN002943,CUST0425,PROD0033,2024-04-06,6,0.0,Credit Card,Shipped,755.22,2024,2024-04
TXN002944,CUST0483,PROD0045,2024-07-16,6,30.0,Credit Card,Processing,738.02,2024,2024-07
TXN002945,CUST0280,PROD0017,2025-02-09,3,20.0,Paypal,Delivered,257.11,2025,2025-02
TXN002946,CUST0474,PROD0034,2024-03-10,2,15.0,Debit Card,Delivered,254.25,2024,2024-03
TXN002947,CUST0371,PROD0084,2024-01-01,4,10.0,Credit Card,Returned,609.41,2024,2024-01
TXN002948,CUST0389,PROD0036,2024-01-01,1,40.0,Bank Transfer,Shipped,126.7,2024,2024-01
TXN002949,CUST0290,PROD0028,2024-06-12,3,15.0,Cash,Shipped,2282.53,2024,2024-06
TXN002950,CUST0031,PROD0080,2025-05-09,5,20.0,Debit Card,Processing,748.12,2025,2025-05
TXN002951,CUST0074,PROD0097,2024-10-10,4,0.0,Cash,Pending,146.68,2024,2024-10
TXN002952,CUST0078,PROD0096,2025-02-03,5,30.0,Upi,Processing,66.82,2025,2025-02
TXN002953,CUST0091,PROD0048,2024-03-21,3,10.0,Paypal,Returned,786.24,2024,2024-03
TXN002954,CUST0008,PROD0034,2024-01-01,3,15.0,Paypal,Shipped,381.38,2024,2024-01
TXN002955,CUST0052,PROD0014,2025-06-30,1,0.0,Upi,Returned,17.47,2025,2025-06
TXN002956,CUST0196,PROD0068,2025-03-17,6,30.0,Upi,Delivered,221.51,2025,2025-03
TXN002957,CUST0244,PROD0002,2024-06-01,4,40.0,Paypal,Delivered,176.02,2024,2024-06
TXN002958,CUST0479,PROD0020,2024-01-01,5,25.0,Upi,Shipped,340.28,2024,2024-01
TXN002959,CUST0458,PROD0054,2024-01-01,5,25.0,Upi,Shipped,728.1,2024,2024-01
TXN002960,CUST0491,PROD0070,2025-08-20,1,25.0,Paypal,Pending,54.27,2025,2025-08
TXN002961,CUST0310,PROD0041,2024-01-01,1,40.0,Upi,Processing,61.29,2024,2024-01
TXN002962,CUST0409,PROD0073,2024-01-13,4,15.0,Paypal,Shipped,372.95,2024,2024-01
TXN002963,CUST0098,PROD0097,2024-02-05,4,10.0,Paypal,Shipped,132.01,2024,2024-02
TXN002964,CUST0056,PROD0027,2025-07-07,5,0.0,Cash,Pending,452.55,2025,2025-07
TXN002965,CUST0453,PROD0010,2025-11-01,4,10.0,Paypal,Shipped,378.58,2025,2025-11
TXN002966,CUST0013,PROD0033,2024-11-19,3,30.0,Debit Card,Pending,264.33,2024,2024-11
TXN002967,CUST0057,PROD0073,2024-06-20,1,40.0,Credit Card,Pending,65.81,2024,2024-06
TXN002968,CUST0132,PROD0040,2024-01-01,1,10.0,Upi,Returned,49.63,2024,2024-01
TXN002969,CUST0151,PROD0017,2024-07-07,2,5.0,Upi,Delivered,203.55,2024,2024-07
TXN002970,CUST0074,PROD0044,2024-01-01,5,20.0,Debit Card,Processing,413.8,2024,2024-01
TXN002971,CUST0489,PROD0094,2025-11-11,1,60.0,Bank Transfer,Returned,41.22,2025,2025-11
TXN002972,CUST0380,PROD0058,2025-04-30,4,60.0,Credit Card,Cancelled,50.62,2025,2025-04
TXN002973,CUST0346,PROD0024,2025-03-06,6,25.0,Credit Card,Shipped,455.58,2025,2025-03
TXN002974,CUST0116,PROD0017,2025-04-26,1,40.0,Bank Transfer,Delivered,64.28,2025,2025-04
TXN002975,CUST0497,PROD0087,2024-01-01,3,25.0,Cash,Delivered,165.64,2024,2024-01
TXN002976,CUST0058,PROD0049,2024-02-07,1,5.0,Debit Card,Delivered,123.29,2024,2024-02
TXN002977,CUST0490,PROD0069,2025-08-18,2,30.0,Cash,Shipped,78.11,2025,2025-08
TXN002978,CUST0388,PROD0090,2024-10-19,5,50.0,Upi,Returned,368.38,2024,2024-10
TXN002979,CUST0246,PROD0072,2025-03-14,6,30.0,Paypal,Cancelled,805.01,2025,2025-03
TXN002980,CUST0238,PROD0049,2024-03-01,3,50.0,Bank Transfer,Returned,194.67,2024,2024-03
TXN002981,CUST0234,PROD0034,2024-01-01,6,15.0,Paypal,Shipped,762.76,2024,2024-01
TXN002982,CUST0290,PROD0015,2024-01-01,4,20.0,Paypal,Shipped,213.66,2024,2024-01
TXN002983,CUST0224,PROD0039,2024-02-14,4,60.0,Cash,Cancelled,89.84,2024,2024-02
TXN002984,CUST0202,PROD0078,2025-10-02,2,25.0,Upi,Returned,101.67,2025,2025-10
TXN002985,CUST0277,PROD0035,2025-06-06,3,40.0,Credit Card,Processing,561.11,2025,2025-06
TXN002986,CUST0061,PROD0029,2025-08-10,4,25.0,Bank Transfer,Shipped,436.95,2025,2025-08
TXN002987,CUST0096,PROD0019,2024-01-10,1,10.0,Upi,Pending,28.02,2024,2024-01
TXN002988,CUST0352,PROD0096,2024-05-31,3,25.0,Credit Card,Cancelled,42.95,2024,2024-05
TXN002989,CUST0390,PROD0028,2024-01-01,1,0.0,Cash,Shipped,895.11,2024,2024-01
TXN002990,CUST0128,PROD0038,2025-02-16,2,60.0,Debit Card,Delivered,57.74,2025,2025-02
TXN002991,CUST0002,PROD0067,2025-06-17,5,5.0,Debit Card,Returned,485.21,2025,2025-06
TXN002992,CUST0061,PROD0052,2024-01-01,5,5.0,Upi,Processing,80.8,2024,2024-01
TXN002993,CUST0421,PROD0031,2024-05-22,4,15.0,Paypal,Pending,158.92,2024,2024-05
TXN002994,CUST0379,PROD0092,2025-09-24,4,0.0,Cash,Delivered,900.6,2025,2025-09
TXN002995,CUST0154,PROD0070,2024-03-25,4,40.0,Bank Transfer,Shipped,173.66,2024,2024-03
TXN002996,CUST0126,PROD0006,2024-01-01,5,60.0,Cash,Returned,482.58,2024,2024-01
TXN002997,CUST0351,PROD0029,2024-09-12,1,5.0,Upi,Pending,138.37,2024,2024-09
TXN002998,CUST0043,PROD0013,2025-06-19,3,5.0,Cash,Delivered,247.27,2025,2025-06
TXN002999,CUST0356,PROD0034,2024-12-03,2,60.0,Bank Transfer,Processing,119.65,2024,2024-12
TXN003000,CUST0499,PROD0003,2024-07-12,3,0.0,Debit Card,Delivered,108.33,2024,2024-07
TXN003001,CUST0105,PROD0042,2024-09-01,4,30.0,Credit Card,Pending,145.77,2024,2024-09
TXN003002,CUST0165,PROD0049,2025-08-11,5,20.0,Bank Transfer,Returned,519.12,2025,2025-08
TXN003003,CUST0442,PROD0052,2024-01-01,2,0.0,Debit Card,Delivered,34.02,2024,2024-01
TXN003004,CUST0282,PROD0018,2024-09-30,6,0.0,Paypal,Shipped,710.28,2024,2024-09
TXN003005,CUST0353,PROD0065,2024-06-04,6,15.0,Cash,Pending,158.0,2024,2024-06
TXN003006,CUST0306,PROD0099,2024-10-22,2,30.0,Paypal,Delivered,54.18,2024,2024-10
TXN003007,CUST0272,PROD0045,2025-05-27,4,25.0,Credit Card,Processing,527.16,2025,2025-05
TXN003008,CUST0240,PROD0030,2025-01-02,2,30.0,Bank Transfer,Processing,85.08,2025,2025-01
TXN003009,CUST0487,PROD0029,2024-01-01,1,0.0,Bank Transfer,Shipped,145.65,2024,2024-01
TXN003010,CUST0082,PROD0080,2024-01-01,2,50.0,Credit Card,Shipped,187.03,2024,2024-01
TXN003011,CUST0282,PROD0015,2025-12-04,1,10.0,Credit Card,Delivered,60.09,2025,2025-12
TXN003012,CUST0290,PROD0003,2024-10-20,4,5.0,Credit Card,Delivered,137.22,2024,2024-10
TXN003013,CUST0238,PROD0078,2024-06-26,1,20.0,Upi,Shipped,54.22,2024,2024-06
TXN003014,CUST0013,PROD0007,2024-01-01,5,15.0,Cash,Processing,968.87,2024,2024-01
TXN003015,CUST0235,PROD0012,2024-01-31,6,10.0,Upi,Processing,413.59,2024,2024-01
TXN003016,CUST0291,PROD0095,2025-10-04,1,25.0,Debit Card,Processing,120.33,2025,2025-10
TXN003017,CUST0016,PROD0084,2024-01-01,6,25.0,Credit Card,Pending,761.76,2024,2024-01
TXN003018,CUST0377,PROD0055,2025-03-21,2,20.0,Bank Transfer,Shipped,1680.64,2025,2025-03
TXN003019,CUST0372,PROD0006,2024-11-08,2,10.0,Paypal,Shipped,434.32,2024,2024-11
TXN003020,CUST0113,PROD0082,2024-11-03,1,5.0,Debit Card,Delivered,97.04,2024,2024-11
TXN003021,CUST0188,PROD0064,2025-10-02,6,20.0,Paypal,Processing,259.01,2025,2025-10
TXN003022,CUST0133,PROD0031,2024-12-24,4,5.0,Paypal,Shipped,177.61,2024,2024-12
TXN003023,CUST0274,PROD0022,2024-06-16,1,10.0,Paypal,Processing,161.76,2024,2024-06
TXN003024,CUST0202,PROD0058,2024-01-01,4,30.0,Upi,Delivered,88.59,2024,2024-01
TXN003025,CUST0478,PROD0090,2024-01-01,2,20.0,Debit Card,Pending,235.76,2024,2024-01
TXN003026,CUST0453,PROD0053,2024-01-01,5,20.0,Bank Transfer,Pending,176.76,2024,2024-01
TXN003027,CUST0240,PROD0011,2025-11-09,5,0.0,Upi,Delivered,403.8,2025,2025-11
TXN003028,CUST0008,PROD0005,2025-02-26,5,20.0,Cash,Pending,249.48,2025,2025-02
TXN003029,CUST0155,PROD0019,2024-05-08,3,20.0,Upi,Returned,74.71,2024,2024-05
TXN003030,CUST0028,PROD0040,2025-03-05,3,50.0,Paypal,Shipped,82.71,2025,2025-03
TXN003031,CUST0078,PROD0012,2024-01-01,4,20.0,Credit Card,Processing,245.09,2024,2024-01
TXN003032,CUST0183,PROD0033,2025-08-11,1,30.0,Bank Transfer,Returned,88.11,2025,2025-08
TXN003033,CUST0330,PROD0012,2024-05-06,6,60.0,Paypal,Cancelled,183.82,2024,2024-05
TXN003034,CUST0280,PROD0071,2024-03-23,2,40.0,Upi,Delivered,993.71,2024,2024-03
TXN003035,CUST0439,PROD0086,2025-03-15,3,15.0,Credit Card,Returned,2678.7,2025,2025-03
TXN003036,CUST0257,PROD0065,2024-01-01,1,50.0,Cash,Returned,15.49,2024,2024-01
TXN003037,CUST0301,PROD0054,2025-07-03,4,30.0,Bank Transfer,Delivered,543.65,2025,2025-07
TXN003038,CUST0178,PROD0013,2024-01-01,2,5.0,Paypal,Delivered,164.84,2024,2024-01
TXN003039,CUST0160,PROD0026,2025-11-03,3,5.0,Paypal,Cancelled,202.01,2025,2025-11
TXN003040,CUST0442,PROD0004,2024-05-01,4,0.0,Bank Transfer,Shipped,196.4,2024,2024-05
TXN003041,CUST0003,PROD0031,2025-05-23,1,50.0,Upi,Delivered,23.37,2025,2025-05
TXN003042,CUST0030,PROD0026,2024-06-16,6,15.0,Debit Card,Pending,361.49,2024,2024-06
TXN003043,CUST0282,PROD0076,2024-01-01,1,5.0,Debit Card,Returned,27.84,2024,2024-01
TXN003044,CUST0017,PROD0002,2024-08-02,4,5.0,Upi,Shipped,278.69,2024,2024-08
TXN003045,CUST0385,PROD0089,2024-01-01,1,60.0,Paypal,Shipped,6.63,2024,2024-01
TXN003046,CUST0024,PROD0100,2024-04-17,4,10.0,Credit Card,Delivered,400.36,2024,2024-04
TXN003047,CUST0370,PROD0065,2024-01-01,5,20.0,Paypal,Delivered,123.92,2024,2024-01
TXN003048,CUST0445,PROD0047,2024-01-10,1,5.0,Upi,Unknown,47.8,2024,2024-01
TXN003049,CUST0175,PROD0029,2024-12-11,2,5.0,Credit Card,Pending,276.74,2024,2024-12
TXN003050,CUST0473,PROD0022,2025-07-25,6,40.0,Cash,Delivered,647.03,2025,2025-07
TXN003051,CUST0242,PROD0018,2025-04-24,1,15.0,Unknown,Shipped,100.62,2025,2025-04
TXN003052,CUST0485,PROD0054,2024-01-01,1,50.0,Cash,Shipped,97.08,2024,2024-01
TXN003053,CUST0399,PROD0079,2025-04-26,2,15.0,Upi,Returned,1411.83,2025,2025-04
TXN003054,CUST0247,PROD0063,2024-05-03,2,40.0,Credit Card,Cancelled,530.18,2024,2024-05
TXN003055,CUST0021,PROD0058,2025-03-05,1,0.0,Paypal,Returned,31.64,2025,2025-03
TXN003056,CUST0281,PROD0002,2025-11-20,6,50.0,Credit Card,Delivered,220.02,2025,2025-11
TXN003057,CUST0239,PROD0065,2024-02-02,2,20.0,Bank Transfer,Cancelled,49.57,2024,2024-02
TXN003058,CUST0409,PROD0099,2024-01-01,4,10.0,Paypal,Shipped,139.32,2024,2024-01
TXN003059,CUST0201,PROD0075,2024-01-01,5,30.0,Cash,Delivered,142.27,2024,2024-01
TXN003060,CUST0434,PROD0059,2024-01-01,6,40.0,Credit Card,Shipped,195.19,2024,2024-01
TXN003061,CUST0411,PROD0057,2025-11-29,3,5.0,Upi,Shipped,1305.64,2025,2025-11
TXN003062,CUST0126,PROD0074,2025-01-08,6,10.0,Debit Card,Delivered,1749.28,2025,2025-01
TXN003063,CUST0029,PROD0095,2024-04-28,3,10.0,Upi,Shipped,433.19,2024,2024-04
TXN003064,CUST0003,PROD0062,2024-01-10,2,25.0,Credit Card,Returned,37.77,2024,2024-01
TXN003065,CUST0458,PROD0021,2024-10-15,6,5.0,Cash,Cancelled,367.02,2024,2024-10
TXN003066,CUST0296,PROD0018,2024-01-01,3,50.0,Debit Card,Cancelled,177.57,2024,2024-01
TXN003067,CUST0013,PROD0002,2024-11-04,6,30.0,Debit Card,Delivered,308.03,2024,2024-11
TXN003068,CUST0162,PROD0030,2024-02-17,1,25.0,Debit Card,Shipped,45.58,2024,2024-02
TXN003069,CUST0244,PROD0093,2024-01-01,5,30.0,Bank Transfer,Shipped,1117.23,2024,2024-01
TXN003070,CUST0366,PROD0032,2024-08-24,5,25.0,Upi,Returned,450.22,2024,2024-08
TXN003071,CUST0282,PROD0012,2024-04-05,3,0.0,Debit Card,Returned,229.77,2024,2024-04
TXN003072,CUST0467,PROD0064,2025-03-06,2,40.0,Cash,Shipped,64.75,2025,2025-03
TXN003073,CUST0439,PROD0016,2024-01-01,2,50.0,Credit Card,Delivered,39.77,2024,2024-01
TXN003074,CUST0382,PROD0098,2024-04-23,5,5.0,Paypal,Pending,1196.05,2024,2024-04
TXN003075,CUST0169,PROD0013,2024-05-17,5,25.0,Paypal,Shipped,325.35,2024,2024-05
TXN003076,CUST0175,PROD0047,2024-09-22,4,0.0,Paypal,Processing,201.28,2024,2024-09
TXN003077,CUST0117,PROD0094,2024-01-01,2,20.0,Bank Transfer,Shipped,164.9,2024,2024-01
TXN003078,CUST0389,PROD0095,2025-01-13,4,40.0,Paypal,Processing,385.06,2025,2025-01
TXN003079,CUST0019,PROD0046,2024-03-07,1,0.0,Paypal,Cancelled,184.42,2024,2024-03
TXN003080,CUST0032,PROD0065,2024-01-01,3,30.0,Bank Transfer,Pending,65.06,2024,2024-01
TXN003081,CUST0273,PROD0083,2024-08-23,6,0.0,Upi,Shipped,612.9,2024,2024-08
TXN003082,CUST0250,PROD0041,2024-11-10,5,0.0,Paypal,Pending,510.75,2024,2024-11
TXN003083,CUST0038,PROD0039,2025-05-30,6,40.0,Paypal,Shipped,202.14,2025,2025-05
TXN003084,CUST0026,PROD0021,2025-07-30,3,20.0,Upi,Shipped,154.54,2025,2025-07
TXN003085,CUST0076,PROD0058,2024-07-09,5,20.0,Credit Card,Pending,126.56,2024,2024-07
TXN003086,CUST0214,PROD0055,2024-09-13,1,40.0,Upi,Cancelled,630.24,2024,2024-09
TXN003087,CUST0074,PROD0062,2024-01-01,2,25.0,Upi,Shipped,37.77,2024,2024-01
TXN003088,CUST0244,PROD0054,2025-12-09,3,60.0,Paypal,Cancelled,232.99,2025,2025-12
TXN003089,CUST0458,PROD0068,2025-03-17,5,40.0,Credit Card,Shipped,158.22,2025,2025-03
TXN003090,CUST0459,PROD0086,2025-12-11,3,50.0,Cash,Shipped,1575.7,2025,2025-12
TXN003091,CUST0303,PROD0087,2024-01-01,1,25.0,Credit Card,Cancelled,55.22,2024,2024-01
TXN003092,CUST0133,PROD0001,2024-12-21,6,50.0,Paypal,Pending,528.21,2024,2024-12
TXN003093,CUST0103,PROD0074,2025-03-04,1,25.0,Paypal,Shipped,242.96,2025,2025-03
TXN003094,CUST0488,PROD0033,2024-01-01,2,25.0,Upi,Pending,188.8,2024,2024-01
TXN003095,CUST0030,PROD0095,2025-04-30,5,40.0,Paypal,Delivered,481.32,2025,2025-04
TXN003096,CUST0177,PROD0033,2024-06-11,1,60.0,Credit Card,Cancelled,50.35,2024,2024-06
TXN003097,CUST0426,PROD0068,2024-09-22,2,40.0,Upi,Shipped,63.29,2024,2024-09
TXN003098,CUST0384,PROD0017,2025-04-11,2,10.0,Credit Card,Processing,192.83,2025,2025-04
TXN003099,CUST0090,PROD0083,2024-05-30,1,5.0,Debit Card,Pending,97.04,2024,2024-05
TXN003100,CUST0426,PROD0048,2025-10-28,4,60.0,Debit Card,Pending,465.92,2025,2025-10
TXN003101,CUST0055,PROD0055,2024-01-01,3,10.0,Cash,Delivered,2836.08,2024,2024-01
TXN003102,CUST0059,PROD0037,2024-01-01,4,60.0,Cash,Cancelled,49.36,2024,2024-01
TXN003103,CUST0017,PROD0048,2024-06-28,4,60.0,Credit Card,Cancelled,465.92,2024,2024-06
TXN003104,CUST0300,PROD0023,2024-07-10,2,25.0,Cash,Delivered,793.53,2024,2024-07
TXN003105,CUST0049,PROD0035,2024-07-07,4,20.0,Paypal,Shipped,997.54,2024,2024-07
TXN003106,CUST0032,PROD0055,2025-07-13,1,40.0,Paypal,Delivered,630.24,2025,2025-07
TXN003107,CUST0472,PROD0028,2024-03-23,2,40.0,Credit Card,Delivered,1074.13,2024,2024-03
TXN003108,CUST0351,PROD0002,2024-01-01,5,15.0,Upi,Processing,311.7,2024,2024-01
TXN003109,CUST0212,PROD0059,2024-07-06,3,30.0,Upi,Shipped,113.86,2024,2024-07
TXN003110,CUST0442,PROD0057,2024-06-12,3,40.0,Upi,Cancelled,824.62,2024,2024-06
TXN003111,CUST0469,PROD0072,2024-01-01,2,60.0,Credit Card,Shipped,153.34,2024,2024-01
TXN003112,CUST0388,PROD0042,2024-09-23,2,25.0,Cash,Delivered,78.09,2024,2024-09
TXN003113,CUST0056,PROD0090,2024-01-01,6,60.0,Upi,Processing,353.64,2024,2024-01
TXN003114,CUST0237,PROD0090,2024-06-10,2,25.0,Debit Card,Processing,221.02,2024,2024-06
TXN003115,CUST0459,PROD0074,2024-01-01,2,25.0,Credit Card,Returned,485.91,2024,2024-01
TXN003116,CUST0500,PROD0099,2025-07-30,1,10.0,Upi,Shipped,34.83,2025,2025-07
TXN003117,CUST0232,PROD0051,2025-10-23,2,40.0,Paypal,Returned,134.74,2025,2025-10
TXN003118,CUST0183,PROD0027,2025-08-25,3,60.0,Credit Card,Delivered,108.61,2025,2025-08
TXN003119,CUST0232,PROD0093,2024-01-01,5,30.0,Bank Transfer,Delivered,1117.23,2024,2024-01
TXN003120,CUST0215,PROD0096,2025-05-22,4,0.0,Paypal,Delivered,76.36,2025,2025-05
TXN003121,CUST0280,PROD0002,2025-11-12,1,60.0,Paypal,Delivered,29.34,2025,2025-11
TXN003122,CUST0085,PROD0024,2024-01-01,3,15.0,Credit Card,Returned,258.16,2024,2024-01
TXN003123,CUST0133,PROD0070,2025-08-09,5,15.0,Paypal,Processing,307.53,2025,2025-08
TXN003124,CUST0179,PROD0025,2024-01-01,2,0.0,Paypal,Cancelled,1578.94,2024,2024-01
TXN003125,CUST0184,PROD0009,2024-02-11,3,25.0,Credit Card,Delivered,425.86,2024,2024-02
TXN003126,CUST0059,PROD0080,2024-08-19,3,25.0,Credit Card,Cancelled,420.82,2024,2024-08
TXN003127,CUST0438,PROD0052,2025-08-17,5,50.0,Bank Transfer,Cancelled,42.53,2025,2025-08
TXN003128,CUST0320,PROD0025,2024-01-01,2,20.0,Upi,Shipped,1263.15,2024,2024-01
TXN003129,CUST0471,PROD0021,2024-01-01,3,0.0,Cash,Delivered,193.17,2024,2024-01
TXN003130,CUST0178,PROD0073,2025-07-05,2,5.0,Paypal,Returned,208.41,2025,2025-07
TXN003131,CUST0386,PROD0035,2024-04-02,3,0.0,Paypal,Delivered,935.19,2024,2024-04
TXN003132,CUST0385,PROD0077,2025-02-06,5,60.0,Paypal,Delivered,68.2,2025,2025-02
TXN003133,CUST0061,PROD0019,2024-09-05,4,15.0,Debit Card,Pending,105.84,2024,2024-09
TXN003134,CUST0236,PROD0040,2025-08-25,3,10.0,Debit Card,Delivered,148.88,2025,2025-08
TXN003135,CUST0197,PROD0024,2024-01-01,6,5.0,Upi,Pending,577.07,2024,2024-01
TXN003136,CUST0176,PROD0080,2024-01-01,2,10.0,Upi,Pending,336.65,2024,2024-01
TXN003137,CUST0039,PROD0090,2024-08-22,4,25.0,Upi,Shipped,442.05,2024,2024-08
TXN003138,CUST0066,PROD0055,2024-10-07,3,10.0,Cash,Shipped,2836.08,2024,2024-10
TXN003139,CUST0129,PROD0050,2024-04-15,6,0.0,Upi,Shipped,141.18,2024,2024-04
TXN003140,CUST0230,PROD0099,2024-08-22,1,60.0,Paypal,Returned,15.48,2024,2024-08
TXN003141,CUST0162,PROD0018,2024-10-03,2,10.0,Debit Card,Shipped,213.08,2024,2024-10
TXN003142,CUST0182,PROD0089,2024-08-23,3,0.0,Credit Card,Shipped,49.74,2024,2024-08
TXN003143,CUST0139,PROD0027,2024-01-01,5,5.0,Bank Transfer,Cancelled,429.92,2024,2024-01
TXN003144,CUST0342,PROD0007,2025-06-13,4,60.0,Paypal,Processing,364.75,2025,2025-06
TXN003145,CUST0134,PROD0060,2024-01-01,3,20.0,Paypal,Processing,599.78,2024,2024-01
TXN003146,CUST0498,PROD0012,2024-01-01,2,20.0,Credit Card,Shipped,122.54,2024,2024-01
TXN003147,CUST0303,PROD0024,2024-01-08,5,40.0,Paypal,Delivered,303.72,2024,2024-01
TXN003148,CUST0221,PROD0064,2025-10-11,5,15.0,Upi,Cancelled,229.33,2025,2025-10
TXN003149,CUST0388,PROD0022,2025-08-26,5,30.0,Credit Card,Shipped,629.05,2025,2025-08
TXN003150,CUST0184,PROD0080,2024-01-01,3,40.0,Cash,Returned,336.65,2024,2024-01
TXN003151,CUST0492,PROD0056,2024-10-08,5,25.0,Cash,Delivered,1755.68,2024,2024-10
TXN003152,CUST0377,PROD0068,2025-06-27,6,50.0,Paypal,Delivered,158.22,2025,2025-06
TXN003153,CUST0359,PROD0056,2025-12-28,2,30.0,Paypal,Delivered,655.45,2025,2025-12
TXN003154,CUST0379,PROD0066,2024-09-29,4,10.0,Paypal,Delivered,331.74,2024,2024-09
TXN003155,CUST0157,PROD0028,2025-10-14,6,25.0,Debit Card,Shipped,4028.0,2025,2025-10
TXN003156,CUST0087,PROD0072,2024-06-11,2,25.0,Credit Card,Shipped,287.5,2024,2024-06
TXN003157,CUST0274,PROD0024,2024-01-01,6,30.0,Paypal,Returned,425.21,2024,2024-01
TXN003158,CUST0229,PROD0023,2025-07-19,2,60.0,Bank Transfer,Processing,423.22,2025,2025-07
TXN003159,CUST0331,PROD0002,2024-04-02,2,15.0,Bank Transfer,Shipped,124.68,2024,2024-04
TXN003160,CUST0148,PROD0073,2025-08-10,5,0.0,Credit Card,Shipped,548.45,2025,2025-08
TXN003161,CUST0202,PROD0022,2025-12-11,1,10.0,Upi,Shipped,161.76,2025,2025-12
TXN003162,CUST0001,PROD0034,2024-01-01,5,25.0,Upi,Cancelled,560.85,2024,2024-01
TXN003163,CUST0095,PROD0009,2025-05-03,6,0.0,Credit Card,Cancelled,1135.62,2025,2025-05
TXN003164,CUST0315,PROD0010,2024-01-01,1,60.0,Unknown,Cancelled,42.06,2024,2024-01
TXN003165,CUST0190,PROD0098,2024-07-24,3,10.0,Paypal,Processing,679.86,2024,2024-07
TXN003166,CUST0153,PROD0060,2024-04-05,5,15.0,Upi,Delivered,1062.12,2024,2024-04
TXN003167,CUST0356,PROD0006,2025-03-05,5,10.0,Paypal,Pending,1085.8,2025,2025-03
TXN003168,CUST0338,PROD0005,2024-01-01,3,30.0,Debit Card,Shipped,130.98,2024,2024-01
TXN003169,CUST0426,PROD0008,2025-04-30,2,30.0,Bank Transfer,Cancelled,137.07,2025,2025-04
TXN003170,CUST0363,PROD0068,2025-12-31,1,0.0,Credit Card,Cancelled,52.74,2025,2025-12
TXN003171,CUST0238,PROD0023,2024-01-01,4,5.0,Paypal,Shipped,2010.28,2024,2024-01
TXN003172,CUST0338,PROD0019,2024-08-16,1,15.0,Upi,Shipped,26.46,2024,2024-08
TXN003173,CUST0059,PROD0002,2025-10-20,3,20.0,Debit Card,Shipped,176.02,2025,2025-10
TXN003174,CUST0154,PROD0018,2024-07-23,1,30.0,Credit Card,Returned,82.87,2024,2024-07
TXN003175,CUST0461,PROD0037,2024-04-29,2,40.0,Paypal,Unknown,37.02,2024,2024-04
TXN003176,CUST0241,PROD0085,2025-02-01,3,40.0,Upi,Delivered,52.4,2025,2025-02
TXN003177,CUST0217,PROD0089,2024-08-01,5,20.0,Paypal,Delivered,66.32,2024,2024-08
TXN003178,CUST0420,PROD0036,2024-01-01,4,25.0,Credit Card,Shipped,633.48,2024,2024-01
TXN003179,CUST0262,PROD0071,2024-01-01,1,40.0,Upi,Processing,496.85,2024,2024-01
TXN003180,CUST0154,PROD0090,2024-07-06,2,20.0,Cash,Cancelled,235.76,2024,2024-07
TXN003181,CUST0228,PROD0040,2024-09-30,1,40.0,Paypal,Cancelled,33.08,2024,2024-09
TXN003182,CUST0138,PROD0045,2025-03-14,2,50.0,Upi,Returned,175.72,2025,2025-03
TXN003183,CUST0230,PROD0073,2024-01-12,3,20.0,Cash,Delivered,263.26,2024,2024-01
TXN003184,CUST0382,PROD0029,2025-01-22,4,50.0,Credit Card,Returned,291.3,2025,2025-01
TXN003185,CUST0353,PROD0060,2024-01-01,5,30.0,Bank Transfer,Shipped,874.68,2024,2024-01
TXN003186,CUST0335,PROD0002,2024-01-04,3,15.0,Cash,Delivered,187.02,2024,2024-01
TXN003187,CUST0321,PROD0041,2025-05-08,3,10.0,Debit Card,Shipped,275.81,2025,2025-05
TXN003188,CUST0121,PROD0042,2025-08-27,1,0.0,Upi,Pending,52.06,2025,2025-08
TXN003189,CUST0274,PROD0010,2024-09-25,4,0.0,Bank Transfer,Pending,420.64,2024,2024-09
TXN003190,CUST0434,PROD0083,2024-01-01,6,5.0,Bank Transfer,Cancelled,582.26,2024,2024-01
TXN003191,CUST0234,PROD0065,2025-06-19,3,15.0,Paypal,Delivered,79.0,2025,2025-06
TXN003192,CUST0203,PROD0094,2024-01-01,5,40.0,Credit Card,Shipped,309.18,2024,2024-01
TXN003193,CUST0132,PROD0054,2025-04-23,6,30.0,Upi,Shipped,815.47,2025,2025-04
TXN003194,CUST0284,PROD0009,2025-01-11,3,5.0,Cash,Delivered,539.42,2025,2025-01
TXN003195,CUST0419,PROD0067,2025-09-15,1,0.0,Paypal,Pending,102.15,2025,2025-09
TXN003196,CUST0244,PROD0090,2024-01-01,1,0.0,Cash,Returned,147.35,2024,2024-01
TXN003197,CUST0172,PROD0006,2025-12-15,6,50.0,Upi,Delivered,723.87,2025,2025-12
TXN003198,CUST0149,PROD0031,2025-01-07,4,0.0,Credit Card,Delivered,186.96,2025,2025-01
TXN003199,CUST0117,PROD0091,2024-01-01,3,30.0,Cash,Cancelled,1343.66,2024,2024-01
TXN003200,CUST0109,PROD0004,2025-02-09,6,40.0,Upi,Delivered,176.76,2025,2025-02
TXN003201,CUST0419,PROD0052,2024-01-01,1,25.0,Paypal,Processing,12.76,2024,2024-01
TXN003202,CUST0377,PROD0024,2025-03-06,4,60.0,Bank Transfer,Shipped,161.98,2025,2025-03
TXN003203,CUST0315,PROD0003,2025-06-08,5,50.0,Upi,Delivered,90.28,2025,2025-06
TXN003204,CUST0112,PROD0065,2024-12-03,5,0.0,Upi,Pending,154.9,2024,2024-12
TXN003205,CUST0385,PROD0027,2025-08-09,2,20.0,Paypal,Pending,144.82,2025,2025-08
TXN003206,CUST0205,PROD0004,2024-01-01,3,0.0,Bank Transfer,Processing,147.3,2024,2024-01
TXN003207,CUST0072,PROD0016,2025-12-12,1,20.0,Cash,Shipped,31.82,2025,2025-12
TXN003208,CUST0392,PROD0090,2024-03-20,4,40.0,Credit Card,Shipped,353.64,2024,2024-03
TXN003209,CUST0201,PROD0027,2024-07-10,1,30.0,Paypal,Delivered,63.36,2024,2024-07
TXN003210,CUST0243,PROD0025,2025-08-17,2,50.0,Debit Card,Processing,789.47,2025,2025-08
TXN003211,CUST0252,PROD0016,2025-07-29,4,25.0,Upi,Cancelled,119.31,2025,2025-07
TXN003212,CUST0238,PROD0012,2024-01-01,1,50.0,Upi,Returned,38.3,2024,2024-01
TXN003213,CUST0313,PROD0034,2024-01-01,5,20.0,Paypal,Delivered,598.24,2024,2024-01
TXN003214,CUST0106,PROD0092,2025-12-13,5,15.0,Debit Card,Cancelled,956.89,2025,2025-12
TXN003215,CUST0491,PROD0042,2024-11-05,6,60.0,Credit Card,Shipped,124.94,2024,2024-11
TXN003216,CUST0145,PROD0046,2025-08-02,4,40.0,Credit Card,Shipped,442.61,2025,2025-08
TXN003217,CUST0307,PROD0023,2024-03-06,3,50.0,Paypal,Cancelled,793.53,2024,2024-03
TXN003218,CUST0002,PROD0048,2024-09-21,5,10.0,Bank Transfer,Cancelled,1310.4,2024,2024-09
TXN003219,CUST0288,PROD0066,2024-10-11,2,0.0,Paypal,Shipped,184.3,2024,2024-10
TXN003220,CUST0239,PROD0093,2024-01-01,4,40.0,Cash,Delivered,766.1,2024,2024-01
TXN003221,CUST0198,PROD0082,2025-01-20,3,15.0,Debit Card,Delivered,260.48,2025,2025-01
TXN003222,CUST0271,PROD0075,2024-02-23,4,20.0,Paypal,Shipped,130.08,2024,2024-02
TXN003223,CUST0169,PROD0001,2024-01-01,1,5.0,Paypal,Delivered,167.27,2024,2024-01
TXN003224,CUST0480,PROD0077,2024-06-08,6,20.0,Credit Card,Pending,163.68,2024,2024-06
TXN003225,CUST0451,PROD0007,2024-07-27,5,50.0,Credit Card,Shipped,569.92,2024,2024-07
TXN003226,CUST0233,PROD0021,2025-02-15,5,10.0,Upi,Processing,289.76,2025,2025-02
TXN003227,CUST0334,PROD0099,2024-01-01,5,25.0,Credit Card,Delivered,145.12,2024,2024-01
TXN003228,CUST0235,PROD0019,2025-06-12,6,60.0,Credit Card,Processing,74.71,2025,2025-06
TXN003229,CUST0329,PROD0083,2025-04-23,3,5.0,Debit Card,Shipped,291.13,2025,2025-04
TXN003230,CUST0277,PROD0001,2024-01-01,6,5.0,Upi,Shipped,1003.6,2024,2024-01
TXN003231,CUST0088,PROD0061,2025-02-19,2,0.0,Cash,Delivered,372.34,2025,2025-02
TXN003232,CUST0272,PROD0018,2024-01-18,3,5.0,Paypal,Delivered,337.38,2024,2024-01
TXN003233,CUST0326,PROD0097,2024-06-28,2,20.0,Bank Transfer,Returned,58.67,2024,2024-06
TXN003234,CUST0112,PROD0042,2024-01-01,6,10.0,Bank Transfer,Delivered,281.12,2024,2024-01
TXN003235,CUST0268,PROD0088,2025-05-11,1,10.0,Credit Card,Returned,325.07,2025,2025-05
TXN003236,CUST0415,PROD0085,2025-11-04,3,10.0,Credit Card,Cancelled,78.6,2025,2025-11
TXN003237,CUST0209,PROD0077,2024-01-20,1,10.0,Upi,Pending,30.69,2024,2024-01
TXN003238,CUST0187,PROD0032,2024-01-10,5,20.0,Paypal,Shipped,480.24,2024,2024-01
TXN003239,CUST0422,PROD0091,2024-03-01,5,30.0,Paypal,Delivered,2239.44,2024,2024-03
TXN003240,CUST0068,PROD0097,2024-10-27,4,25.0,Paypal,Returned,110.01,2024,2024-10
TXN003241,CUST0022,PROD0046,2024-01-01,6,30.0,Bank Transfer,Shipped,774.56,2024,2024-01
TXN003242,CUST0359,PROD0069,2025-03-26,3,0.0,Upi,Shipped,167.37,2025,2025-03
TXN003243,CUST0424,PROD0090,2024-10-05,5,10.0,Debit Card,Delivered,663.08,2024,2024-10
TXN003244,CUST0448,PROD0092,2025-08-06,4,15.0,Cash,Delivered,765.51,2025,2025-08
TXN003245,CUST0142,PROD0092,2024-01-01,2,15.0,Paypal,Cancelled,382.76,2024,2024-01
TXN003246,CUST0220,PROD0005,2025-01-25,4,60.0,Cash,Shipped,99.79,2025,2025-01
TXN003247,CUST0146,PROD0075,2024-01-01,3,60.0,Bank Transfer,Pending,48.78,2024,2024-01
TXN003248,CUST0496,PROD0086,2024-01-01,6,0.0,Bank Transfer,Processing,6302.82,2024,2024-01
TXN003249,CUST0310,PROD0068,2025-01-31,2,30.0,Paypal,Delivered,73.84,2025,2025-01
TXN003250,CUST0197,PROD0054,2025-02-11,4,60.0,Upi,Processing,310.66,2025,2025-02
TXN003251,CUST0097,PROD0045,2025-01-21,5,60.0,Paypal,Cancelled,351.44,2025,2025-01
TXN003252,CUST0111,PROD0042,2025-07-20,4,30.0,Cash,Pending,145.77,2025,2025-07
TXN003253,CUST0364,PROD0064,2025-04-06,2,25.0,Upi,Delivered,80.94,2025,2025-04
TXN003254,CUST0155,PROD0016,2024-09-09,5,10.0,Credit Card,Returned,178.97,2024,2024-09
TXN003255,CUST0459,PROD0078,2024-01-01,3,15.0,Cash,Cancelled,172.84,2024,2024-01
TXN003256,CUST0500,PROD0098,2024-01-01,2,10.0,Upi,Delivered,453.24,2024,2024-01
TXN003257,CUST0016,PROD0001,2024-03-09,3,0.0,Paypal,Shipped,528.21,2024,2024-03
TXN003258,CUST0076,PROD0079,2024-03-09,6,15.0,Credit Card,Returned,4235.5,2024,2024-03
TXN003259,CUST0375,PROD0073,2024-03-13,3,5.0,Credit Card,Cancelled,312.62,2024,2024-03
TXN003260,CUST0265,PROD0074,2025-05-22,2,50.0,Paypal,Processing,323.94,2025,2025-05
TXN003261,CUST0017,PROD0076,2025-09-19,4,25.0,Upi,Returned,87.9,2025,2025-09
TXN003262,CUST0082,PROD0096,2024-01-01,2,20.0,Credit Card,Delivered,30.54,2024,2024-01
TXN003263,CUST0318,PROD0091,2025-10-26,1,50.0,Paypal,Cancelled,319.92,2025,2025-10
TXN003264,CUST0173,PROD0030,2024-01-01,4,30.0,Upi,Shipped,170.16,2024,2024-01
TXN003265,CUST0319,PROD0034,2025-07-26,4,10.0,Cash,Delivered,538.42,2025,2025-07
TXN003266,CUST0333,PROD0048,2025-02-15,2,0.0,Debit Card,Pending,582.4,2025,2025-02
TXN003267,CUST0338,PROD0047,2024-01-01,1,40.0,Upi,Shipped,30.19,2024,2024-01
TXN003268,CUST0052,PROD0068,2025-03-16,3,40.0,Paypal,Returned,94.93,2025,2025-03
TXN003269,CUST0435,PROD0001,2024-01-01,3,40.0,Bank Transfer,Shipped,316.93,2024,2024-01
TXN003270,CUST0364,PROD0021,2024-11-21,1,15.0,Paypal,Delivered,54.73,2024,2024-11
TXN003271,CUST0436,PROD0052,2024-04-09,1,40.0,Paypal,Pending,10.21,2024,2024-04
TXN003272,CUST0101,PROD0083,2024-06-22,4,25.0,Credit Card,Cancelled,306.45,2024,2024-06
TXN003273,CUST0215,PROD0012,2025-08-12,2,0.0,Paypal,Delivered,153.18,2025,2025-08
TXN003274,CUST0427,PROD0080,2025-08-20,6,5.0,Upi,Pending,1066.07,2025,2025-08
TXN003275,CUST0100,PROD0027,2025-04-15,2,20.0,Paypal,Returned,144.82,2025,2025-04
TXN003276,CUST0437,PROD0040,2024-01-01,3,50.0,Credit Card,Returned,82.71,2024,2024-01
TXN003277,CUST0253,PROD0056,2024-01-27,6,50.0,Unknown,Processing,1404.54,2024,2024-01
TXN003278,CUST0397,PROD0029,2024-01-01,3,40.0,Upi,Delivered,262.17,2024,2024-01
TXN003279,CUST0040,PROD0100,2025-09-14,4,0.0,Cash,Delivered,444.84,2025,2025-09
TXN003280,CUST0046,PROD0062,2025-12-12,6,10.0,Cash,Delivered,135.97,2025,2025-12
TXN003281,CUST0041,PROD0035,2024-01-01,2,20.0,Credit Card,Shipped,498.77,2024,2024-01
TXN003282,CUST0286,PROD0046,2025-06-05,3,25.0,Cash,Shipped,414.94,2025,2025-06
TXN003283,CUST0374,PROD0095,2024-01-01,4,20.0,Bank Transfer,Shipped,513.41,2024,2024-01
TXN003284,CUST0343,PROD0047,2024-09-11,6,5.0,Upi,Delivered,286.82,2024,2024-09
TXN003285,CUST0332,PROD0063,2025-04-29,1,20.0,Credit Card,Cancelled,353.46,2025,2025-04
TXN003286,CUST0457,PROD0002,2024-11-14,3,5.0,Cash,Returned,209.02,2024,2024-11
TXN003287,CUST0010,PROD0098,2024-09-11,6,25.0,Paypal,Processing,1133.1,2024,2024-09
TXN003288,CUST0042,PROD0070,2024-01-25,2,60.0,Upi,Shipped,57.89,2024,2024-01
TXN003289,CUST0394,PROD0021,2024-01-01,5,25.0,Cash,Shipped,241.46,2024,2024-01
TXN003290,CUST0351,PROD0036,2024-01-01,6,0.0,Paypal,Delivered,1266.96,2024,2024-01
TXN003291,CUST0078,PROD0051,2024-11-25,5,25.0,Debit Card,Shipped,421.05,2024,2024-11
TXN003292,CUST0145,PROD0089,2025-03-23,5,15.0,Upi,Cancelled,70.46,2025,2025-03
TXN003293,CUST0176,PROD0093,2025-03-03,2,0.0,Upi,Pending,638.42,2025,2025-03
TXN003294,CUST0154,PROD0034,2024-01-22,5,0.0,Upi,Pending,747.8,2024,2024-01
TXN003295,CUST0022,PROD0065,2025-09-11,4,0.0,Paypal,Delivered,123.92,2025,2025-09
TXN003296,CUST0348,PROD0092,2024-04-30,6,60.0,Debit Card,Returned,540.36,2024,2024-04
TXN003297,CUST0444,PROD0029,2024-01-01,2,10.0,Upi,Shipped,262.17,2024,2024-01
TXN003298,CUST0052,PROD0013,2024-01-01,3,25.0,Credit Card,Delivered,195.21,2024,2024-01
TXN003299,CUST0176,PROD0021,2025-02-12,2,5.0,Debit Card,Shipped,122.34,2025,2025-02
TXN003300,CUST0017,PROD0038,2024-01-01,6,10.0,Paypal,Delivered,389.77,2024,2024-01
TXN003301,CUST0161,PROD0029,2025-09-07,6,0.0,Paypal,Pending,873.9,2025,2025-09
TXN003302,CUST0488,PROD0035,2025-01-07,3,20.0,Paypal,Unknown,748.15,2025,2025-01
TXN003303,CUST0443,PROD0069,2025-11-26,2,15.0,Debit Card,Pending,94.84,2025,2025-11
TXN003304,CUST0385,PROD0009,2024-01-01,6,5.0,Credit Card,Cancelled,1078.84,2024,2024-01
TXN003305,CUST0296,PROD0035,2025-03-07,4,30.0,Paypal,Shipped,872.84,2025,2025-03
TXN003306,CUST0093,PROD0032,2024-11-30,5,30.0,Credit Card,Delivered,420.21,2024,2024-11
TXN003307,CUST0119,PROD0002,2024-05-21,4,5.0,Cash,Returned,278.69,2024,2024-05
TXN003308,CUST0009,PROD0017,2025-01-17,5,40.0,Credit Card,Cancelled,321.39,2025,2025-01
TXN003309,CUST0465,PROD0050,2025-06-13,1,25.0,Credit Card,Shipped,17.65,2025,2025-06
TXN003310,CUST0122,PROD0006,2025-02-09,2,30.0,Credit Card,Delivered,337.81,2025,2025-02
TXN003311,CUST0023,PROD0017,2024-01-01,1,30.0,Bank Transfer,Delivered,74.99,2024,2024-01
TXN003312,CUST0320,PROD0070,2025-08-24,1,15.0,Credit Card,Shipped,61.51,2025,2025-08
TXN003313,CUST0085,PROD0008,2024-08-30,1,10.0,Credit Card,Processing,88.12,2024,2024-08
TXN003314,CUST0012,PROD0078,2024-09-25,2,15.0,Paypal,Delivered,115.23,2024,2024-09
TXN003315,CUST0292,PROD0060,2024-01-01,3,15.0,Debit Card,Processing,637.27,2024,2024-01
TXN003316,CUST0497,PROD0051,2024-02-12,5,50.0,Upi,Delivered,280.7,2024,2024-02
TXN003317,CUST0069,PROD0060,2024-12-23,3,25.0,Bank Transfer,Returned,562.3,2024,2024-12
TXN003318,CUST0323,PROD0076,2024-01-01,3,20.0,Cash,Returned,70.32,2024,2024-01
TXN003319,CUST0356,PROD0037,2024-12-03,5,5.0,Debit Card,Delivered,146.54,2024,2024-12
TXN003320,CUST0323,PROD0072,2024-05-03,5,60.0,Upi,Delivered,383.34,2024,2024-05
TXN003321,CUST0323,PROD0045,2025-06-26,3,20.0,Credit Card,Shipped,421.73,2025,2025-06
TXN003322,CUST0208,PROD0021,2024-01-01,6,25.0,Paypal,Shipped,289.76,2024,2024-01
TXN003323,CUST0253,PROD0079,2025-05-21,3,30.0,Upi,Delivered,1744.03,2025,2025-05
TXN003324,CUST0121,PROD0053,2024-04-15,2,20.0,Cash,Shipped,70.7,2024,2024-04
TXN003325,CUST0016,PROD0058,2024-01-01,4,10.0,Upi,Shipped,113.9,2024,2024-01
TXN003326,CUST0009,PROD0017,2024-07-20,1,25.0,Cash,Delivered,80.35,2024,2024-07
TXN003327,CUST0014,PROD0010,2025-01-18,6,0.0,Debit Card,Pending,630.96,2025,2025-01
TXN003328,CUST0118,PROD0087,2025-10-12,4,40.0,Debit Card,Delivered,176.69,2025,2025-10
TXN003329,CUST0217,PROD0007,2024-12-21,4,60.0,Credit Card,Delivered,364.75,2024,2024-12
TXN003330,CUST0067,PROD0023,2024-09-18,1,15.0,Upi,Delivered,449.67,2024,2024-09
TXN003331,CUST0158,PROD0057,2025-08-03,1,30.0,Bank Transfer,Delivered,320.68,2025,2025-08
TXN003332,CUST0110,PROD0013,2024-01-01,6,40.0,Credit Card,Delivered,312.34,2024,2024-01
TXN003333,CUST0371,PROD0059,2024-01-01,3,5.0,Cash,Shipped,154.53,2024,2024-01
TXN003334,CUST0223,PROD0096,2024-11-03,4,60.0,Upi,Shipped,30.54,2024,2024-11
TXN003335,CUST0170,PROD0050,2024-05-06,2,15.0,Credit Card,Pending,40.0,2024,2024-05
TXN003336,CUST0136,PROD0081,2025-11-17,4,30.0,Cash,Delivered,174.61,2025,2025-11
TXN003337,CUST0192,PROD0088,2025-04-24,2,15.0,Paypal,Pending,614.02,2025,2025-04
TXN003338,CUST0411,PROD0094,2024-03-31,3,15.0,Credit Card,Shipped,262.8,2024,2024-03
TXN003339,CUST0289,PROD0024,2024-01-01,5,25.0,Upi,Pending,379.65,2024,2024-01
TXN003340,CUST0124,PROD0028,2024-07-13,6,60.0,Paypal,Cancelled,2148.26,2024,2024-07
TXN003341,CUST0403,PROD0088,2024-05-16,5,30.0,Bank Transfer,Returned,1264.16,2024,2024-05
TXN003342,CUST0021,PROD0024,2025-07-28,3,15.0,Paypal,Shipped,258.16,2025,2025-07
TXN003343,CUST0479,PROD0059,2025-01-20,5,10.0,Bank Transfer,Processing,243.99,2025,2025-01
TXN003344,CUST0225,PROD0061,2024-01-01,6,10.0,Upi,Delivered,1005.32,2024,2024-01
TXN003345,CUST0334,PROD0019,2024-02-17,2,10.0,Credit Card,Shipped,56.03,2024,2024-02
TXN003346,CUST0129,PROD0089,2024-01-01,4,60.0,Upi,Cancelled,26.53,2024,2024-01
TXN003347,CUST0390,PROD0023,2025-06-12,3,10.0,Upi,Returned,1428.35,2025,2025-06
TXN003348,CUST0254,PROD0085,2024-03-13,5,50.0,Paypal,Delivered,72.78,2024,2024-03
TXN003349,CUST0410,PROD0087,2024-01-01,3,5.0,Credit Card,Returned,209.82,2024,2024-01
TXN003350,CUST0354,PROD0044,2024-05-09,1,40.0,Credit Card,Shipped,62.07,2024,2024-05
TXN003351,CUST0292,PROD0089,2025-09-15,1,15.0,Cash,Cancelled,14.09,2025,2025-09
TXN003352,CUST0064,PROD0004,2024-01-04,4,20.0,Upi,Cancelled,157.12,2024,2024-01
TXN003353,CUST0345,PROD0020,2024-01-01,6,10.0,Paypal,Pending,490.0,2024,2024-01
TXN003354,CUST0231,PROD0060,2025-04-23,2,5.0,Upi,Delivered,474.83,2025,2025-04
TXN003355,CUST0489,PROD0051,2024-01-01,6,40.0,Credit Card,Pending,404.21,2024,2024-01
TXN003356,CUST0002,PROD0027,2025-07-25,1,15.0,Upi,Delivered,76.93,2025,2025-07
TXN003357,CUST0172,PROD0079,2024-11-16,5,50.0,Bank Transfer,Processing,2076.22,2024,2024-11
TXN003358,CUST0323,PROD0037,2024-03-27,1,40.0,Bank Transfer,Delivered,18.51,2024,2024-03
TXN003359,CUST0068,PROD0064,2024-10-03,6,30.0,Paypal,Delivered,226.63,2024,2024-10
TXN003360,CUST0260,PROD0022,2024-01-01,4,10.0,Credit Card,Delivered,647.03,2024,2024-01
TXN003361,CUST0432,PROD0056,2024-06-12,1,15.0,Upi,Cancelled,397.95,2024,2024-06
TXN003362,CUST0413,PROD0066,2025-11-09,6,30.0,Bank Transfer,Shipped,387.03,2025,2025-11
TXN003363,CUST0374,PROD0010,2024-10-16,4,20.0,Credit Card,Pending,336.51,2024,2024-10
TXN003364,CUST0331,PROD0076,2024-08-01,5,15.0,Paypal,Returned,124.52,2024,2024-08
TXN003365,CUST0432,PROD0077,2024-03-20,5,50.0,Upi,Delivered,85.25,2024,2024-03
TXN003366,CUST0302,PROD0095,2024-01-01,3,0.0,Bank Transfer,Cancelled,481.32,2024,2024-01
TXN003367,CUST0074,PROD0054,2024-01-01,2,10.0,Paypal,Cancelled,349.49,2024,2024-01
TXN003368,CUST0500,PROD0076,2024-09-20,1,10.0,Debit Card,Processing,26.37,2024,2024-09
TXN003369,CUST0368,PROD0071,2025-08-22,5,5.0,Debit Card,Delivered,3933.43,2025,2025-08
TXN003370,CUST0316,PROD0037,2025-07-29,2,20.0,Credit Card,Delivered,49.36,2025,2025-07
TXN003371,CUST0359,PROD0010,2024-07-05,4,30.0,Paypal,Processing,294.45,2024,2024-07
TXN003372,CUST0466,PROD0025,2025-08-28,6,20.0,Paypal,Returned,3789.46,2025,2025-08
TXN003373,CUST0089,PROD0082,2024-06-14,4,40.0,Cash,Pending,245.16,2024,2024-06
TXN003374,CUST0263,PROD0100,2024-01-01,2,10.0,Upi,Pending,200.18,2024,2024-01
TXN003375,CUST0270,PROD0083,2025-07-13,4,0.0,Credit Card,Returned,408.6,2025,2025-07
TXN003376,CUST0035,PROD0050,2025-06-18,3,5.0,Upi,Returned,67.06,2025,2025-06
TXN003377,CUST0295,PROD0083,2024-01-01,3,40.0,Cash,Returned,183.87,2024,2024-01
TXN003378,CUST0201,PROD0004,2025-11-26,5,30.0,Paypal,Returned,171.85,2025,2025-11
TXN003379,CUST0291,PROD0100,2025-01-31,6,50.0,Upi,Delivered,333.63,2025,2025-01
TXN003380,CUST0439,PROD0080,2025-03-31,2,30.0,Debit Card,Delivered,261.84,2025,2025-03
TXN003381,CUST0430,PROD0070,2024-01-01,2,30.0,Debit Card,Shipped,101.3,2024,2024-01
TXN003382,CUST0206,PROD0017,2024-01-08,4,25.0,Credit Card,Delivered,321.39,2024,2024-01
TXN003383,CUST0376,PROD0058,2024-01-01,4,20.0,Credit Card,Pending,101.25,2024,2024-01
TXN003384,CUST0341,PROD0067,2025-02-12,3,25.0,Paypal,Delivered,229.84,2025,2025-02
TXN003385,CUST0052,PROD0023,2024-09-17,4,20.0,Credit Card,Delivered,1692.86,2024,2024-09
TXN003386,CUST0027,PROD0050,2025-06-20,3,50.0,Upi,Processing,35.3,2025,2025-06
TXN003387,CUST0150,PROD0088,2024-02-28,1,30.0,Upi,Delivered,252.83,2024,2024-02
TXN003388,CUST0131,PROD0042,2024-01-01,2,20.0,Bank Transfer,Returned,83.3,2024,2024-01
TXN003389,CUST0036,PROD0099,2025-06-08,5,40.0,Bank Transfer,Delivered,116.1,2025,2025-06
TXN003390,CUST0074,PROD0026,2024-07-25,4,50.0,Unknown,Delivered,141.76,2024,2024-07
TXN003391,CUST0263,PROD0100,2024-08-26,4,0.0,Debit Card,Pending,444.84,2024,2024-08
TXN003392,CUST0011,PROD0032,2025-02-22,1,60.0,Bank Transfer,Returned,48.02,2025,2025-02
TXN003393,CUST0079,PROD0028,2025-06-08,4,0.0,Paypal,Delivered,3580.44,2025,2025-06
TXN003394,CUST0409,PROD0089,2024-12-06,1,50.0,Cash,Cancelled,8.29,2024,2024-12
TXN003395,CUST0016,PROD0078,2024-01-01,1,25.0,Bank Transfer,Delivered,50.84,2024,2024-01
TXN003396,CUST0299,PROD0099,2025-03-19,1,60.0,Paypal,Pending,15.48,2025,2025-03
TXN003397,CUST0445,PROD0074,2025-05-13,3,25.0,Paypal,Returned,728.86,2025,2025-05
TXN003398,CUST0057,PROD0027,2025-01-06,5,20.0,Cash,Delivered,362.04,2025,2025-01
TXN003399,CUST0153,PROD0041,2024-01-01,2,25.0,Upi,Pending,153.23,2024,2024-01
TXN003400,CUST0261,PROD0002,2024-01-01,4,15.0,Bank Transfer,Delivered,249.36,2024,2024-01
TXN003401,CUST0455,PROD0044,2025-08-21,5,0.0,Paypal,Shipped,517.25,2025,2025-08
TXN003402,CUST0001,PROD0022,2024-01-01,3,10.0,Credit Card,Cancelled,485.27,2024,2024-01
TXN003403,CUST0497,PROD0012,2024-12-28,5,10.0,Credit Card,Returned,344.66,2024,2024-12
TXN003404,CUST0313,PROD0003,2025-04-24,3,10.0,Credit Card,Cancelled,97.5,2025,2025-04
TXN003405,CUST0050,PROD0073,2025-03-26,4,40.0,Bank Transfer,Shipped,263.26,2025,2025-03
TXN003406,CUST0236,PROD0047,2025-09-16,1,20.0,Debit Card,Shipped,40.26,2025,2025-09
TXN003407,CUST0378,PROD0035,2025-12-04,6,10.0,Upi,Delivered,1683.34,2025,2025-12
TXN003408,CUST0257,PROD0067,2024-05-12,3,50.0,Upi,Returned,153.23,2024,2024-05
TXN003409,CUST0055,PROD0074,2024-01-01,2,15.0,Paypal,Shipped,550.7,2024,2024-01
TXN003410,CUST0016,PROD0095,2024-01-01,6,50.0,Upi,Returned,481.32,2024,2024-01
TXN003411,CUST0085,PROD0059,2025-03-06,3,50.0,Upi,Shipped,81.33,2025,2025-03
TXN003412,CUST0435,PROD0057,2024-07-16,1,30.0,Upi,Processing,320.68,2024,2024-07
TXN003413,CUST0432,PROD0076,2024-08-06,6,5.0,Credit Card,Shipped,167.01,2024,2024-08
TXN003414,CUST0416,PROD0068,2024-04-02,5,50.0,Paypal,Returned,131.85,2024,2024-04
TXN003415,CUST0399,PROD0019,2025-01-25,3,60.0,Bank Transfer,Shipped,37.36,2025,2025-01
TXN003416,CUST0319,PROD0071,2024-01-01,4,10.0,Upi,Processing,2981.12,2024,2024-01
TXN003417,CUST0236,PROD0093,2024-01-01,6,40.0,Debit Card,Pending,1149.16,2024,2024-01
TXN003418,CUST0320,PROD0065,2025-08-16,2,10.0,Upi,Pending,55.76,2025,2025-08
TXN003419,CUST0348,PROD0074,2024-02-27,6,30.0,Credit Card,Returned,1360.55,2024,2024-02
TXN003420,CUST0447,PROD0092,2025-07-09,6,40.0,Credit Card,Returned,810.54,2025,2025-07
TXN003421,CUST0415,PROD0060,2024-01-01,3,20.0,Debit Card,Pending,599.78,2024,2024-01
TXN003422,CUST0216,PROD0064,2024-11-17,2,60.0,Cash,Shipped,43.17,2024,2024-11
TXN003423,CUST0420,PROD0070,2024-01-01,6,0.0,Paypal,Cancelled,434.16,2024,2024-01
TXN003424,CUST0237,PROD0066,2024-03-08,5,5.0,Credit Card,Pending,437.71,2024,2024-03
TXN003425,CUST0309,PROD0008,2025-07-25,3,25.0,Cash,Shipped,220.3,2025,2025-07
TXN003426,CUST0086,PROD0052,2025-07-17,5,20.0,Cash,Pending,68.04,2025,2025-07
TXN003427,CUST0211,PROD0027,2025-06-21,3,0.0,Paypal,Shipped,271.53,2025,2025-06
TXN003428,CUST0041,PROD0020,2024-08-31,4,5.0,Paypal,Shipped,344.81,2024,2024-08
TXN003429,CUST0480,PROD0081,2025-11-14,1,25.0,Debit Card,Unknown,46.77,2025,2025-11
TXN003430,CUST0080,PROD0073,2024-01-01,5,30.0,Debit Card,Processing,383.92,2024,2024-01
TXN003431,CUST0418,PROD0004,2025-10-26,1,30.0,Upi,Delivered,34.37,2025,2025-10
TXN003432,CUST0448,PROD0016,2024-01-01,5,10.0,Upi,Pending,178.97,2024,2024-01
TXN003433,CUST0400,PROD0019,2025-08-26,2,30.0,Cash,Cancelled,43.58,2025,2025-08
TXN003434,CUST0115,PROD0036,2024-01-01,3,30.0,Bank Transfer,Pending,443.44,2024,2024-01
TXN003435,CUST0472,PROD0006,2024-09-05,3,0.0,Upi,Pending,723.87,2024,2024-09
TXN003436,CUST0168,PROD0059,2025-06-07,4,50.0,Upi,Cancelled,108.44,2025,2025-06
TXN003437,CUST0174,PROD0046,2024-01-01,1,40.0,Paypal,Cancelled,110.65,2024,2024-01
TXN003438,CUST0379,PROD0013,2024-06-23,2,5.0,Credit Card,Delivered,164.84,2024,2024-06
TXN003439,CUST0175,PROD0081,2024-02-13,3,40.0,Credit Card,Delivered,112.25,2024,2024-02
TXN003440,CUST0066,PROD0083,2024-04-05,4,60.0,Upi,Returned,163.44,2024,2024-04
TXN003441,CUST0364,PROD0036,2024-09-26,3,25.0,Cash,Cancelled,475.11,2024,2024-09
TXN003442,CUST0054,PROD0010,2024-11-14,3,40.0,Credit Card,Shipped,189.29,2024,2024-11
TXN003443,CUST0386,PROD0020,2024-01-01,3,0.0,Upi,Shipped,272.22,2024,2024-01
TXN003444,CUST0275,PROD0057,2024-01-01,6,30.0,Cash,Shipped,1924.1,2024,2024-01
TXN003445,CUST0381,PROD0005,2025-08-19,4,40.0,Paypal,Delivered,149.69,2025,2025-08
TXN003446,CUST0448,PROD0019,2024-08-25,3,20.0,Credit Card,Shipped,74.71,2024,2024-08
TXN003447,CUST0263,PROD0038,2024-09-26,4,60.0,Bank Transfer,Delivered,115.49,2024,2024-09
TXN003448,CUST0469,PROD0098,2024-08-25,6,30.0,Bank Transfer,Delivered,1057.56,2024,2024-08
TXN003449,CUST0034,PROD0056,2024-08-11,5,25.0,Paypal,Cancelled,1755.68,2024,2024-08
TXN003450,CUST0389,PROD0064,2025-06-02,2,5.0,Credit Card,Pending,102.52,2025,2025-06
TXN003451,CUST0188,PROD0058,2024-01-01,5,10.0,Paypal,Cancelled,142.38,2024,2024-01
TXN003452,CUST0054,PROD0066,2025-02-06,6,15.0,Credit Card,Processing,469.97,2025,2025-02
TXN003453,CUST0290,PROD0012,2024-12-05,3,20.0,Paypal,Cancelled,183.82,2024,2024-12
TXN003454,CUST0117,PROD0023,2024-01-01,4,25.0,Debit Card,Delivered,1587.06,2024,2024-01
TXN003455,CUST0321,PROD0095,2024-09-17,2,60.0,Upi,Shipped,128.35,2024,2024-09
TXN003456,CUST0013,PROD0060,2024-07-31,3,30.0,Paypal,Returned,524.81,2024,2024-07
TXN003457,CUST0200,PROD0023,2024-05-05,6,60.0,Credit Card,Returned,1269.65,2024,2024-05
TXN003458,CUST0333,PROD0011,2024-01-01,3,60.0,Debit Card,Shipped,96.91,2024,2024-01
TXN003459,CUST0033,PROD0057,2024-01-04,1,10.0,Paypal,Shipped,412.31,2024,2024-01
TXN003460,CUST0263,PROD0086,2024-04-06,5,25.0,Debit Card,Returned,3939.26,2024,2024-04
TXN003461,CUST0457,PROD0013,2024-08-21,3,40.0,Upi,Delivered,156.17,2024,2024-08
TXN003462,CUST0362,PROD0076,2024-09-18,2,40.0,Paypal,Returned,35.16,2024,2024-09
TXN003463,CUST0014,PROD0095,2024-05-11,6,10.0,Cash,Shipped,866.38,2024,2024-05
TXN003464,CUST0148,PROD0086,2025-10-14,2,0.0,Paypal,Shipped,2100.94,2025,2025-10
TXN003465,CUST0493,PROD0082,2024-01-01,1,60.0,Upi,Processing,40.86,2024,2024-01
TXN003466,CUST0457,PROD0025,2025-03-01,4,40.0,Debit Card,Shipped,1894.73,2025,2025-03
TXN003467,CUST0213,PROD0053,2025-03-21,1,10.0,Credit Card,Shipped,39.77,2025,2025-03
TXN003468,CUST0469,PROD0031,2024-01-01,1,10.0,Paypal,Processing,42.07,2024,2024-01
TXN003469,CUST0349,PROD0090,2024-08-13,5,60.0,Cash,Delivered,294.7,2024,2024-08
TXN003470,CUST0038,PROD0027,2025-03-24,5,15.0,Upi,Pending,384.67,2025,2025-03
TXN003471,CUST0184,PROD0080,2024-01-17,4,40.0,Debit Card,Delivered,448.87,2024,2024-01
TXN003472,CUST0077,PROD0082,2024-01-01,4,5.0,Bank Transfer,Returned,388.17,2024,2024-01
TXN003473,CUST0085,PROD0028,2024-09-08,1,40.0,Bank Transfer,Shipped,537.07,2024,2024-09
TXN003474,CUST0465,PROD0047,2025-03-20,2,30.0,Credit Card,Shipped,70.45,2025,2025-03
TXN003475,CUST0282,PROD0050,2024-09-09,2,30.0,Upi,Shipped,32.94,2024,2024-09
TXN003476,CUST0291,PROD0075,2024-01-01,6,30.0,Credit Card,Delivered,170.73,2024,2024-01
TXN003477,CUST0299,PROD0098,2024-06-10,2,40.0,Paypal,Shipped,302.16,2024,2024-06
TXN003478,CUST0436,PROD0034,2024-04-04,5,0.0,Credit Card,Cancelled,747.8,2024,2024-04
TXN003479,CUST0475,PROD0071,2024-01-01,2,25.0,Credit Card,Shipped,1242.14,2024,2024-01
TXN003480,CUST0374,PROD0093,2024-08-01,3,20.0,Cash,Shipped,766.1,2024,2024-08
TXN003481,CUST0247,PROD0019,2024-07-03,5,15.0,Credit Card,Returned,132.3,2024,2024-07
TXN003482,CUST0241,PROD0097,2024-09-03,1,20.0,Credit Card,Returned,29.34,2024,2024-09
TXN003483,CUST0194,PROD0094,2025-12-13,3,40.0,Bank Transfer,Cancelled,185.51,2025,2025-12
TXN003484,CUST0077,PROD0046,2024-04-05,3,60.0,Paypal,Pending,221.3,2024,2024-04
TXN003485,CUST0302,PROD0041,2024-01-01,2,0.0,Bank Transfer,Delivered,204.3,2024,2024-01
TXN003486,CUST0147,PROD0032,2024-01-01,6,30.0,Upi,Shipped,504.25,2024,2024-01
TXN003487,CUST0264,PROD0025,2024-01-01,5,25.0,Cash,Delivered,2960.51,2024,2024-01
TXN003488,CUST0031,PROD0013,2025-12-14,4,15.0,Debit Card,Returned,294.98,2025,2025-12
TXN003489,CUST0106,PROD0075,2024-03-27,1,5.0,Bank Transfer,Cancelled,38.62,2024,2024-03
TXN003490,CUST0222,PROD0062,2025-07-01,2,5.0,Credit Card,Pending,47.84,2025,2025-07
TXN003491,CUST0409,PROD0071,2024-03-20,4,5.0,Credit Card,Shipped,3146.74,2024,2024-03
TXN003492,CUST0324,PROD0068,2024-11-23,3,25.0,Credit Card,Pending,118.66,2024,2024-11
TXN003493,CUST0430,PROD0007,2024-01-01,5,0.0,Paypal,Shipped,1139.85,2024,2024-01
TXN003494,CUST0421,PROD0075,2025-11-03,2,5.0,Credit Card,Returned,77.24,2025,2025-11
TXN003495,CUST0092,PROD0091,2024-07-19,4,0.0,Credit Card,Processing,2559.36,2024,2024-07
TXN003496,CUST0100,PROD0007,2024-07-08,4,25.0,Credit Card,Delivered,683.91,2024,2024-07
TXN003497,CUST0346,PROD0042,2024-05-21,3,5.0,Debit Card,Returned,148.37,2024,2024-05
TXN003498,CUST0404,PROD0020,2024-01-01,4,40.0,Credit Card,Shipped,217.78,2024,2024-01
TXN003499,CUST0162,PROD0010,2024-09-19,6,60.0,Paypal,Delivered,252.38,2024,2024-09
TXN003500,CUST0049,PROD0052,2024-01-01,2,50.0,Paypal,Processing,17.01,2024,2024-01
TXN003501,CUST0070,PROD0018,2024-10-11,1,25.0,Upi,Processing,88.78,2024,2024-10
TXN003502,CUST0095,PROD0086,2024-01-01,3,30.0,Paypal,Delivered,2205.99,2024,2024-01
TXN003503,CUST0049,PROD0085,2025-09-20,1,5.0,Unknown,Returned,27.65,2025,2025-09
TXN003504,CUST0274,PROD0040,2024-08-02,5,5.0,Upi,Cancelled,261.91,2024,2024-08
TXN003505,CUST0329,PROD0023,2025-01-07,5,30.0,Debit Card,Cancelled,1851.57,2025,2025-01
TXN003506,CUST0082,PROD0032,2025-09-04,3,30.0,Bank Transfer,Delivered,252.13,2025,2025-09
TXN003507,CUST0065,PROD0028,2024-01-01,5,30.0,Bank Transfer,Returned,3132.88,2024,2024-01
TXN003508,CUST0313,PROD0057,2025-03-14,2,20.0,Cash,Shipped,732.99,2025,2025-03
TXN003509,CUST0220,PROD0025,2024-01-01,6,0.0,Credit Card,Cancelled,4736.82,2024,2024-01
TXN003510,CUST0224,PROD0097,2025-04-09,6,40.0,Upi,Returned,132.01,2025,2025-04
TXN003511,CUST0339,PROD0074,2025-07-17,6,25.0,Paypal,Pending,1457.73,2025,2025-07
TXN003512,CUST0426,PROD0030,2024-12-30,1,25.0,Paypal,Shipped,45.58,2024,2024-12
TXN003513,CUST0492,PROD0052,2025-01-14,5,5.0,Bank Transfer,Pending,80.8,2025,2025-01
TXN003514,CUST0392,PROD0050,2024-01-01,2,50.0,Credit Card,Shipped,23.53,2024,2024-01
TXN003515,CUST0214,PROD0039,2024-04-17,4,25.0,Upi,Cancelled,168.45,2024,2024-04
TXN003516,CUST0208,PROD0075,2025-12-15,2,20.0,Paypal,Returned,65.04,2025,2025-12
TXN003517,CUST0473,PROD0098,2025-02-07,6,25.0,Upi,Delivered,1133.1,2025,2025-02
TXN003518,CUST0107,PROD0072,2025-08-17,6,30.0,Paypal,Delivered,805.01,2025,2025-08
TXN003519,CUST0383,PROD0032,2024-01-01,2,30.0,Paypal,Processing,168.08,2024,2024-01
TXN003520,CUST0153,PROD0014,2024-01-01,1,10.0,Paypal,Shipped,15.72,2024,2024-01
TXN003521,CUST0487,PROD0026,2024-01-01,2,25.0,Bank Transfer,Cancelled,106.32,2024,2024-01
TXN003522,CUST0482,PROD0085,2024-10-20,5,25.0,Cash,Shipped,109.16,2024,2024-10
TXN003523,CUST0127,PROD0086,2025-08-14,4,5.0,Upi,Processing,3991.79,2025,2025-08
TXN003524,CUST0152,PROD0073,2025-04-26,6,15.0,Cash,Shipped,559.42,2025,2025-04
TXN003525,CUST0213,PROD0013,2024-12-28,6,50.0,Debit Card,Shipped,260.28,2024,2024-12
TXN003526,CUST0202,PROD0066,2025-11-02,6,40.0,Debit Card,Delivered,331.74,2025,2025-11
TXN003527,CUST0126,PROD0003,2025-05-24,4,10.0,Upi,Delivered,130.0,2025,2025-05
TXN003528,CUST0242,PROD0089,2024-01-01,1,20.0,Cash,Shipped,13.26,2024,2024-01
TXN003529,CUST0418,PROD0062,2025-07-21,1,50.0,Paypal,Shipped,12.59,2025,2025-07
TXN003530,CUST0375,PROD0036,2025-08-10,1,10.0,Debit Card,Returned,190.04,2025,2025-08
TXN003531,CUST0204,PROD0026,2024-01-01,4,30.0,Paypal,Delivered,198.46,2024,2024-01
TXN003532,CUST0329,PROD0036,2024-05-27,5,10.0,Upi,Returned,950.22,2024,2024-05
TXN003533,CUST0177,PROD0097,2025-02-19,2,60.0,Debit Card,Pending,29.34,2025,2025-02
TXN003534,CUST0072,PROD0096,2025-08-22,6,20.0,Credit Card,Cancelled,91.63,2025,2025-08
TXN003535,CUST0203,PROD0074,2024-01-01,3,5.0,Debit Card,Processing,923.23,2024,2024-01
TXN003536,CUST0329,PROD0053,2024-01-01,6,20.0,Paypal,Shipped,212.11,2024,2024-01
TXN003537,CUST0318,PROD0053,2025-04-07,1,30.0,Cash,Cancelled,30.93,2025,2025-04
TXN003538,CUST0112,PROD0043,2024-08-13,1,0.0,Debit Card,Shipped,159.95,2024,2024-08
TXN003539,CUST0056,PROD0022,2024-12-24,1,5.0,Upi,Cancelled,170.74,2024,2024-12
TXN003540,CUST0291,PROD0078,2024-10-05,5,0.0,Debit Card,Cancelled,338.9,2024,2024-10
TXN003541,CUST0116,PROD0030,2024-10-05,2,40.0,Upi,Pending,72.92,2024,2024-10
TXN003542,CUST0337,PROD0027,2024-01-01,5,5.0,Bank Transfer,Delivered,429.92,2024,2024-01
TXN003543,CUST0423,PROD0073,2025-07-12,3,5.0,Credit Card,Shipped,312.62,2025,2025-07
TXN003544,CUST0443,PROD0056,2025-05-20,2,0.0,Debit Card,Returned,936.36,2025,2025-05
TXN003545,CUST0466,PROD0070,2024-04-03,4,0.0,Bank Transfer,Shipped,289.44,2024,2024-04
TXN003546,CUST0396,PROD0004,2024-02-18,6,10.0,Credit Card,Processing,265.14,2024,2024-02
TXN003547,CUST0272,PROD0072,2025-03-03,1,30.0,Cash,Delivered,134.17,2025,2025-03
TXN003548,CUST0383,PROD0010,2025-09-27,1,15.0,Bank Transfer,Processing,89.39,2025,2025-09
TXN003549,CUST0063,PROD0099,2024-01-01,5,25.0,Bank Transfer,Returned,145.12,2024,2024-01
TXN003550,CUST0455,PROD0020,2024-03-02,3,15.0,Debit Card,Shipped,231.39,2024,2024-03
TXN003551,CUST0032,PROD0090,2025-05-04,6,5.0,Paypal,Shipped,839.89,2025,2025-05
TXN003552,CUST0106,PROD0070,2025-01-26,1,25.0,Paypal,Shipped,54.27,2025,2025-01
TXN003553,CUST0438,PROD0090,2024-01-01,1,15.0,Paypal,Shipped,125.25,2024,2024-01
TXN003554,CUST0299,PROD0088,2024-11-12,2,20.0,Paypal,Delivered,577.9,2024,2024-11
TXN003555,CUST0083,PROD0067,2025-07-22,1,20.0,Debit Card,Shipped,81.72,2025,2025-07
TXN003556,CUST0068,PROD0069,2024-01-01,3,25.0,Paypal,Unknown,125.53,2024,2024-01
TXN003557,CUST0479,PROD0090,2024-03-17,2,30.0,Paypal,Delivered,206.29,2024,2024-03
TXN003558,CUST0252,PROD0049,2024-10-28,2,60.0,Debit Card,Cancelled,103.82,2024,2024-10
TXN003559,CUST0284,PROD0011,2024-02-08,4,20.0,Debit Card,Shipped,258.43,2024,2024-02
TXN003560,CUST0063,PROD0074,2024-10-20,2,10.0,Debit Card,Delivered,583.09,2024,2024-10
TXN003561,CUST0146,PROD0007,2024-03-18,2,5.0,Credit Card,Cancelled,433.14,2024,2024-03
TXN003562,CUST0170,PROD0007,2025-02-24,6,30.0,Paypal,Shipped,957.47,2025,2025-02
TXN003563,CUST0035,PROD0053,2024-01-01,3,25.0,Paypal,Delivered,99.43,2024,2024-01
TXN003564,CUST0090,PROD0097,2024-01-01,6,20.0,Debit Card,Delivered,176.02,2024,2024-01
TXN003565,CUST0072,PROD0082,2025-01-07,4,5.0,Paypal,Returned,388.17,2025,2025-01
TXN003566,CUST0469,PROD0046,2025-03-12,5,20.0,Cash,Cancelled,737.68,2025,2025-03
TXN003567,CUST0030,PROD0004,2025-01-13,5,25.0,Upi,Pending,184.12,2025,2025-01
TXN003568,CUST0179,PROD0085,2025-02-15,3,25.0,Cash,Returned,65.5,2025,2025-02
TXN003569,CUST0454,PROD0019,2024-07-07,6,5.0,Paypal,Processing,177.44,2024,2024-07
TXN003570,CUST0200,PROD0052,2024-01-01,3,30.0,Credit Card,Delivered,35.72,2024,2024-01
TXN003571,CUST0133,PROD0049,2024-01-09,1,0.0,Debit Card,Returned,129.78,2024,2024-01
TXN003572,CUST0440,PROD0084,2024-10-08,2,0.0,Upi,Shipped,338.56,2024,2024-10
TXN003573,CUST0441,PROD0024,2024-09-23,6,50.0,Paypal,Shipped,303.72,2024,2024-09
TXN003574,CUST0449,PROD0001,2024-01-04,4,30.0,Cash,Delivered,493.0,2024,2024-01
TXN003575,CUST0345,PROD0035,2024-01-01,2,50.0,Paypal,Delivered,311.73,2024,2024-01
TXN003576,CUST0242,PROD0053,2024-06-21,3,5.0,Debit Card,Delivered,125.94,2024,2024-06
TXN003577,CUST0446,PROD0085,2024-01-01,2,10.0,Cash,Processing,52.4,2024,2024-01
TXN003578,CUST0093,PROD0023,2025-07-23,3,0.0,Cash,Returned,1587.06,2025,2025-07
TXN003579,CUST0242,PROD0042,2024-06-08,2,25.0,Bank Transfer,Delivered,78.09,2024,2024-06
TXN003580,CUST0001,PROD0035,2024-04-04,6,50.0,Bank Transfer,Pending,935.19,2024,2024-04
TXN003581,CUST0310,PROD0015,2024-08-21,1,5.0,Upi,Delivered,63.43,2024,2024-08
TXN003582,CUST0342,PROD0004,2024-11-17,3,40.0,Paypal,Processing,88.38,2024,2024-11
TXN003583,CUST0393,PROD0083,2025-06-27,2,0.0,Upi,Returned,204.3,2025,2025-06
TXN003584,CUST0061,PROD0082,2024-01-01,3,40.0,Cash,Delivered,183.87,2024,2024-01
TXN003585,CUST0238,PROD0068,2024-09-03,2,50.0,Credit Card,Shipped,52.74,2024,2024-09
TXN003586,CUST0013,PROD0039,2024-01-01,3,25.0,Upi,Returned,126.34,2024,2024-01
TXN003587,CUST0040,PROD0079,2024-01-01,3,5.0,Bank Transfer,Returned,2366.9,2024,2024-01
TXN003588,CUST0241,PROD0072,2025-02-23,3,10.0,Cash,Delivered,517.51,2025,2025-02
TXN003589,CUST0090,PROD0011,2025-10-18,6,25.0,Upi,Delivered,363.42,2025,2025-10
TXN003590,CUST0198,PROD0029,2024-12-18,5,0.0,Upi,Pending,728.25,2024,2024-12
TXN003591,CUST0286,PROD0075,2024-01-01,2,5.0,Upi,Pending,77.24,2024,2024-01
TXN003592,CUST0129,PROD0031,2025-02-16,5,0.0,Credit Card,Delivered,233.7,2025,2025-02
TXN003593,CUST0283,PROD0042,2024-12-18,3,60.0,Bank Transfer,Delivered,62.47,2024,2024-12
TXN003594,CUST0279,PROD0098,2024-10-11,5,0.0,Upi,Shipped,1259.0,2024,2024-10
TXN003595,CUST0291,PROD0082,2024-02-20,3,25.0,Paypal,Shipped,229.84,2024,2024-02
TXN003596,CUST0035,PROD0094,2024-02-19,3,30.0,Paypal,Cancelled,216.43,2024,2024-02
TXN003597,CUST0120,PROD0058,2024-01-01,4,0.0,Debit Card,Shipped,126.56,2024,2024-01
TXN003598,CUST0163,PROD0019,2024-01-01,1,15.0,Upi,Shipped,26.46,2024,2024-01
TXN003599,CUST0154,PROD0076,2025-07-19,2,25.0,Upi,Delivered,43.95,2025,2025-07
TXN003600,CUST0263,PROD0036,2024-07-18,6,30.0,Paypal,Shipped,886.87,2024,2024-07
TXN003601,CUST0152,PROD0035,2024-11-04,4,10.0,Credit Card,Delivered,1122.23,2024,2024-11
TXN003602,CUST0273,PROD0037,2025-11-22,2,10.0,Bank Transfer,Processing,55.53,2025,2025-11
TXN003603,CUST0109,PROD0039,2025-06-08,1,20.0,Debit Card,Pending,44.92,2025,2025-06
TXN003604,CUST0364,PROD0017,2024-01-01,6,25.0,Credit Card,Cancelled,482.08,2024,2024-01
TXN003605,CUST0483,PROD0051,2024-01-01,3,50.0,Credit Card,Delivered,168.42,2024,2024-01
TXN003606,CUST0235,PROD0037,2025-08-21,4,10.0,Paypal,Shipped,111.06,2025,2025-08
TXN003607,CUST0008,PROD0021,2024-10-11,3,40.0,Credit Card,Cancelled,115.9,2024,2024-10
TXN003608,CUST0391,PROD0028,2024-01-01,2,60.0,Credit Card,Returned,716.09,2024,2024-01
TXN003609,CUST0184,PROD0024,2024-08-15,3,50.0,Paypal,Shipped,151.86,2024,2024-08
TXN003610,CUST0116,PROD0006,2024-10-13,2,60.0,Upi,Shipped,193.03,2024,2024-10
TXN003611,CUST0095,PROD0089,2025-09-24,1,40.0,Paypal,Shipped,9.95,2025,2025-09
TXN003612,CUST0249,PROD0038,2024-01-01,2,10.0,Credit Card,Returned,129.92,2024,2024-01
TXN003613,CUST0045,PROD0053,2025-04-20,2,5.0,Credit Card,Cancelled,83.96,2025,2025-04
TXN003614,CUST0303,PROD0023,2025-02-19,5,15.0,Paypal,Delivered,2248.34,2025,2025-02
TXN003615,CUST0203,PROD0029,2024-05-09,1,15.0,Debit Card,Cancelled,123.8,2024,2024-05
TXN003616,CUST0301,PROD0021,2025-05-27,3,50.0,Unknown,Delivered,96.58,2025,2025-05
TXN003617,CUST0095,PROD0020,2024-02-16,1,60.0,Credit Card,Shipped,36.3,2024,2024-02
TXN003618,CUST0296,PROD0031,2025-10-20,2,25.0,Upi,Pending,70.11,2025,2025-10
TXN003619,CUST0310,PROD0063,2024-01-01,1,0.0,Credit Card,Delivered,441.82,2024,2024-01
TXN003620,CUST0095,PROD0091,2025-08-18,3,30.0,Debit Card,Shipped,1343.66,2025,2025-08
TXN003621,CUST0075,PROD0024,2024-01-01,6,20.0,Paypal,Shipped,485.95,2024,2024-01
TXN003622,CUST0264,PROD0095,2025-01-12,5,20.0,Credit Card,Pending,641.76,2025,2025-01
TXN003623,CUST0297,PROD0080,2024-05-26,1,20.0,Credit Card,Cancelled,149.62,2024,2024-05
TXN003624,CUST0070,PROD0096,2024-08-27,4,40.0,Paypal,Shipped,45.82,2024,2024-08
TXN003625,CUST0146,PROD0043,2025-01-20,4,20.0,Upi,Pending,511.84,2025,2025-01
TXN003626,CUST0007,PROD0095,2024-01-01,3,25.0,Upi,Shipped,360.99,2024,2024-01
TXN003627,CUST0472,PROD0011,2025-11-17,4,30.0,Upi,Shipped,226.13,2025,2025-11
TXN003628,CUST0175,PROD0008,2024-12-18,6,40.0,Upi,Shipped,352.48,2024,2024-12
TXN003629,CUST0065,PROD0004,2025-08-12,5,5.0,Credit Card,Pending,233.22,2025,2025-08
TXN003630,CUST0281,PROD0008,2024-01-01,1,60.0,Credit Card,Processing,39.16,2024,2024-01
TXN003631,CUST0068,PROD0032,2024-03-11,1,30.0,Paypal,Pending,84.04,2024,2024-03
TXN003632,CUST0013,PROD0050,2025-10-06,6,30.0,Upi,Delivered,98.83,2025,2025-10
TXN003633,CUST0126,PROD0018,2024-01-01,6,25.0,Debit Card,Delivered,532.71,2024,2024-01
TXN003634,CUST0300,PROD0020,2024-03-14,4,50.0,Bank Transfer,Delivered,181.48,2024,2024-03
TXN003635,CUST0213,PROD0029,2025-05-24,1,20.0,Paypal,Returned,116.52,2025,2025-05
TXN003636,CUST0099,PROD0003,2024-02-11,3,15.0,Paypal,Delivered,92.08,2024,2024-02
TXN003637,CUST0396,PROD0032,2025-08-06,5,10.0,Upi,Shipped,540.27,2025,2025-08
TXN003638,CUST0107,PROD0019,2024-01-01,3,60.0,Cash,Shipped,37.36,2024,2024-01
TXN003639,CUST0195,PROD0079,2024-08-01,4,50.0,Bank Transfer,Shipped,1660.98,2024,2024-08
TXN003640,CUST0252,PROD0085,2024-01-01,6,40.0,Upi,Delivered,104.8,2024,2024-01
TXN003641,CUST0292,PROD0010,2024-01-01,5,10.0,Credit Card,Shipped,473.22,2024,2024-01
TXN003642,CUST0051,PROD0100,2024-10-08,1,30.0,Credit Card,Processing,77.85,2024,2024-10
TXN003643,CUST0359,PROD0055,2025-02-06,2,30.0,Paypal,Cancelled,1470.56,2025,2025-02
TXN003644,CUST0447,PROD0048,2024-03-06,4,10.0,Bank Transfer,Delivered,1048.32,2024,2024-03
TXN003645,CUST0483,PROD0045,2024-08-13,4,25.0,Upi,Delivered,527.16,2024,2024-08
TXN003646,CUST0477,PROD0097,2025-01-30,4,30.0,Bank Transfer,Pending,102.68,2025,2025-01
TXN003647,CUST0262,PROD0038,2024-01-01,2,10.0,Bank Transfer,Returned,129.92,2024,2024-01
TXN003648,CUST0363,PROD0048,2024-05-03,3,30.0,Paypal,Delivered,611.52,2024,2024-05
TXN003649,CUST0003,PROD0053,2025-08-15,5,30.0,Credit Card,Shipped,154.66,2025,2025-08
TXN003650,CUST0274,PROD0043,2024-04-22,6,0.0,Upi,Processing,959.7,2024,2024-04
TXN003651,CUST0385,PROD0058,2025-03-03,4,10.0,Upi,Delivered,113.9,2025,2025-03
TXN003652,CUST0360,PROD0003,2024-01-01,5,15.0,Bank Transfer,Returned,153.47,2024,2024-01
TXN003653,CUST0444,PROD0018,2024-03-15,5,5.0,Bank Transfer,Shipped,562.3,2024,2024-03
TXN003654,CUST0445,PROD0085,2024-01-01,2,10.0,Upi,Returned,52.4,2024,2024-01
TXN003655,CUST0458,PROD0064,2024-01-01,6,0.0,Bank Transfer,Delivered,323.76,2024,2024-01
TXN003656,CUST0498,PROD0064,2025-08-03,2,25.0,Debit Card,Returned,80.94,2025,2025-08
TXN003657,CUST0358,PROD0084,2024-02-23,1,15.0,Upi,Processing,143.89,2024,2024-02
TXN003658,CUST0048,PROD0038,2025-04-08,6,10.0,Upi,Cancelled,389.77,2025,2025-04
TXN003659,CUST0228,PROD0083,2024-06-08,1,60.0,Bank Transfer,Delivered,40.86,2024,2024-06
TXN003660,CUST0033,PROD0092,2025-02-08,4,40.0,Credit Card,Shipped,540.36,2025,2025-02
TXN003661,CUST0101,PROD0053,2024-01-01,6,10.0,Cash,Shipped,238.63,2024,2024-01
TXN003662,CUST0103,PROD0001,2024-04-25,2,10.0,Credit Card,Delivered,316.93,2024,2024-04
TXN003663,CUST0457,PROD0093,2024-01-01,3,50.0,Bank Transfer,Processing,478.81,2024,2024-01
TXN003664,CUST0199,PROD0033,2025-07-10,2,15.0,Upi,Pending,213.98,2025,2025-07
TXN003665,CUST0346,PROD0074,2025-01-25,5,10.0,Cash,Shipped,1457.73,2025,2025-01
TXN003666,CUST0256,PROD0093,2025-10-15,6,15.0,Upi,Delivered,1627.97,2025,2025-10
TXN003667,CUST0437,PROD0043,2025-10-17,3,60.0,Bank Transfer,Shipped,191.94,2025,2025-10
TXN003668,CUST0449,PROD0077,2024-01-01,5,25.0,Upi,Returned,127.88,2024,2024-01
TXN003669,CUST0291,PROD0092,2024-02-23,2,10.0,Bank Transfer,Delivered,405.27,2024,2024-02
TXN003670,CUST0391,PROD0012,2025-07-31,3,0.0,Credit Card,Shipped,229.77,2025,2025-07
TXN003671,CUST0056,PROD0043,2024-10-25,1,40.0,Credit Card,Delivered,95.97,2024,2024-10
TXN003672,CUST0277,PROD0007,2024-01-01,6,50.0,Credit Card,Returned,683.91,2024,2024-01
TXN003673,CUST0131,PROD0082,2024-03-10,3,0.0,Bank Transfer,Cancelled,306.45,2024,2024-03
TXN003674,CUST0208,PROD0050,2024-01-01,1,15.0,Credit Card,Cancelled,20.0,2024,2024-01
TXN003675,CUST0268,PROD0082,2024-01-01,3,50.0,Upi,Pending,153.23,2024,2024-01
TXN003676,CUST0164,PROD0046,2025-06-01,2,0.0,Credit Card,Shipped,368.84,2025,2025-06
TXN003677,CUST0473,PROD0052,2025-06-12,4,20.0,Paypal,Shipped,54.43,2025,2025-06
TXN003678,CUST0250,PROD0058,2025-07-16,1,5.0,Credit Card,Processing,30.06,2025,2025-07
TXN003679,CUST0455,PROD0060,2025-11-03,4,60.0,Cash,Cancelled,399.86,2025,2025-11
TXN003680,CUST0248,PROD0090,2024-04-15,1,5.0,Credit Card,Shipped,139.98,2024,2024-04
TXN003681,CUST0218,PROD0067,2025-03-08,1,60.0,Paypal,Shipped,40.86,2025,2025-03
TXN003682,CUST0225,PROD0046,2024-01-01,6,50.0,Upi,Cancelled,553.26,2024,2024-01
TXN003683,CUST0082,PROD0053,2024-03-08,1,25.0,Credit Card,Unknown,33.14,2024,2024-03
TXN003684,CUST0497,PROD0069,2024-07-31,2,20.0,Credit Card,Shipped,89.26,2024,2024-07
TXN003685,CUST0302,PROD0045,2024-01-01,4,10.0,Cash,Delivered,632.59,2024,2024-01
TXN003686,CUST0127,PROD0047,2024-09-02,5,25.0,Cash,Processing,188.7,2024,2024-09
TXN003687,CUST0145,PROD0021,2025-02-01,6,10.0,Debit Card,Pending,347.71,2025,2025-02
TXN003688,CUST0464,PROD0100,2025-12-18,3,50.0,Credit Card,Shipped,166.82,2025,2025-12
TXN003689,CUST0349,PROD0043,2024-01-01,4,30.0,Cash,Pending,447.86,2024,2024-01
TXN003690,CUST0310,PROD0027,2024-01-05,1,10.0,Cash,Delivered,81.46,2024,2024-01
TXN003691,CUST0105,PROD0021,2025-04-18,4,30.0,Upi,Cancelled,180.29,2025,2025-04
TXN003692,CUST0131,PROD0041,2024-03-12,3,0.0,Paypal,Delivered,306.45,2024,2024-03
TXN003693,CUST0266,PROD0048,2024-11-03,1,15.0,Credit Card,Pending,247.52,2024,2024-11
TXN003694,CUST0419,PROD0025,2024-01-08,5,40.0,Paypal,Delivered,2368.41,2024,2024-01
TXN003695,CUST0328,PROD0059,2024-08-17,6,10.0,Paypal,Pending,292.79,2024,2024-08
TXN003696,CUST0241,PROD0059,2024-01-01,5,20.0,Paypal,Delivered,216.88,2024,2024-01
TXN003697,CUST0066,PROD0089,2025-05-07,5,30.0,Upi,Delivered,58.03,2025,2025-05
TXN003698,CUST0400,PROD0078,2024-03-03,4,5.0,Paypal,Shipped,257.56,2024,2024-03
TXN003699,CUST0025,PROD0019,2024-10-12,2,20.0,Bank Transfer,Pending,49.81,2024,2024-10
TXN003700,CUST0111,PROD0087,2024-02-23,6,40.0,Paypal,Pending,265.03,2024,2024-02
TXN003701,CUST0049,PROD0097,2025-09-25,4,5.0,Paypal,Shipped,139.35,2025,2025-09
TXN003702,CUST0193,PROD0047,2025-12-27,4,25.0,Upi,Shipped,150.96,2025,2025-12
TXN003703,CUST0395,PROD0059,2024-01-01,1,60.0,Upi,Cancelled,21.69,2024,2024-01
TXN003704,CUST0100,PROD0037,2024-09-29,1,60.0,Credit Card,Processing,12.34,2024,2024-09
TXN003705,CUST0083,PROD0037,2024-05-21,4,25.0,Upi,Pending,92.55,2024,2024-05
TXN003706,CUST0320,PROD0026,2024-01-01,2,5.0,Debit Card,Returned,134.67,2024,2024-01
TXN003707,CUST0125,PROD0080,2024-01-01,4,0.0,Credit Card,Returned,748.12,2024,2024-01
TXN003708,CUST0245,PROD0086,2024-09-06,1,5.0,Credit Card,Pending,997.95,2024,2024-09
TXN003709,CUST0404,PROD0082,2025-08-23,1,25.0,Credit Card,Shipped,76.61,2025,2025-08
TXN003710,CUST0204,PROD0091,2024-01-01,1,0.0,Cash,Delivered,639.84,2024,2024-01
TXN003711,CUST0069,PROD0052,2024-12-23,5,15.0,Bank Transfer,Pending,72.29,2024,2024-12
TXN003712,CUST0466,PROD0044,2025-09-04,5,15.0,Upi,Delivered,439.66,2025,2025-09
TXN003713,CUST0148,PROD0065,2025-05-27,2,25.0,Paypal,Shipped,46.47,2025,2025-05
TXN003714,CUST0308,PROD0024,2024-04-20,5,30.0,Paypal,Shipped,354.34,2024,2024-04
TXN003715,CUST0419,PROD0033,2025-01-28,6,50.0,Upi,Shipped,377.61,2025,2025-01
TXN003716,CUST0437,PROD0037,2025-11-26,2,0.0,Upi,Shipped,61.7,2025,2025-11
TXN003717,CUST0483,PROD0064,2024-01-01,6,30.0,Upi,Delivered,226.63,2024,2024-01
TXN003718,CUST0075,PROD0100,2024-01-01,3,30.0,Cash,Delivered,233.54,2024,2024-01
TXN003719,CUST0136,PROD0076,2024-06-19,4,10.0,Bank Transfer,Delivered,105.48,2024,2024-06
TXN003720,CUST0021,PROD0005,2025-12-06,6,10.0,Credit Card,Shipped,336.8,2025,2025-12
TXN003721,CUST0341,PROD0007,2024-03-29,6,30.0,Credit Card,Delivered,957.47,2024,2024-03
TXN003722,CUST0045,PROD0076,2024-01-25,3,20.0,Upi,Processing,70.32,2024,2024-01
TXN003723,CUST0254,PROD0015,2024-01-01,2,0.0,Upi,Cancelled,133.54,2024,2024-01
TXN003724,CUST0164,PROD0054,2024-01-01,4,60.0,Upi,Delivered,310.66,2024,2024-01
TXN003725,CUST0046,PROD0008,2024-02-28,3,60.0,Credit Card,Cancelled,117.49,2024,2024-02
TXN003726,CUST0034,PROD0071,2025-03-30,1,0.0,Bank Transfer,Delivered,828.09,2025,2025-03
TXN003727,CUST0089,PROD0068,2025-10-21,3,20.0,Debit Card,Delivered,126.58,2025,2025-10
TXN003728,CUST0279,PROD0077,2024-07-03,6,0.0,Upi,Delivered,204.6,2024,2024-07
TXN003729,CUST0473,PROD0034,2024-01-01,6,40.0,Unknown,Shipped,538.42,2024,2024-01
TXN003730,CUST0046,PROD0032,2025-03-03,2,50.0,Credit Card,Shipped,120.06,2025,2025-03
TXN003731,CUST0072,PROD0018,2024-01-01,4,50.0,Debit Card,Delivered,236.76,2024,2024-01
TXN003732,CUST0437,PROD0098,2025-08-08,4,20.0,Paypal,Delivered,805.76,2025,2025-08
TXN003733,CUST0447,PROD0045,2024-08-13,1,0.0,Credit Card,Cancelled,175.72,2024,2024-08
TXN003734,CUST0346,PROD0100,2024-09-07,5,30.0,Paypal,Cancelled,389.23,2024,2024-09
TXN003735,CUST0310,PROD0058,2025-09-25,3,10.0,Debit Card,Shipped,85.43,2025,2025-09
TXN003736,CUST0383,PROD0040,2024-05-23,4,60.0,Upi,Pending,88.22,2024,2024-05
TXN003737,CUST0209,PROD0094,2024-12-30,3,5.0,Upi,Pending,293.72,2024,2024-12
TXN003738,CUST0219,PROD0062,2024-01-01,5,40.0,Paypal,Shipped,75.54,2024,2024-01
TXN003739,CUST0446,PROD0017,2025-11-04,5,15.0,Upi,Cancelled,455.3,2025,2025-11
TXN003740,CUST0222,PROD0070,2024-01-01,6,25.0,Credit Card,Shipped,325.62,2024,2024-01
TXN003741,CUST0374,PROD0084,2025-02-10,2,40.0,Upi,Processing,203.14,2025,2025-02
TXN003742,CUST0304,PROD0021,2024-07-07,4,30.0,Paypal,Delivered,180.29,2024,2024-07
TXN003743,CUST0292,PROD0090,2025-12-05,4,30.0,Debit Card,Shipped,412.58,2025,2025-12
TXN003744,CUST0419,PROD0042,2024-06-22,5,60.0,Cash,Delivered,104.12,2024,2024-06
TXN003745,CUST0238,PROD0038,2024-01-01,2,25.0,Cash,Shipped,108.27,2024,2024-01
TXN003746,CUST0070,PROD0042,2024-12-15,4,40.0,Paypal,Processing,124.94,2024,2024-12
TXN003747,CUST0223,PROD0042,2025-09-09,4,20.0,Credit Card,Cancelled,166.59,2025,2025-09
TXN003748,CUST0468,PROD0072,2025-01-13,5,0.0,Credit Card,Delivered,958.35,2025,2025-01
TXN003749,CUST0474,PROD0010,2025-12-28,1,40.0,Debit Card,Shipped,63.1,2025,2025-12
TXN003750,CUST0169,PROD0062,2025-07-18,2,60.0,Debit Card,Processing,20.14,2025,2025-07
TXN003751,CUST0303,PROD0046,2024-01-01,1,50.0,Cash,Pending,92.21,2024,2024-01
TXN003752,CUST0042,PROD0083,2024-01-01,5,30.0,Credit Card,Delivered,357.52,2024,2024-01
TXN003753,CUST0447,PROD0084,2025-01-04,1,60.0,Paypal,Returned,67.71,2025,2025-01
TXN003754,CUST0139,PROD0077,2025-12-21,2,50.0,Paypal,Pending,34.1,2025,2025-12
TXN003755,CUST0179,PROD0082,2025-04-19,6,15.0,Credit Card,Processing,520.96,2025,2025-04
TXN003756,CUST0010,PROD0016,2024-04-14,2,25.0,Credit Card,Shipped,59.66,2024,2024-04
TXN003757,CUST0330,PROD0065,2024-01-01,1,40.0,Bank Transfer,Processing,18.59,2024,2024-01
TXN003758,CUST0293,PROD0097,2024-01-24,6,60.0,Credit Card,Processing,88.01,2024,2024-01
TXN003759,CUST0093,PROD0021,2024-01-01,4,60.0,Upi,Shipped,103.02,2024,2024-01
TXN003760,CUST0325,PROD0072,2024-01-17,2,0.0,Credit Card,Pending,383.34,2024,2024-01
TXN003761,CUST0328,PROD0026,2024-01-21,3,10.0,Upi,Shipped,191.38,2024,2024-01
TXN003762,CUST0072,PROD0034,2024-01-01,4,25.0,Upi,Pending,448.68,2024,2024-01
TXN003763,CUST0484,PROD0095,2025-10-12,1,25.0,Paypal,Shipped,120.33,2025,2025-10
TXN003764,CUST0414,PROD0083,2024-10-10,4,60.0,Credit Card,Shipped,163.44,2024,2024-10
TXN003765,CUST0348,PROD0100,2025-05-22,1,30.0,Cash,Pending,77.85,2025,2025-05
TXN003766,CUST0404,PROD0027,2024-01-01,3,20.0,Credit Card,Cancelled,217.22,2024,2024-01
TXN003767,CUST0131,PROD0043,2024-03-08,4,30.0,Cash,Shipped,447.86,2024,2024-03
TXN003768,CUST0182,PROD0066,2024-07-22,6,20.0,Cash,Cancelled,442.32,2024,2024-07
TXN003769,CUST0403,PROD0038,2025-07-29,2,25.0,Cash,Shipped,108.27,2025,2025-07
TXN003770,CUST0323,PROD0021,2025-03-02,2,30.0,Upi,Returned,90.15,2025,2025-03
TXN003771,CUST0266,PROD0041,2024-09-03,1,40.0,Paypal,Delivered,61.29,2024,2024-09
TXN003772,CUST0003,PROD0066,2025-09-15,2,10.0,Upi,Cancelled,165.87,2025,2025-09
TXN003773,CUST0337,PROD0084,2024-01-01,2,30.0,Credit Card,Delivered,236.99,2024,2024-01
TXN003774,CUST0183,PROD0004,2024-01-01,1,25.0,Credit Card,Processing,36.83,2024,2024-01
TXN003775,CUST0273,PROD0035,2025-02-14,2,0.0,Credit Card,Pending,623.46,2025,2025-02
TXN003776,CUST0101,PROD0036,2024-06-25,2,60.0,Credit Card,Pending,168.93,2024,2024-06
TXN003777,CUST0229,PROD0030,2025-05-16,5,25.0,Bank Transfer,Delivered,227.89,2025,2025-05
TXN003778,CUST0342,PROD0081,2025-12-03,2,50.0,Credit Card,Shipped,62.36,2025,2025-12
TXN003779,CUST0216,PROD0018,2024-12-09,3,5.0,Credit Card,Delivered,337.38,2024,2024-12
TXN003780,CUST0347,PROD0017,2024-01-01,6,0.0,Bank Transfer,Delivered,642.78,2024,2024-01
TXN003781,CUST0012,PROD0085,2024-07-08,1,20.0,Upi,Delivered,23.29,2024,2024-07
TXN003782,CUST0117,PROD0009,2024-05-22,5,20.0,Upi,Cancelled,757.08,2024,2024-05
TXN003783,CUST0385,PROD0063,2025-09-27,2,25.0,Debit Card,Shipped,662.73,2025,2025-09
TXN003784,CUST0073,PROD0031,2024-01-01,5,0.0,Bank Transfer,Processing,233.7,2024,2024-01
TXN003785,CUST0206,PROD0046,2024-07-08,3,10.0,Cash,Shipped,497.93,2024,2024-07
TXN003786,CUST0431,PROD0087,2025-01-24,6,25.0,Debit Card,Delivered,331.29,2025,2025-01
TXN003787,CUST0269,PROD0047,2024-01-01,5,15.0,Cash,Delivered,213.86,2024,2024-01
TXN003788,CUST0179,PROD0038,2024-12-16,3,30.0,Credit Card,Shipped,151.58,2024,2024-12
TXN003789,CUST0300,PROD0030,2024-11-27,1,40.0,Bank Transfer,Delivered,36.46,2024,2024-11
TXN003790,CUST0425,PROD0046,2024-11-16,2,40.0,Credit Card,Shipped,221.3,2024,2024-11
TXN003791,CUST0070,PROD0061,2024-01-01,1,30.0,Paypal,Cancelled,130.32,2024,2024-01
TXN003792,CUST0127,PROD0057,2024-09-13,1,10.0,Debit Card,Delivered,412.31,2024,2024-09
TXN003793,CUST0426,PROD0061,2025-01-18,6,10.0,Upi,Returned,1005.32,2025,2025-01
TXN003794,CUST0453,PROD0013,2024-01-01,1,50.0,Bank Transfer,Shipped,43.38,2024,2024-01
TXN003795,CUST0262,PROD0084,2024-01-01,2,0.0,Credit Card,Shipped,338.56,2024,2024-01
TXN003796,CUST0293,PROD0030,2024-03-26,4,15.0,Credit Card,Cancelled,206.62,2024,2024-03
TXN003797,CUST0473,PROD0080,2025-09-04,1,30.0,Paypal,Delivered,130.92,2025,2025-09
TXN003798,CUST0160,PROD0043,2024-02-03,3,60.0,Cash,Processing,191.94,2024,2024-02
TXN003799,CUST0470,PROD0017,2025-11-24,6,30.0,Paypal,Cancelled,449.95,2025,2025-11
TXN003800,CUST0347,PROD0013,2024-06-26,3,15.0,Cash,Delivered,221.24,2024,2024-06
TXN003801,CUST0158,PROD0065,2024-01-01,6,20.0,Paypal,Delivered,148.7,2024,2024-01
TXN003802,CUST0075,PROD0048,2025-09-14,4,20.0,Credit Card,Delivered,931.84,2025,2025-09
TXN003803,CUST0440,PROD0087,2024-05-28,2,15.0,Debit Card,Cancelled,125.15,2024,2024-05
TXN003804,CUST0131,PROD0017,2025-04-27,3,40.0,Upi,Pending,192.83,2025,2025-04
TXN003805,CUST0095,PROD0078,2025-09-16,1,25.0,Bank Transfer,Delivered,50.84,2025,2025-09
TXN003806,CUST0384,PROD0037,2024-01-01,2,25.0,Cash,Cancelled,46.28,2024,2024-01
TXN003807,CUST0332,PROD0039,2024-09-11,5,25.0,Upi,Shipped,210.56,2024,2024-09
TXN003808,CUST0454,PROD0005,2024-01-01,2,60.0,Paypal,Pending,49.9,2024,2024-01
TXN003809,CUST0061,PROD0087,2025-10-19,3,0.0,Upi,Processing,220.86,2025,2025-10
TXN003810,CUST0350,PROD0075,2024-04-27,4,60.0,Paypal,Unknown,65.04,2024,2024-04
TXN003811,CUST0463,PROD0044,2024-03-06,2,10.0,Cash,Shipped,186.21,2024,2024-03
TXN003812,CUST0432,PROD0055,2024-05-24,5,5.0,Credit Card,Pending,4989.4,2024,2024-05
TXN003813,CUST0118,PROD0080,2024-06-08,1,60.0,Cash,Cancelled,74.81,2024,2024-06
TXN003814,CUST0204,PROD0073,2024-03-18,4,15.0,Paypal,Shipped,372.95,2024,2024-03
TXN003815,CUST0399,PROD0062,2024-01-01,3,10.0,Cash,Pending,67.99,2024,2024-01
TXN003816,CUST0250,PROD0001,2025-03-28,3,25.0,Debit Card,Delivered,396.16,2025,2025-03
TXN003817,CUST0443,PROD0026,2024-01-01,3,25.0,Credit Card,Delivered,159.48,2024,2024-01
TXN003818,CUST0415,PROD0023,2024-01-07,6,30.0,Cash,Cancelled,2221.88,2024,2024-01
TXN003819,CUST0287,PROD0064,2025-07-22,1,15.0,Bank Transfer,Delivered,45.87,2025,2025-07
TXN003820,CUST0451,PROD0008,2024-06-23,3,50.0,Upi,Pending,146.86,2024,2024-06
TXN003821,CUST0390,PROD0051,2024-02-18,6,0.0,Bank Transfer,Delivered,673.68,2024,2024-02
TXN003822,CUST0310,PROD0100,2024-01-01,4,40.0,Credit Card,Returned,266.9,2024,2024-01
TXN003823,CUST0321,PROD0009,2025-07-03,6,10.0,Upi,Shipped,1022.06,2025,2025-07
TXN003824,CUST0278,PROD0065,2024-04-08,1,15.0,Cash,Processing,26.33,2024,2024-04
TXN003825,CUST0229,PROD0023,2024-01-01,3,5.0,Upi,Cancelled,1507.71,2024,2024-01
TXN003826,CUST0144,PROD0049,2024-03-02,5,20.0,Paypal,Processing,519.12,2024,2024-03
TXN003827,CUST0002,PROD0013,2024-08-28,6,50.0,Paypal,Delivered,260.28,2024,2024-08
TXN003828,CUST0408,PROD0031,2024-01-01,5,15.0,Debit Card,Shipped,198.64,2024,2024-01
TXN003829,CUST0268,PROD0016,2024-01-01,2,30.0,Credit Card,Cancelled,55.68,2024,2024-01
TXN003830,CUST0276,PROD0073,2025-11-23,6,5.0,Paypal,Cancelled,625.23,2025,2025-11
TXN003831,CUST0378,PROD0049,2025-09-06,4,50.0,Bank Transfer,Pending,259.56,2025,2025-09
TXN003832,CUST0220,PROD0062,2024-07-07,1,0.0,Credit Card,Processing,25.18,2024,2024-07
TXN003833,CUST0042,PROD0033,2025-12-16,1,0.0,Paypal,Delivered,125.87,2025,2025-12
TXN003834,CUST0234,PROD0015,2025-03-20,3,50.0,Credit Card,Delivered,100.16,2025,2025-03
TXN003835,CUST0407,PROD0084,2025-11-18,5,25.0,Debit Card,Processing,634.8,2025,2025-11
TXN003836,CUST0111,PROD0059,2024-01-01,3,5.0,Debit Card,Shipped,154.53,2024,2024-01
TXN003837,CUST0319,PROD0034,2025-10-20,3,20.0,Credit Card,Shipped,358.94,2025,2025-10
TXN003838,CUST0311,PROD0061,2024-05-25,3,25.0,Credit Card,Shipped,418.88,2024,2024-05
TXN003839,CUST0422,PROD0015,2024-01-01,4,30.0,Paypal,Shipped,186.96,2024,2024-01
TXN003840,CUST0121,PROD0057,2025-04-01,6,5.0,Cash,Shipped,2611.28,2025,2025-04
TXN003841,CUST0385,PROD0019,2025-03-11,5,25.0,Upi,Shipped,116.74,2025,2025-03
TXN003842,CUST0069,PROD0095,2024-01-01,4,50.0,Unknown,Delivered,320.88,2024,2024-01
TXN003843,CUST0191,PROD0047,2024-01-01,4,5.0,Upi,Pending,191.22,2024,2024-01
TXN003844,CUST0383,PROD0037,2024-02-17,6,10.0,Upi,Returned,166.59,2024,2024-02
TXN003845,CUST0342,PROD0049,2024-03-11,3,30.0,Upi,Processing,272.54,2024,2024-03
TXN003846,CUST0254,PROD0055,2024-07-28,2,0.0,Bank Transfer,Shipped,2100.8,2024,2024-07
TXN003847,CUST0037,PROD0059,2025-03-02,6,20.0,Paypal,Shipped,260.26,2025,2025-03
TXN003848,CUST0192,PROD0024,2024-10-29,2,5.0,Upi,Shipped,192.36,2024,2024-10
TXN003849,CUST0107,PROD0054,2024-09-25,1,20.0,Upi,Delivered,155.33,2024,2024-09
TXN003850,CUST0194,PROD0069,2024-01-01,5,50.0,Paypal,Delivered,139.48,2024,2024-01
TXN003851,CUST0111,PROD0049,2025-07-18,2,0.0,Credit Card,Returned,259.56,2025,2025-07
TXN003852,CUST0278,PROD0029,2025-05-13,5,15.0,Upi,Cancelled,619.01,2025,2025-05
TXN003853,CUST0354,PROD0011,2024-12-18,2,10.0,Debit Card,Processing,145.37,2024,2024-12
TXN003854,CUST0248,PROD0008,2025-01-27,5,15.0,Bank Transfer,Shipped,416.12,2025,2025-01
TXN003855,CUST0023,PROD0034,2024-02-21,6,10.0,Debit Card,Shipped,807.62,2024,2024-02
TXN003856,CUST0279,PROD0058,2024-06-23,5,10.0,Bank Transfer,Pending,142.38,2024,2024-06
TXN003857,CUST0064,PROD0067,2024-01-01,1,50.0,Debit Card,Pending,51.08,2024,2024-01
TXN003858,CUST0357,PROD0075,2025-02-14,1,40.0,Credit Card,Pending,24.39,2025,2025-02
TXN003859,CUST0270,PROD0079,2024-01-01,3,60.0,Paypal,Returned,996.59,2024,2024-01
TXN003860,CUST0298,PROD0079,2025-04-04,5,0.0,Credit Card,Processing,4152.45,2025,2025-04
TXN003861,CUST0477,PROD0018,2024-01-01,1,5.0,Bank Transfer,Shipped,112.46,2024,2024-01
TXN003862,CUST0405,PROD0043,2025-03-03,5,5.0,Cash,Shipped,759.76,2025,2025-03
TXN003863,CUST0482,PROD0002,2025-03-19,4,15.0,Credit Card,Shipped,249.36,2025,2025-03
TXN003864,CUST0442,PROD0032,2024-01-01,2,5.0,Paypal,Pending,228.11,2024,2024-01
TXN003865,CUST0490,PROD0047,2024-12-26,2,30.0,Debit Card,Shipped,70.45,2024,2024-12
TXN003866,CUST0306,PROD0040,2025-09-15,2,40.0,Cash,Shipped,66.17,2025,2025-09
TXN003867,CUST0046,PROD0074,2024-08-04,6,60.0,Credit Card,Shipped,777.46,2024,2024-08
TXN003868,CUST0272,PROD0022,2025-12-15,1,15.0,Credit Card,Pending,152.77,2025,2025-12
TXN003869,CUST0040,PROD0055,2025-05-20,2,10.0,Debit Card,Shipped,1890.72,2025,2025-05
TXN003870,CUST0114,PROD0089,2024-07-18,1,15.0,Debit Card,Pending,14.09,2024,2024-07
TXN003871,CUST0315,PROD0068,2024-01-01,5,0.0,Credit Card,Returned,263.7,2024,2024-01
TXN003872,CUST0353,PROD0078,2024-01-01,4,10.0,Credit Card,Returned,244.01,2024,2024-01
TXN003873,CUST0191,PROD0067,2024-12-06,2,25.0,Upi,Cancelled,153.23,2024,2024-12
TXN003874,CUST0349,PROD0077,2025-08-23,3,10.0,Paypal,Returned,92.07,2025,2025-08
TXN003875,CUST0376,PROD0028,2025-09-10,2,10.0,Credit Card,Delivered,1611.2,2025,2025-09
TXN003876,CUST0055,PROD0057,2024-01-01,5,10.0,Credit Card,Shipped,2061.54,2024,2024-01
TXN003877,CUST0323,PROD0095,2024-09-17,4,10.0,Debit Card,Processing,577.58,2024,2024-09
TXN003878,CUST0362,PROD0025,2024-01-01,1,50.0,Upi,Cancelled,394.74,2024,2024-01
TXN003879,CUST0293,PROD0077,2024-09-24,3,5.0,Upi,Returned,97.18,2024,2024-09
TXN003880,CUST0163,PROD0030,2024-04-06,4,25.0,Credit Card,Cancelled,182.31,2024,2024-04
TXN003881,CUST0005,PROD0099,2025-04-26,4,50.0,Credit Card,Delivered,77.4,2025,2025-04
TXN003882,CUST0334,PROD0076,2025-03-14,6,20.0,Credit Card,Pending,140.64,2025,2025-03
TXN003883,CUST0070,PROD0081,2024-01-01,1,50.0,Paypal,Shipped,31.18,2024,2024-01
TXN003884,CUST0236,PROD0062,2025-10-13,3,5.0,Upi,Shipped,71.76,2025,2025-10
TXN003885,CUST0261,PROD0009,2024-01-01,2,60.0,Paypal,Cancelled,151.42,2024,2024-01
TXN003886,CUST0479,PROD0055,2025-04-08,4,10.0,Debit Card,Pending,3781.44,2025,2025-04
TXN003887,CUST0337,PROD0029,2025-12-24,1,10.0,Bank Transfer,Processing,131.08,2025,2025-12
TXN003888,CUST0334,PROD0022,2025-10-23,6,20.0,Debit Card,Cancelled,862.7,2025,2025-10
TXN003889,CUST0416,PROD0008,2025-02-25,2,10.0,Upi,Shipped,176.24,2025,2025-02
TXN003890,CUST0161,PROD0040,2024-01-15,5,5.0,Bank Transfer,Returned,261.91,2024,2024-01
TXN003891,CUST0138,PROD0022,2024-10-30,3,10.0,Credit Card,Processing,485.27,2024,2024-10
TXN003892,CUST0355,PROD0036,2024-01-01,1,60.0,Bank Transfer,Pending,84.46,2024,2024-01
TXN003893,CUST0211,PROD0045,2024-01-01,1,50.0,Upi,Shipped,87.86,2024,2024-01
TXN003894,CUST0173,PROD0054,2024-01-01,5,60.0,Bank Transfer,Shipped,388.32,2024,2024-01
TXN003895,CUST0159,PROD0064,2024-12-25,5,50.0,Debit Card,Cancelled,134.9,2024,2024-12
TXN003896,CUST0240,PROD0005,2024-11-23,6,10.0,Bank Transfer,Delivered,336.8,2024,2024-11
TXN003897,CUST0048,PROD0088,2025-10-10,1,50.0,Paypal,Shipped,180.6,2025,2025-10
TXN003898,CUST0441,PROD0010,2025-11-14,1,15.0,Credit Card,Shipped,89.39,2025,2025-11
TXN003899,CUST0164,PROD0079,2024-01-01,6,60.0,Paypal,Delivered,1993.18,2024,2024-01
TXN003900,CUST0325,PROD0023,2024-09-04,4,30.0,Upi,Shipped,1481.26,2024,2024-09
TXN003901,CUST0308,PROD0023,2024-06-20,3,15.0,Upi,Shipped,1349.0,2024,2024-06
TXN003902,CUST0048,PROD0073,2024-09-13,1,50.0,Upi,Delivered,54.84,2024,2024-09
TXN003903,CUST0428,PROD0080,2024-08-24,2,20.0,Paypal,Returned,299.25,2024,2024-08
TXN003904,CUST0002,PROD0049,2025-03-10,2,50.0,Upi,Returned,129.78,2025,2025-03
TXN003905,CUST0210,PROD0025,2024-01-01,6,50.0,Cash,Cancelled,2368.41,2024,2024-01
TXN003906,CUST0488,PROD0031,2024-01-01,4,25.0,Debit Card,Shipped,140.22,2024,2024-01
TXN003907,CUST0224,PROD0079,2024-09-17,1,50.0,Upi,Delivered,415.24,2024,2024-09
TXN003908,CUST0416,PROD0037,2024-06-28,2,50.0,Paypal,Shipped,30.85,2024,2024-06
TXN003909,CUST0484,PROD0080,2024-05-16,3,25.0,Credit Card,Pending,420.82,2024,2024-05
TXN003910,CUST0138,PROD0027,2024-01-01,5,25.0,Paypal,Delivered,339.41,2024,2024-01
TXN003911,CUST0312,PROD0035,2025-05-06,1,15.0,Upi,Shipped,264.97,2025,2025-05
TXN003912,CUST0146,PROD0042,2024-08-02,5,5.0,Paypal,Shipped,247.28,2024,2024-08
TXN003913,CUST0169,PROD0006,2024-01-01,1,50.0,Cash,Cancelled,120.64,2024,2024-01
TXN003914,CUST0003,PROD0005,2025-08-29,3,20.0,Paypal,Pending,149.69,2025,2025-08
TXN003915,CUST0109,PROD0036,2024-10-18,6,60.0,Upi,Shipped,506.78,2024,2024-10
TXN003916,CUST0265,PROD0056,2024-01-01,5,50.0,Bank Transfer,Pending,1170.45,2024,2024-01
TXN003917,CUST0009,PROD0053,2025-12-18,4,0.0,Upi,Delivered,176.76,2025,2025-12
TXN003918,CUST0044,PROD0034,2025-09-28,1,5.0,Credit Card,Cancelled,142.08,2025,2025-09
TXN003919,CUST0409,PROD0068,2024-09-23,4,5.0,Credit Card,Shipped,200.41,2024,2024-09
TXN003920,CUST0246,PROD0046,2024-01-01,6,25.0,Credit Card,Delivered,829.89,2024,2024-01
TXN003921,CUST0040,PROD0070,2025-06-01,1,5.0,Upi,Pending,68.74,2025,2025-06
TXN003922,CUST0340,PROD0038,2024-09-24,6,10.0,Upi,Returned,389.77,2024,2024-09
TXN003923,CUST0356,PROD0027,2025-01-11,6,30.0,Cash,Delivered,380.14,2025,2025-01
TXN003924,CUST0010,PROD0036,2024-11-27,6,25.0,Upi,Shipped,950.22,2024,2024-11
TXN003925,CUST0439,PROD0091,2025-08-13,4,25.0,Bank Transfer,Delivered,1919.52,2025,2025-08
TXN003926,CUST0070,PROD0092,2024-09-27,5,30.0,Debit Card,Pending,788.02,2024,2024-09
TXN003927,CUST0426,PROD0090,2024-01-01,2,25.0,Paypal,Shipped,221.02,2024,2024-01
TXN003928,CUST0154,PROD0005,2024-05-13,1,15.0,Cash,Delivered,53.01,2024,2024-05
TXN003929,CUST0447,PROD0091,2025-05-17,6,10.0,Upi,Returned,3455.14,2025,2025-05
TXN003930,CUST0264,PROD0010,2025-10-06,2,50.0,Bank Transfer,Cancelled,105.16,2025,2025-10
TXN003931,CUST0389,PROD0096,2025-02-20,1,30.0,Upi,Delivered,13.36,2025,2025-02
TXN003932,CUST0263,PROD0045,2024-08-14,6,5.0,Credit Card,Shipped,1001.6,2024,2024-08
TXN003933,CUST0436,PROD0098,2024-05-24,5,60.0,Upi,Delivered,503.6,2024,2024-05
TXN003934,CUST0044,PROD0079,2024-01-01,1,20.0,Cash,Delivered,664.39,2024,2024-01
TXN003935,CUST0076,PROD0091,2025-05-16,3,50.0,Upi,Pending,959.76,2025,2025-05
TXN003936,CUST0025,PROD0028,2025-01-31,4,10.0,Credit Card,Cancelled,3222.4,2025,2025-01
TXN003937,CUST0383,PROD0055,2024-08-08,3,20.0,Upi,Unknown,2520.96,2024,2024-08
TXN003938,CUST0207,PROD0066,2024-01-01,6,15.0,Upi,Shipped,469.97,2024,2024-01
TXN003939,CUST0276,PROD0010,2025-11-21,3,15.0,Credit Card,Pending,268.16,2025,2025-11
TXN003940,CUST0348,PROD0054,2024-03-31,6,0.0,Paypal,Cancelled,1164.96,2024,2024-03
TXN003941,CUST0430,PROD0016,2024-01-01,3,25.0,Paypal,Pending,89.48,2024,2024-01
TXN003942,CUST0454,PROD0055,2024-06-26,4,10.0,Upi,Cancelled,3781.44,2024,2024-06
TXN003943,CUST0483,PROD0051,2025-03-31,3,0.0,Cash,Pending,336.84,2025,2025-03
TXN003944,CUST0417,PROD0064,2024-01-01,3,60.0,Bank Transfer,Returned,64.75,2024,2024-01
TXN003945,CUST0333,PROD0031,2024-10-19,6,25.0,Paypal,Delivered,210.33,2024,2024-10
TXN003946,CUST0435,PROD0025,2025-04-01,4,20.0,Credit Card,Cancelled,2526.3,2025,2025-04
TXN003947,CUST0244,PROD0050,2025-04-21,5,40.0,Bank Transfer,Delivered,70.59,2025,2025-04
TXN003948,CUST0136,PROD0020,2024-01-01,4,40.0,Credit Card,Shipped,217.78,2024,2024-01
TXN003949,CUST0158,PROD0077,2024-01-01,2,20.0,Debit Card,Shipped,54.56,2024,2024-01
TXN003950,CUST0163,PROD0097,2025-04-27,6,15.0,Credit Card,Delivered,187.02,2025,2025-04
TXN003951,CUST0404,PROD0005,2025-10-20,1,60.0,Bank Transfer,Delivered,24.95,2025,2025-10
TXN003952,CUST0408,PROD0053,2025-01-16,3,50.0,Paypal,Cancelled,66.28,2025,2025-01
TXN003953,CUST0382,PROD0038,2024-09-26,2,50.0,Credit Card,Shipped,72.18,2024,2024-09
TXN003954,CUST0188,PROD0032,2024-12-16,2,10.0,Upi,Shipped,216.11,2024,2024-12
TXN003955,CUST0017,PROD0081,2024-01-01,1,0.0,Unknown,Pending,62.36,2024,2024-01
TXN003956,CUST0015,PROD0074,2024-03-21,1,15.0,Bank Transfer,Delivered,275.35,2024,2024-03
TXN003957,CUST0423,PROD0054,2024-03-20,5,60.0,Cash,Shipped,388.32,2024,2024-03
TXN003958,CUST0427,PROD0041,2024-03-23,5,5.0,Credit Card,Cancelled,485.21,2024,2024-03
TXN003959,CUST0230,PROD0036,2025-02-15,1,20.0,Bank Transfer,Pending,168.93,2025,2025-02
TXN003960,CUST0230,PROD0055,2024-01-01,6,30.0,Cash,Pending,4411.68,2024,2024-01
TXN003961,CUST0343,PROD0001,2024-01-01,4,60.0,Upi,Shipped,281.71,2024,2024-01
TXN003962,CUST0344,PROD0084,2024-01-01,2,60.0,Credit Card,Delivered,135.42,2024,2024-01
TXN003963,CUST0365,PROD0018,2025-01-12,3,60.0,Credit Card,Delivered,142.06,2025,2025-01
TXN003964,CUST0270,PROD0083,2025-09-25,3,10.0,Upi,Cancelled,275.81,2025,2025-09
TXN003965,CUST0002,PROD0094,2024-07-03,6,10.0,Paypal,Shipped,556.52,2024,2024-07
TXN003966,CUST0466,PROD0037,2024-01-18,3,40.0,Upi,Shipped,55.53,2024,2024-01
TXN003967,CUST0090,PROD0020,2024-03-09,1,25.0,Debit Card,Cancelled,68.05,2024,2024-03
TXN003968,CUST0449,PROD0012,2025-06-28,4,0.0,Bank Transfer,Pending,306.36,2025,2025-06
TXN003969,CUST0158,PROD0058,2024-01-01,5,60.0,Debit Card,Returned,63.28,2024,2024-01
TXN003970,CUST0233,PROD0094,2025-05-27,2,20.0,Paypal,Returned,164.9,2025,2025-05
TXN003971,CUST0443,PROD0039,2024-01-01,2,25.0,Bank Transfer,Returned,84.22,2024,2024-01
TXN003972,CUST0053,PROD0003,2025-11-19,6,15.0,Cash,Pending,184.16,2025,2025-11
TXN003973,CUST0331,PROD0029,2024-12-31,5,30.0,Upi,Returned,509.78,2024,2024-12
TXN003974,CUST0474,PROD0064,2025-05-05,1,15.0,Debit Card,Cancelled,45.87,2025,2025-05
TXN003975,CUST0471,PROD0047,2024-03-19,6,15.0,Credit Card,Processing,256.63,2024,2024-03
TXN003976,CUST0182,PROD0066,2024-01-01,3,30.0,Credit Card,Shipped,193.52,2024,2024-01
TXN003977,CUST0179,PROD0027,2025-09-28,5,25.0,Paypal,Shipped,339.41,2025,2025-09
TXN003978,CUST0251,PROD0071,2024-01-01,3,60.0,Credit Card,Returned,993.71,2024,2024-01
TXN003979,CUST0362,PROD0087,2024-03-18,5,25.0,Credit Card,Delivered,276.08,2024,2024-03
TXN003980,CUST0414,PROD0067,2024-04-23,4,25.0,Paypal,Cancelled,306.45,2024,2024-04
TXN003981,CUST0276,PROD0027,2024-04-09,2,20.0,Cash,Shipped,144.82,2024,2024-04
TXN003982,CUST0281,PROD0092,2024-01-01,1,15.0,Cash,Shipped,191.38,2024,2024-01
TXN003983,CUST0420,PROD0034,2024-01-01,3,10.0,Paypal,Returned,403.81,2024,2024-01
TXN003984,CUST0469,PROD0021,2024-04-15,5,25.0,Paypal,Cancelled,241.46,2024,2024-04
TXN003985,CUST0391,PROD0007,2025-08-24,1,10.0,Debit Card,Delivered,205.17,2025,2025-08
TXN003986,CUST0080,PROD0061,2024-07-16,1,5.0,Bank Transfer,Shipped,176.86,2024,2024-07
TXN003987,CUST0046,PROD0026,2024-09-12,3,25.0,Credit Card,Cancelled,159.48,2024,2024-09
TXN003988,CUST0435,PROD0007,2024-03-05,2,0.0,Upi,Delivered,455.94,2024,2024-03
TXN003989,CUST0414,PROD0040,2024-10-30,4,40.0,Cash,Shipped,132.34,2024,2024-10
TXN003990,CUST0344,PROD0092,2024-01-01,5,30.0,Credit Card,Returned,788.02,2024,2024-01
TXN003991,CUST0340,PROD0099,2024-11-16,4,30.0,Upi,Cancelled,108.36,2024,2024-11
TXN003992,CUST0384,PROD0040,2024-11-29,1,50.0,Paypal,Shipped,27.57,2024,2024-11
TXN003993,CUST0073,PROD0053,2024-01-01,3,25.0,Paypal,Delivered,99.43,2024,2024-01
TXN003994,CUST0214,PROD0040,2025-12-01,5,5.0,Credit Card,Shipped,261.91,2025,2025-12
TXN003995,CUST0498,PROD0014,2024-01-01,4,30.0,Debit Card,Delivered,48.92,2024,2024-01
TXN003996,CUST0031,PROD0097,2025-12-20,5,10.0,Paypal,Returned,165.02,2025,2025-12
TXN003997,CUST0069,PROD0095,2024-01-01,5,10.0,Upi,Processing,721.98,2024,2024-01
TXN003998,CUST0078,PROD0088,2024-03-26,4,25.0,Upi,Processing,1083.57,2024,2024-03
TXN003999,CUST0333,PROD0049,2025-09-25,4,10.0,Credit Card,Cancelled,467.21,2025,2025-09
TXN004000,CUST0324,PROD0035,2025-05-23,6,5.0,Credit Card,Delivered,1776.86,2025,2025-05
TXN004001,CUST0177,PROD0073,2024-08-23,6,25.0,Paypal,Processing,493.6,2024,2024-08
TXN004002,CUST0390,PROD0017,2025-07-18,4,0.0,Upi,Processing,428.52,2025,2025-07
TXN004003,CUST0075,PROD0004,2024-02-17,6,40.0,Bank Transfer,Delivered,176.76,2024,2024-02
TXN004004,CUST0316,PROD0064,2024-01-01,2,50.0,Paypal,Shipped,53.96,2024,2024-01
TXN004005,CUST0075,PROD0079,2024-12-24,3,25.0,Paypal,Delivered,1868.6,2024,2024-12
TXN004006,CUST0170,PROD0087,2025-06-08,1,10.0,Cash,Shipped,66.26,2025,2025-06
TXN004007,CUST0009,PROD0049,2024-02-14,5,0.0,Paypal,Processing,648.9,2024,2024-02
TXN004008,CUST0135,PROD0002,2025-03-04,3,40.0,Bank Transfer,Pending,132.01,2025,2025-03
TXN004009,CUST0489,PROD0052,2025-12-10,3,0.0,Credit Card,Returned,51.03,2025,2025-12
TXN004010,CUST0446,PROD0011,2025-10-11,6,60.0,Cash,Delivered,193.82,2025,2025-10
TXN004011,CUST0224,PROD0051,2024-01-01,2,0.0,Debit Card,Shipped,224.56,2024,2024-01
TXN004012,CUST0169,PROD0081,2024-01-01,2,15.0,Cash,Pending,106.01,2024,2024-01
TXN004013,CUST0272,PROD0066,2025-06-06,6,30.0,Credit Card,Shipped,387.03,2025,2025-06
TXN004014,CUST0357,PROD0079,2025-09-30,1,15.0,Upi,Delivered,705.92,2025,2025-09
TXN004015,CUST0214,PROD0083,2024-01-01,5,0.0,Debit Card,Shipped,510.75,2024,2024-01
TXN004016,CUST0410,PROD0094,2024-07-17,4,0.0,Bank Transfer,Pending,412.24,2024,2024-07
TXN004017,CUST0426,PROD0076,2024-10-10,4,5.0,Credit Card,Cancelled,111.34,2024,2024-10
TXN004018,CUST0261,PROD0003,2024-01-01,1,20.0,Cash,Delivered,28.89,2024,2024-01
TXN004019,CUST0374,PROD0032,2025-07-27,6,60.0,Bank Transfer,Returned,288.14,2025,2025-07
TXN004020,CUST0038,PROD0076,2025-12-29,3,40.0,Credit Card,Delivered,52.74,2025,2025-12
TXN004021,CUST0120,PROD0040,2025-03-27,5,15.0,Credit Card,Shipped,234.34,2025,2025-03
TXN004022,CUST0491,PROD0095,2025-02-22,2,0.0,Credit Card,Cancelled,320.88,2025,2025-02
TXN004023,CUST0065,PROD0085,2025-02-07,3,50.0,Bank Transfer,Shipped,43.66,2025,2025-02
TXN004024,CUST0418,PROD0081,2025-06-25,4,25.0,Upi,Processing,187.08,2025,2025-06
TXN004025,CUST0304,PROD0022,2024-01-01,6,50.0,Paypal,Processing,539.19,2024,2024-01
TXN004026,CUST0270,PROD0022,2024-01-01,1,50.0,Upi,Processing,89.86,2024,2024-01
TXN004027,CUST0126,PROD0048,2024-08-02,4,50.0,Cash,Delivered,582.4,2024,2024-08
TXN004028,CUST0219,PROD0069,2024-11-01,4,40.0,Upi,Pending,133.9,2024,2024-11
TXN004029,CUST0258,PROD0003,2024-01-01,3,25.0,Cash,Cancelled,81.25,2024,2024-01
TXN004030,CUST0246,PROD0035,2024-10-14,3,60.0,Paypal,Delivered,374.08,2024,2024-10
TXN004031,CUST0076,PROD0011,2024-08-24,6,15.0,Debit Card,Pending,411.88,2024,2024-08
TXN004032,CUST0166,PROD0045,2024-01-01,3,60.0,Paypal,Pending,210.86,2024,2024-01
TXN004033,CUST0141,PROD0069,2025-12-26,3,5.0,Debit Card,Returned,159.0,2025,2025-12
TXN004034,CUST0498,PROD0068,2025-01-30,2,30.0,Paypal,Delivered,73.84,2025,2025-01
TXN004035,CUST0390,PROD0016,2025-10-29,5,60.0,Paypal,Shipped,79.54,2025,2025-10
TXN004036,CUST0132,PROD0043,2024-08-17,5,30.0,Credit Card,Delivered,559.82,2024,2024-08
TXN004037,CUST0037,PROD0099,2024-01-01,4,20.0,Debit Card,Shipped,123.84,2024,2024-01
TXN004038,CUST0226,PROD0068,2025-09-05,2,0.0,Credit Card,Cancelled,105.48,2025,2025-09
TXN004039,CUST0180,PROD0095,2024-01-01,1,5.0,Upi,Cancelled,152.42,2024,2024-01
TXN004040,CUST0429,PROD0005,2024-03-28,3,60.0,Paypal,Processing,74.84,2024,2024-03
TXN004041,CUST0089,PROD0036,2024-05-28,5,20.0,Cash,Cancelled,844.64,2024,2024-05
TXN004042,CUST0157,PROD0099,2025-11-09,2,40.0,Upi,Shipped,46.44,2025,2025-11
TXN004043,CUST0284,PROD0007,2025-08-04,5,20.0,Upi,Delivered,911.88,2025,2025-08
TXN004044,CUST0489,PROD0011,2025-10-10,1,20.0,Credit Card,Cancelled,64.61,2025,2025-10
TXN004045,CUST0101,PROD0039,2025-07-20,1,25.0,Upi,Pending,42.11,2025,2025-07
TXN004046,CUST0383,PROD0031,2024-01-01,4,30.0,Paypal,Shipped,130.87,2024,2024-01
TXN004047,CUST0476,PROD0045,2024-11-30,3,30.0,Credit Card,Delivered,369.01,2024,2024-11
TXN004048,CUST0126,PROD0075,2024-01-01,1,60.0,Upi,Pending,16.26,2024,2024-01
TXN004049,CUST0439,PROD0035,2025-02-16,6,10.0,Paypal,Processing,1683.34,2025,2025-02
TXN004050,CUST0025,PROD0081,2024-12-06,2,30.0,Bank Transfer,Shipped,87.3,2024,2024-12
TXN004051,CUST0055,PROD0077,2025-12-08,6,50.0,Credit Card,Shipped,102.3,2025,2025-12
TXN004052,CUST0228,PROD0095,2025-10-03,2,50.0,Credit Card,Delivered,160.44,2025,2025-10
TXN004053,CUST0088,PROD0011,2024-01-01,6,15.0,Cash,Cancelled,411.88,2024,2024-01
TXN004054,CUST0441,PROD0003,2025-11-20,4,25.0,Credit Card,Processing,108.33,2025,2025-11
TXN004055,CUST0046,PROD0021,2025-01-30,4,20.0,Upi,Delivered,206.05,2025,2025-01
TXN004056,CUST0204,PROD0062,2025-10-18,3,20.0,Upi,Delivered,60.43,2025,2025-10
TXN004057,CUST0229,PROD0072,2025-09-16,4,25.0,Debit Card,Shipped,575.01,2025,2025-09
TXN004058,CUST0311,PROD0065,2024-03-07,4,25.0,Credit Card,Shipped,92.94,2024,2024-03
TXN004059,CUST0079,PROD0074,2024-01-01,3,20.0,Debit Card,Returned,777.46,2024,2024-01
TXN004060,CUST0310,PROD0100,2024-01-01,2,5.0,Upi,Returned,211.3,2024,2024-01
TXN004061,CUST0318,PROD0070,2024-07-01,6,15.0,Cash,Delivered,369.04,2024,2024-07
TXN004062,CUST0340,PROD0074,2025-05-02,4,40.0,Upi,Delivered,777.46,2025,2025-05
TXN004063,CUST0195,PROD0100,2024-01-01,1,40.0,Credit Card,Delivered,66.73,2024,2024-01
TXN004064,CUST0167,PROD0039,2025-09-19,6,15.0,Bank Transfer,Unknown,286.36,2025,2025-09
TXN004065,CUST0393,PROD0056,2025-07-03,6,40.0,Debit Card,Delivered,1685.45,2025,2025-07
TXN004066,CUST0441,PROD0053,2025-07-31,2,0.0,Bank Transfer,Delivered,88.38,2025,2025-07
TXN004067,CUST0250,PROD0052,2024-01-01,3,5.0,Credit Card,Cancelled,48.48,2024,2024-01
TXN004068,CUST0185,PROD0076,2025-04-19,1,0.0,Unknown,Shipped,29.3,2025,2025-04
TXN004069,CUST0064,PROD0043,2025-10-20,4,40.0,Upi,Returned,383.88,2025,2025-10
TXN004070,CUST0315,PROD0034,2024-01-01,1,20.0,Cash,Pending,119.65,2024,2024-01
TXN004071,CUST0069,PROD0023,2024-12-26,4,50.0,Credit Card,Shipped,1058.04,2024,2024-12
TXN004072,CUST0131,PROD0014,2024-08-16,3,40.0,Bank Transfer,Shipped,31.45,2024,2024-08
TXN004073,CUST0202,PROD0069,2024-12-02,3,40.0,Upi,Delivered,100.42,2024,2024-12
TXN004074,CUST0078,PROD0031,2024-01-01,3,25.0,Credit Card,Delivered,105.16,2024,2024-01
TXN004075,CUST0428,PROD0100,2025-11-21,5,25.0,Paypal,Returned,417.04,2025,2025-11
TXN004076,CUST0427,PROD0063,2025-01-05,1,30.0,Upi,Delivered,309.27,2025,2025-01
TXN004077,CUST0080,PROD0068,2024-09-25,6,5.0,Upi,Shipped,300.62,2024,2024-09
TXN004078,CUST0086,PROD0031,2024-08-06,6,20.0,Paypal,Delivered,224.35,2024,2024-08
TXN004079,CUST0154,PROD0003,2025-04-21,3,30.0,Paypal,Shipped,75.83,2025,2025-04
TXN004080,CUST0131,PROD0094,2024-01-01,5,40.0,Upi,Returned,309.18,2024,2024-01
TXN004081,CUST0064,PROD0072,2024-01-01,3,60.0,Credit Card,Delivered,230.0,2024,2024-01
TXN004082,CUST0266,PROD0092,2024-08-09,3,25.0,Upi,Delivered,506.59,2024,2024-08
TXN004083,CUST0063,PROD0060,2024-01-27,5,30.0,Debit Card,Delivered,874.68,2024,2024-01
TXN004084,CUST0040,PROD0059,2024-12-22,6,0.0,Credit Card,Shipped,325.32,2024,2024-12
TXN004085,CUST0225,PROD0096,2024-02-06,4,60.0,Bank Transfer,Delivered,30.54,2024,2024-02
TXN004086,CUST0251,PROD0070,2025-03-18,5,10.0,Cash,Delivered,325.62,2025,2025-03
TXN004087,CUST0161,PROD0088,2024-04-10,6,10.0,Debit Card,Delivered,1950.43,2024,2024-04
TXN004088,CUST0297,PROD0100,2024-01-01,5,60.0,Upi,Pending,222.42,2024,2024-01
TXN004089,CUST0206,PROD0087,2024-09-12,2,30.0,Paypal,Cancelled,103.07,2024,2024-09
TXN004090,CUST0189,PROD0087,2024-12-30,5,60.0,Upi,Delivered,147.24,2024,2024-12
TXN004091,CUST0251,PROD0008,2025-04-10,2,50.0,Cash,Cancelled,97.91,2025,2025-04
TXN004092,CUST0139,PROD0100,2024-01-01,2,25.0,Debit Card,Cancelled,166.82,2024,2024-01
TXN004093,CUST0314,PROD0001,2024-03-17,2,0.0,Paypal,Returned,352.14,2024,2024-03
TXN004094,CUST0085,PROD0064,2025-10-12,5,15.0,Upi,Shipped,229.33,2025,2025-10
TXN004095,CUST0436,PROD0087,2024-01-01,4,60.0,Upi,Pending,117.79,2024,2024-01
TXN004096,CUST0394,PROD0009,2025-12-12,5,0.0,Upi,Delivered,946.35,2025,2025-12
TXN004097,CUST0341,PROD0007,2024-01-01,6,15.0,Credit Card,Shipped,1162.65,2024,2024-01
TXN004098,CUST0432,PROD0047,2025-07-28,4,0.0,Cash,Processing,201.28,2025,2025-07
TXN004099,CUST0499,PROD0044,2024-07-04,4,15.0,Paypal,Returned,351.73,2024,2024-07
TXN004100,CUST0363,PROD0100,2024-03-10,5,50.0,Upi,Shipped,278.02,2024,2024-03
TXN004101,CUST0481,PROD0075,2024-04-16,2,10.0,Upi,Processing,73.17,2024,2024-04
TXN004102,CUST0039,PROD0034,2024-01-01,2,25.0,Paypal,Shipped,224.34,2024,2024-01
TXN004103,CUST0043,PROD0014,2024-01-01,6,50.0,Paypal,Delivered,52.41,2024,2024-01
TXN004104,CUST0415,PROD0080,2024-11-09,3,40.0,Bank Transfer,Returned,336.65,2024,2024-11
TXN004105,CUST0194,PROD0048,2025-12-17,2,25.0,Credit Card,Returned,436.8,2025,2025-12
TXN004106,CUST0147,PROD0010,2024-04-22,1,50.0,Credit Card,Shipped,52.58,2024,2024-04
TXN004107,CUST0110,PROD0049,2025-04-05,5,0.0,Credit Card,Processing,648.9,2025,2025-04
TXN004108,CUST0030,PROD0027,2025-07-19,6,50.0,Debit Card,Cancelled,271.53,2025,2025-07
TXN004109,CUST0228,PROD0093,2024-01-01,3,5.0,Cash,Returned,909.75,2024,2024-01
TXN004110,CUST0442,PROD0064,2024-03-23,4,10.0,Paypal,Delivered,194.26,2024,2024-03
TXN004111,CUST0485,PROD0010,2024-09-24,5,15.0,Upi,Cancelled,446.93,2024,2024-09
TXN004112,CUST0166,PROD0035,2024-03-02,1,10.0,Paypal,Processing,280.56,2024,2024-03
TXN004113,CUST0278,PROD0027,2025-02-02,2,0.0,Cash,Pending,181.02,2025,2025-02
TXN004114,CUST0450,PROD0100,2024-01-01,4,40.0,Credit Card,Delivered,266.9,2024,2024-01
TXN004115,CUST0216,PROD0085,2025-11-11,4,5.0,Cash,Cancelled,110.62,2025,2025-11
TXN004116,CUST0398,PROD0060,2024-01-01,6,60.0,Credit Card,Delivered,599.78,2024,2024-01
TXN004117,CUST0248,PROD0054,2025-10-31,6,5.0,Upi,Processing,1106.71,2025,2025-10
TXN004118,CUST0491,PROD0013,2025-05-25,1,20.0,Cash,Shipped,69.41,2025,2025-05
TXN004119,CUST0288,PROD0007,2025-11-03,1,50.0,Upi,Cancelled,113.98,2025,2025-11
TXN004120,CUST0023,PROD0029,2025-11-18,4,20.0,Credit Card,Shipped,466.08,2025,2025-11
TXN004121,CUST0132,PROD0079,2025-03-15,3,5.0,Debit Card,Shipped,2366.9,2025,2025-03
TXN004122,CUST0019,PROD0042,2025-12-02,5,0.0,Upi,Returned,260.3,2025,2025-12
TXN004123,CUST0408,PROD0073,2024-01-01,6,40.0,Credit Card,Cancelled,394.88,2024,2024-01
TXN004124,CUST0153,PROD0017,2024-12-10,1,60.0,Paypal,Delivered,42.85,2024,2024-12
TXN004125,CUST0064,PROD0071,2024-01-01,3,50.0,Debit Card,Cancelled,1242.14,2024,2024-01
TXN004126,CUST0204,PROD0070,2024-05-25,4,40.0,Credit Card,Pending,173.66,2024,2024-05
TXN004127,CUST0142,PROD0023,2024-04-30,2,5.0,Upi,Shipped,1005.14,2024,2024-04
TXN004128,CUST0374,PROD0018,2024-12-15,4,0.0,Paypal,Processing,473.52,2024,2024-12
TXN004129,CUST0058,PROD0055,2025-08-08,1,50.0,Cash,Pending,525.2,2025,2025-08
TXN004130,CUST0188,PROD0036,2024-01-01,2,60.0,Upi,Cancelled,168.93,2024,2024-01
TXN004131,CUST0396,PROD0048,2024-01-01,5,20.0,Upi,Shipped,1164.8,2024,2024-01
TXN004132,CUST0003,PROD0053,2025-01-05,2,25.0,Debit Card,Pending,66.28,2025,2025-01
TXN004133,CUST0160,PROD0044,2024-09-16,5,15.0,Credit Card,Shipped,439.66,2024,2024-09
TXN004134,CUST0014,PROD0021,2024-03-24,1,5.0,Paypal,Cancelled,61.17,2024,2024-03
TXN004135,CUST0097,PROD0012,2025-08-08,3,50.0,Paypal,Delivered,114.88,2025,2025-08
TXN004136,CUST0478,PROD0029,2024-01-01,4,5.0,Paypal,Pending,553.47,2024,2024-01
TXN004137,CUST0042,PROD0063,2024-01-01,2,0.0,Credit Card,Shipped,883.64,2024,2024-01
TXN004138,CUST0257,PROD0058,2024-02-28,3,5.0,Paypal,Returned,90.17,2024,2024-02
TXN004139,CUST0466,PROD0090,2025-01-26,3,5.0,Upi,Returned,419.95,2025,2025-01
TXN004140,CUST0277,PROD0030,2025-10-11,5,60.0,Credit Card,Cancelled,121.54,2025,2025-10
TXN004141,CUST0123,PROD0058,2025-01-29,3,5.0,Cash,Pending,90.17,2025,2025-01
TXN004142,CUST0392,PROD0052,2025-04-13,6,30.0,Credit Card,Delivered,71.44,2025,2025-04
TXN004143,CUST0199,PROD0036,2024-08-17,3,60.0,Paypal,Cancelled,253.39,2024,2024-08
TXN004144,CUST0432,PROD0011,2024-01-01,2,0.0,Upi,Cancelled,161.52,2024,2024-01
TXN004145,CUST0091,PROD0034,2025-08-17,6,40.0,Credit Card,Pending,538.42,2025,2025-08
TXN004146,CUST0459,PROD0034,2024-12-14,1,20.0,Cash,Returned,119.65,2024,2024-12
TXN004147,CUST0460,PROD0069,2024-01-01,3,40.0,Upi,Shipped,100.42,2024,2024-01
TXN004148,CUST0278,PROD0012,2024-01-01,1,25.0,Bank Transfer,Processing,57.44,2024,2024-01
TXN004149,CUST0248,PROD0007,2025-04-10,5,25.0,Bank Transfer,Pending,854.89,2025,2025-04
TXN004150,CUST0212,PROD0016,2024-04-17,1,40.0,Paypal,Shipped,23.86,2024,2024-04
TXN004151,CUST0158,PROD0058,2024-01-01,6,25.0,Upi,Delivered,142.38,2024,2024-01
TXN004152,CUST0237,PROD0020,2025-06-08,4,25.0,Paypal,Shipped,272.22,2025,2025-06
TXN004153,CUST0350,PROD0074,2024-08-03,5,25.0,Bank Transfer,Delivered,1214.78,2024,2024-08
TXN004154,CUST0389,PROD0027,2025-08-16,5,50.0,Bank Transfer,Shipped,226.28,2025,2025-08
TXN004155,CUST0271,PROD0045,2025-03-02,4,30.0,Paypal,Shipped,492.02,2025,2025-03
TXN004156,CUST0035,PROD0028,2025-06-15,4,50.0,Paypal,Delivered,1790.22,2025,2025-06
TXN004157,CUST0320,PROD0099,2025-03-29,4,40.0,Credit Card,Pending,92.88,2025,2025-03
TXN004158,CUST0021,PROD0097,2024-01-01,5,60.0,Upi,Processing,73.34,2024,2024-01
TXN004159,CUST0193,PROD0029,2025-05-23,5,10.0,Paypal,Shipped,655.42,2025,2025-05
TXN004160,CUST0344,PROD0011,2024-02-26,2,25.0,Debit Card,Processing,121.14,2024,2024-02
TXN004161,CUST0284,PROD0077,2025-03-05,2,0.0,Upi,Processing,68.2,2025,2025-03
TXN004162,CUST0148,PROD0026,2024-06-16,2,15.0,Credit Card,Processing,120.5,2024,2024-06
TXN004163,CUST0111,PROD0079,2025-08-26,3,20.0,Upi,Delivered,1993.18,2025,2025-08
TXN004164,CUST0404,PROD0052,2025-12-26,4,60.0,Bank Transfer,Cancelled,27.22,2025,2025-12
TXN004165,CUST0349,PROD0001,2024-01-01,3,10.0,Upi,Delivered,475.39,2024,2024-01
TXN004166,CUST0225,PROD0069,2025-02-05,2,60.0,Bank Transfer,Shipped,44.63,2025,2025-02
TXN004167,CUST0070,PROD0065,2024-12-17,4,0.0,Credit Card,Shipped,123.92,2024,2024-12
TXN004168,CUST0442,PROD0034,2024-09-16,5,25.0,Bank Transfer,Pending,560.85,2024,2024-09
TXN004169,CUST0400,PROD0044,2024-01-01,1,60.0,Cash,Delivered,41.38,2024,2024-01
TXN004170,CUST0132,PROD0022,2025-01-05,3,10.0,Cash,Delivered,485.27,2025,2025-01
TXN004171,CUST0166,PROD0032,2025-03-30,3,25.0,Credit Card,Delivered,270.14,2025,2025-03
TXN004172,CUST0410,PROD0004,2024-01-01,3,50.0,Cash,Pending,73.65,2024,2024-01
TXN004173,CUST0279,PROD0051,2024-01-29,2,0.0,Upi,Processing,224.56,2024,2024-01
TXN004174,CUST0087,PROD0016,2024-09-12,4,0.0,Debit Card,Delivered,159.08,2024,2024-09
TXN004175,CUST0287,PROD0052,2025-02-28,5,60.0,Paypal,Pending,34.02,2025,2025-02
TXN004176,CUST0290,PROD0068,2025-05-10,5,40.0,Upi,Shipped,158.22,2025,2025-05
TXN004177,CUST0129,PROD0021,2024-11-13,3,30.0,Paypal,Shipped,135.22,2024,2024-11
TXN004178,CUST0243,PROD0086,2025-08-14,3,20.0,Debit Card,Shipped,2521.13,2025,2025-08
TXN004179,CUST0005,PROD0031,2024-01-01,5,50.0,Cash,Delivered,116.85,2024,2024-01
TXN004180,CUST0242,PROD0001,2024-01-01,1,0.0,Paypal,Pending,176.07,2024,2024-01
TXN004181,CUST0160,PROD0044,2025-12-02,2,0.0,Unknown,Processing,206.9,2025,2025-12
TXN004182,CUST0375,PROD0091,2024-01-01,1,40.0,Credit Card,Returned,383.9,2024,2024-01
TXN004183,CUST0188,PROD0035,2024-03-09,3,50.0,Paypal,Processing,467.6,2024,2024-03
TXN004184,CUST0338,PROD0090,2024-03-10,3,30.0,Upi,Processing,309.43,2024,2024-03
TXN004185,CUST0448,PROD0060,2024-11-23,6,0.0,Debit Card,Delivered,1499.46,2024,2024-11
TXN004186,CUST0088,PROD0052,2024-01-01,5,40.0,Bank Transfer,Returned,51.03,2024,2024-01
TXN004187,CUST0088,PROD0007,2024-08-23,4,0.0,Paypal,Delivered,911.88,2024,2024-08
TXN004188,CUST0150,PROD0095,2025-07-09,2,0.0,Credit Card,Pending,320.88,2025,2025-07
TXN004189,CUST0073,PROD0031,2025-12-06,2,30.0,Cash,Delivered,65.44,2025,2025-12
TXN004190,CUST0219,PROD0007,2024-03-31,3,40.0,Paypal,Cancelled,410.35,2024,2024-03
TXN004191,CUST0069,PROD0052,2024-01-01,3,50.0,Credit Card,Unknown,25.52,2024,2024-01
TXN004192,CUST0318,PROD0082,2025-04-16,1,25.0,Credit Card,Shipped,76.61,2025,2025-04
TXN004193,CUST0255,PROD0078,2024-01-01,2,0.0,Paypal,Delivered,135.56,2024,2024-01
TXN004194,CUST0038,PROD0074,2024-05-13,1,50.0,Paypal,Delivered,161.97,2024,2024-05
TXN004195,CUST0065,PROD0031,2024-08-20,2,60.0,Paypal,Delivered,37.39,2024,2024-08
TXN004196,CUST0426,PROD0035,2025-08-12,2,40.0,Credit Card,Processing,374.08,2025,2025-08
TXN004197,CUST0304,PROD0014,2024-12-17,6,25.0,Credit Card,Shipped,78.61,2024,2024-12
TXN004198,CUST0040,PROD0055,2024-08-04,6,40.0,Debit Card,Returned,3781.44,2024,2024-08
TXN004199,CUST0308,PROD0022,2024-01-01,3,40.0,Bank Transfer,Shipped,323.51,2024,2024-01
TXN004200,CUST0406,PROD0040,2024-01-01,5,40.0,Upi,Shipped,165.42,2024,2024-01
TXN004201,CUST0082,PROD0050,2024-05-13,5,5.0,Cash,Cancelled,111.77,2024,2024-05
TXN004202,CUST0355,PROD0009,2024-01-01,6,60.0,Paypal,Pending,454.25,2024,2024-01
TXN004203,CUST0121,PROD0098,2025-10-23,6,40.0,Paypal,Processing,906.48,2025,2025-10
TXN004204,CUST0452,PROD0097,2024-09-21,2,20.0,Upi,Delivered,58.67,2024,2024-09
TXN004205,CUST0441,PROD0039,2025-09-29,5,40.0,Paypal,Shipped,168.45,2025,2025-09
TXN004206,CUST0186,PROD0061,2024-04-22,4,20.0,Upi,Delivered,595.74,2024,2024-04
TXN004207,CUST0428,PROD0021,2024-01-01,1,15.0,Bank Transfer,Delivered,54.73,2024,2024-01
TXN004208,CUST0329,PROD0038,2024-05-08,4,60.0,Upi,Delivered,115.49,2024,2024-05
TXN004209,CUST0321,PROD0004,2024-02-21,3,0.0,Debit Card,Shipped,147.3,2024,2024-02
TXN004210,CUST0358,PROD0046,2025-05-09,4,30.0,Paypal,Returned,516.38,2025,2025-05
TXN004211,CUST0451,PROD0022,2025-02-19,6,10.0,Paypal,Delivered,970.54,2025,2025-02
TXN004212,CUST0134,PROD0077,2024-06-06,2,30.0,Upi,Delivered,47.74,2024,2024-06
TXN004213,CUST0305,PROD0098,2024-01-01,3,0.0,Debit Card,Delivered,755.4,2024,2024-01
TXN004214,CUST0076,PROD0060,2024-01-01,6,5.0,Paypal,Processing,1424.49,2024,2024-01
TXN004215,CUST0420,PROD0024,2025-02-09,1,20.0,Paypal,Delivered,80.99,2025,2025-02
TXN004216,CUST0216,PROD0074,2024-01-01,6,5.0,Cash,Returned,1846.46,2024,2024-01
TXN004217,CUST0065,PROD0079,2024-08-16,3,60.0,Cash,Returned,996.59,2024,2024-08
TXN004218,CUST0230,PROD0040,2024-06-16,5,50.0,Upi,Delivered,137.85,2024,2024-06
TXN004219,CUST0316,PROD0054,2025-12-01,6,40.0,Paypal,Shipped,698.98,2025,2025-12
TXN004220,CUST0181,PROD0032,2025-09-01,3,10.0,Upi,Processing,324.16,2025,2025-09
TXN004221,CUST0380,PROD0039,2024-01-01,2,30.0,Credit Card,Delivered,78.61,2024,2024-01
TXN004222,CUST0022,PROD0093,2024-07-26,5,60.0,Credit Card,Delivered,638.42,2024,2024-07
TXN004223,CUST0361,PROD0082,2024-02-26,3,40.0,Upi,Shipped,183.87,2024,2024-02
TXN004224,CUST0331,PROD0040,2024-01-01,4,50.0,Paypal,Cancelled,110.28,2024,2024-01
TXN004225,CUST0432,PROD0095,2025-12-23,3,20.0,Credit Card,Returned,385.06,2025,2025-12
TXN004226,CUST0091,PROD0083,2024-09-11,4,60.0,Paypal,Processing,163.44,2024,2024-09
TXN004227,CUST0371,PROD0091,2024-03-03,4,40.0,Credit Card,Returned,1535.62,2024,2024-03
TXN004228,CUST0485,PROD0074,2024-01-01,2,20.0,Upi,Shipped,518.3,2024,2024-01
TXN004229,CUST0301,PROD0003,2024-10-10,2,60.0,Paypal,Delivered,28.89,2024,2024-10
TXN004230,CUST0090,PROD0066,2025-04-25,6,15.0,Credit Card,Pending,469.97,2025,2025-04
TXN004231,CUST0102,PROD0032,2025-06-07,2,15.0,Credit Card,Pending,204.1,2025,2025-06
TXN004232,CUST0120,PROD0036,2024-12-14,6,15.0,Credit Card,Processing,1076.92,2024,2024-12
TXN004233,CUST0118,PROD0055,2024-01-01,2,10.0,Bank Transfer,Pending,1890.72,2024,2024-01
TXN004234,CUST0478,PROD0033,2024-01-23,5,50.0,Credit Card,Cancelled,314.68,2024,2024-01
TXN004235,CUST0366,PROD0059,2024-01-01,2,15.0,Credit Card,Delivered,92.17,2024,2024-01
TXN004236,CUST0166,PROD0010,2025-02-13,2,15.0,Paypal,Delivered,178.77,2025,2025-02
TXN004237,CUST0050,PROD0004,2025-05-14,1,25.0,Credit Card,Delivered,36.83,2025,2025-05
TXN004238,CUST0274,PROD0064,2024-02-25,3,0.0,Bank Transfer,Processing,161.88,2024,2024-02
TXN004239,CUST0078,PROD0083,2025-12-04,3,25.0,Upi,Returned,229.84,2025,2025-12
TXN004240,CUST0037,PROD0011,2025-08-30,2,25.0,Credit Card,Shipped,121.14,2025,2025-08
TXN004241,CUST0068,PROD0042,2024-08-26,1,40.0,Cash,Shipped,31.24,2024,2024-08
TXN004242,CUST0301,PROD0012,2024-01-01,3,0.0,Credit Card,Cancelled,229.77,2024,2024-01
TXN004243,CUST0374,PROD0089,2024-11-13,3,5.0,Paypal,Shipped,47.25,2024,2024-11
TXN004244,CUST0171,PROD0089,2025-05-24,3,40.0,Debit Card,Shipped,29.84,2025,2025-05
TXN004245,CUST0222,PROD0030,2024-06-26,6,10.0,Bank Transfer,Shipped,328.16,2024,2024-06
TXN004246,CUST0126,PROD0003,2024-01-01,6,30.0,Paypal,Shipped,151.66,2024,2024-01
TXN004247,CUST0344,PROD0086,2025-07-03,3,30.0,Upi,Delivered,2205.99,2025,2025-07
TXN004248,CUST0068,PROD0002,2024-01-01,4,5.0,Credit Card,Delivered,278.69,2024,2024-01
TXN004249,CUST0149,PROD0020,2024-01-01,5,50.0,Upi,Delivered,226.85,2024,2024-01
TXN004250,CUST0342,PROD0084,2024-01-01,4,40.0,Debit Card,Returned,406.27,2024,2024-01
TXN004251,CUST0098,PROD0088,2024-08-08,4,0.0,Cash,Delivered,1444.76,2024,2024-08
TXN004252,CUST0382,PROD0098,2025-08-30,1,0.0,Debit Card,Returned,251.8,2025,2025-08
TXN004253,CUST0392,PROD0097,2025-03-03,1,0.0,Upi,Processing,36.67,2025,2025-03
TXN004254,CUST0249,PROD0066,2025-06-21,5,5.0,Cash,Cancelled,437.71,2025,2025-06
TXN004255,CUST0020,PROD0036,2025-02-04,1,30.0,Upi,Shipped,147.81,2025,2025-02
TXN004256,CUST0209,PROD0066,2024-01-01,5,25.0,Debit Card,Delivered,345.56,2024,2024-01
TXN004257,CUST0478,PROD0054,2024-01-01,3,0.0,Upi,Delivered,582.48,2024,2024-01
TXN004258,CUST0205,PROD0098,2025-07-24,2,30.0,Paypal,Processing,352.52,2025,2025-07
TXN004259,CUST0269,PROD0005,2024-01-13,2,40.0,Paypal,Delivered,74.84,2024,2024-01
TXN004260,CUST0371,PROD0082,2025-07-21,6,20.0,Paypal,Processing,490.32,2025,2025-07
TXN004261,CUST0235,PROD0027,2024-12-26,3,0.0,Paypal,Cancelled,271.53,2024,2024-12
TXN004262,CUST0373,PROD0093,2025-12-30,5,15.0,Credit Card,Shipped,1356.64,2025,2025-12
TXN004263,CUST0310,PROD0057,2024-01-01,5,60.0,Credit Card,Shipped,916.24,2024,2024-01
TXN004264,CUST0329,PROD0033,2024-12-20,5,50.0,Upi,Shipped,314.68,2024,2024-12
TXN004265,CUST0237,PROD0011,2024-09-23,4,20.0,Credit Card,Shipped,258.43,2024,2024-09
TXN004266,CUST0195,PROD0068,2025-06-11,4,40.0,Credit Card,Shipped,126.58,2025,2025-06
TXN004267,CUST0445,PROD0072,2024-01-01,1,5.0,Upi,Returned,182.09,2024,2024-01
TXN004268,CUST0182,PROD0056,2024-01-01,6,25.0,Credit Card,Shipped,2106.81,2024,2024-01
TXN004269,CUST0107,PROD0039,2024-09-11,5,0.0,Paypal,Cancelled,280.75,2024,2024-09
TXN004270,CUST0302,PROD0019,2024-01-01,1,10.0,Credit Card,Delivered,28.02,2024,2024-01
TXN004271,CUST0220,PROD0043,2024-08-07,4,40.0,Paypal,Cancelled,383.88,2024,2024-08
TXN004272,CUST0010,PROD0087,2024-07-23,4,40.0,Cash,Pending,176.69,2024,2024-07
TXN004273,CUST0056,PROD0076,2024-06-13,1,25.0,Bank Transfer,Pending,21.98,2024,2024-06
TXN004274,CUST0345,PROD0020,2024-01-13,2,20.0,Credit Card,Processing,145.18,2024,2024-01
TXN004275,CUST0489,PROD0048,2024-10-24,3,0.0,Credit Card,Delivered,873.6,2024,2024-10
TXN004276,CUST0152,PROD0076,2024-02-02,6,0.0,Cash,Cancelled,175.8,2024,2024-02
TXN004277,CUST0291,PROD0064,2024-01-01,4,15.0,Cash,Pending,183.46,2024,2024-01
TXN004278,CUST0070,PROD0040,2025-01-21,4,15.0,Credit Card,Cancelled,187.48,2025,2025-01
TXN004279,CUST0409,PROD0099,2024-01-01,5,15.0,Credit Card,Delivered,164.48,2024,2024-01
TXN004280,CUST0016,PROD0075,2024-03-22,2,25.0,Paypal,Returned,60.97,2024,2024-03
TXN004281,CUST0317,PROD0029,2024-01-19,6,20.0,Debit Card,Pending,699.12,2024,2024-01
TXN004282,CUST0291,PROD0073,2025-10-21,3,20.0,Upi,Shipped,263.26,2025,2025-10
TXN004283,CUST0079,PROD0066,2025-09-26,6,15.0,Credit Card,Shipped,469.97,2025,2025-09
TXN004284,CUST0268,PROD0078,2024-01-01,2,25.0,Paypal,Pending,101.67,2024,2024-01
TXN004285,CUST0399,PROD0042,2025-10-09,1,0.0,Paypal,Processing,52.06,2025,2025-10
TXN004286,CUST0128,PROD0005,2024-05-12,3,0.0,Credit Card,Shipped,187.11,2024,2024-05
TXN004287,CUST0381,PROD0060,2025-04-07,2,25.0,Debit Card,Delivered,374.86,2025,2025-04
TXN004288,CUST0266,PROD0073,2024-02-14,1,50.0,Paypal,Delivered,54.84,2024,2024-02
TXN004289,CUST0173,PROD0009,2025-02-26,4,0.0,Cash,Shipped,757.08,2025,2025-02
TXN004290,CUST0436,PROD0024,2024-01-01,2,40.0,Cash,Returned,121.49,2024,2024-01
TXN004291,CUST0395,PROD0036,2024-01-01,5,0.0,Cash,Shipped,1055.8,2024,2024-01
TXN004292,CUST0410,PROD0025,2025-03-02,3,10.0,Paypal,Shipped,2131.57,2025,2025-03
TXN004293,CUST0314,PROD0042,2025-07-18,3,20.0,Paypal,Delivered,124.94,2025,2025-07
TXN004294,CUST0075,PROD0021,2024-09-22,5,10.0,Unknown,Shipped,289.76,2024,2024-09
TXN004295,CUST0098,PROD0093,2024-03-13,4,15.0,Paypal,Shipped,1085.31,2024,2024-03
TXN004296,CUST0154,PROD0047,2024-02-12,1,5.0,Cash,Delivered,47.8,2024,2024-02
TXN004297,CUST0357,PROD0020,2025-01-24,4,60.0,Debit Card,Returned,145.18,2025,2025-01
TXN004298,CUST0404,PROD0016,2024-01-01,6,60.0,Upi,Delivered,95.45,2024,2024-01
TXN004299,CUST0197,PROD0011,2024-01-26,4,5.0,Cash,Shipped,306.89,2024,2024-01
TXN004300,CUST0426,PROD0014,2025-08-17,2,25.0,Upi,Processing,26.2,2025,2025-08
TXN004301,CUST0455,PROD0039,2024-01-01,5,50.0,Upi,Returned,140.38,2024,2024-01
TXN004302,CUST0033,PROD0006,2024-08-13,1,20.0,Debit Card,Cancelled,193.03,2024,2024-08
TXN004303,CUST0387,PROD0009,2025-06-12,1,50.0,Debit Card,Returned,94.64,2025,2025-06
TXN004304,CUST0005,PROD0044,2024-03-28,6,15.0,Paypal,Delivered,527.6,2024,2024-03
TXN004305,CUST0326,PROD0015,2024-01-01,6,0.0,Bank Transfer,Returned,400.62,2024,2024-01
TXN004306,CUST0231,PROD0005,2025-05-29,4,0.0,Bank Transfer,Delivered,249.48,2025,2025-05
TXN004307,CUST0414,PROD0050,2025-04-09,3,50.0,Paypal,Cancelled,35.3,2025,2025-04
TXN004308,CUST0036,PROD0003,2024-07-21,3,25.0,Upi,Returned,81.25,2024,2024-07
TXN004309,CUST0162,PROD0061,2024-05-08,4,25.0,Paypal,Returned,558.51,2024,2024-05
TXN004310,CUST0405,PROD0007,2025-04-10,3,0.0,Upi,Cancelled,683.91,2025,2025-04
TXN004311,CUST0440,PROD0058,2024-09-28,5,60.0,Cash,Pending,63.28,2024,2024-09
TXN004312,CUST0002,PROD0078,2024-01-01,5,5.0,Upi,Shipped,321.96,2024,2024-01
TXN004313,CUST0383,PROD0079,2024-10-22,2,30.0,Bank Transfer,Shipped,1162.69,2024,2024-10
TXN004314,CUST0003,PROD0050,2024-01-18,2,30.0,Paypal,Delivered,32.94,2024,2024-01
TXN004315,CUST0120,PROD0009,2025-12-20,5,0.0,Credit Card,Pending,946.35,2025,2025-12
TXN004316,CUST0474,PROD0051,2024-09-04,6,0.0,Debit Card,Delivered,673.68,2024,2024-09
TXN004317,CUST0274,PROD0078,2025-02-19,3,20.0,Upi,Shipped,162.67,2025,2025-02
TXN004318,CUST0085,PROD0042,2024-01-01,1,30.0,Bank Transfer,Unknown,36.44,2024,2024-01
TXN004319,CUST0032,PROD0036,2024-01-01,5,30.0,Paypal,Returned,739.06,2024,2024-01
TXN004320,CUST0449,PROD0072,2025-01-22,6,60.0,Cash,Returned,460.01,2025,2025-01
TXN004321,CUST0261,PROD0033,2025-06-13,3,0.0,Upi,Shipped,377.61,2025,2025-06
TXN004322,CUST0414,PROD0014,2024-01-26,4,40.0,Credit Card,Shipped,41.93,2024,2024-01
TXN004323,CUST0228,PROD0063,2024-01-01,4,25.0,Bank Transfer,Cancelled,1325.46,2024,2024-01
TXN004324,CUST0415,PROD0026,2024-02-07,5,5.0,Debit Card,Shipped,336.68,2024,2024-02
TXN004325,CUST0227,PROD0014,2025-08-10,4,25.0,Credit Card,Returned,52.41,2025,2025-08
TXN004326,CUST0316,PROD0004,2024-01-01,3,20.0,Bank Transfer,Shipped,117.84,2024,2024-01
TXN004327,CUST0484,PROD0046,2024-12-08,4,40.0,Bank Transfer,Cancelled,442.61,2024,2024-12
TXN004328,CUST0119,PROD0030,2025-11-12,5,20.0,Upi,Delivered,243.08,2025,2025-11
TXN004329,CUST0192,PROD0021,2024-08-22,1,40.0,Credit Card,Cancelled,38.63,2024,2024-08
TXN004330,CUST0373,PROD0030,2025-01-03,1,0.0,Bank Transfer,Processing,60.77,2025,2025-01
TXN004331,CUST0197,PROD0081,2025-02-17,2,30.0,Debit Card,Pending,87.3,2025,2025-02
TXN004332,CUST0332,PROD0059,2024-08-29,4,15.0,Bank Transfer,Shipped,184.35,2024,2024-08
TXN004333,CUST0356,PROD0020,2024-01-01,4,10.0,Upi,Delivered,326.66,2024,2024-01
TXN004334,CUST0434,PROD0068,2024-01-01,6,15.0,Paypal,Pending,268.97,2024,2024-01
TXN004335,CUST0338,PROD0050,2024-01-01,6,5.0,Bank Transfer,Shipped,134.12,2024,2024-01
TXN004336,CUST0474,PROD0031,2024-10-07,2,5.0,Paypal,Shipped,88.81,2024,2024-10
TXN004337,CUST0226,PROD0005,2025-03-16,3,25.0,Cash,Shipped,140.33,2025,2025-03
TXN004338,CUST0245,PROD0030,2024-11-23,5,10.0,Debit Card,Shipped,273.47,2024,2024-11
TXN004339,CUST0199,PROD0018,2024-12-13,4,60.0,Cash,Cancelled,189.41,2024,2024-12
TXN004340,CUST0479,PROD0048,2024-01-01,3,30.0,Upi,Pending,611.52,2024,2024-01
TXN004341,CUST0008,PROD0014,2024-10-30,6,25.0,Credit Card,Pending,78.61,2024,2024-10
TXN004342,CUST0003,PROD0030,2025-09-05,2,20.0,Paypal,Pending,97.23,2025,2025-09
TXN004343,CUST0357,PROD0013,2025-07-07,3,60.0,Paypal,Delivered,104.11,2025,2025-07
TXN004344,CUST0165,PROD0017,2025-09-10,1,25.0,Credit Card,Processing,80.35,2025,2025-09
TXN004345,CUST0200,PROD0007,2024-01-01,6,5.0,Debit Card,Delivered,1299.43,2024,2024-01
TXN004346,CUST0043,PROD0042,2025-03-10,4,5.0,Paypal,Cancelled,197.83,2025,2025-03
TXN004347,CUST0288,PROD0034,2024-01-01,5,50.0,Debit Card,Processing,373.9,2024,2024-01
TXN004348,CUST0486,PROD0012,2024-08-24,1,50.0,Cash,Processing,38.3,2024,2024-08
TXN004349,CUST0336,PROD0098,2024-07-16,3,30.0,Credit Card,Shipped,528.78,2024,2024-07
TXN004350,CUST0245,PROD0017,2024-07-20,2,5.0,Credit Card,Returned,203.55,2024,2024-07
TXN004351,CUST0341,PROD0034,2025-06-25,4,40.0,Upi,Shipped,358.94,2025,2025-06
TXN004352,CUST0439,PROD0047,2024-01-01,4,5.0,Paypal,Processing,191.22,2024,2024-01
TXN004353,CUST0037,PROD0099,2025-06-27,2,10.0,Credit Card,Shipped,69.66,2025,2025-06
TXN004354,CUST0110,PROD0097,2024-01-01,6,30.0,Bank Transfer,Shipped,154.01,2024,2024-01
TXN004355,CUST0247,PROD0050,2024-03-05,6,15.0,Credit Card,Processing,120.0,2024,2024-03
TXN004356,CUST0098,PROD0053,2024-01-01,6,30.0,Upi,Shipped,185.6,2024,2024-01
TXN004357,CUST0260,PROD0025,2024-11-20,5,60.0,Debit Card,Shipped,1578.94,2024,2024-11
TXN004358,CUST0434,PROD0060,2025-03-20,1,15.0,Paypal,Cancelled,212.42,2025,2025-03
TXN004359,CUST0401,PROD0074,2025-11-13,6,60.0,Upi,Processing,777.46,2025,2025-11
TXN004360,CUST0176,PROD0018,2025-06-30,6,30.0,Paypal,Shipped,497.2,2025,2025-06
TXN004361,CUST0090,PROD0049,2024-01-01,4,60.0,Bank Transfer,Delivered,207.65,2024,2024-01
TXN004362,CUST0433,PROD0022,2024-07-09,2,60.0,Upi,Returned,143.78,2024,2024-07
TXN004363,CUST0133,PROD0039,2025-12-01,3,15.0,Upi,Shipped,143.18,2025,2025-12
TXN004364,CUST0260,PROD0015,2024-04-28,3,15.0,Upi,Delivered,170.26,2024,2024-04
TXN004365,CUST0219,PROD0033,2024-01-25,6,25.0,Credit Card,Delivered,566.42,2024,2024-01
TXN004366,CUST0288,PROD0064,2025-05-05,3,25.0,Credit Card,Delivered,121.41,2025,2025-05
TXN004367,CUST0395,PROD0082,2024-01-01,2,40.0,Cash,Pending,122.58,2024,2024-01
TXN004368,CUST0027,PROD0022,2024-01-01,1,10.0,Credit Card,Returned,161.76,2024,2024-01
TXN004369,CUST0489,PROD0050,2024-01-01,2,5.0,Upi,Processing,44.71,2024,2024-01
TXN004370,CUST0454,PROD0093,2025-02-10,6,0.0,Upi,Processing,1915.26,2025,2025-02
TXN004371,CUST0098,PROD0042,2025-06-04,1,50.0,Credit Card,Processing,26.03,2025,2025-06
TXN004372,CUST0319,PROD0041,2024-12-18,5,60.0,Paypal,Pending,204.3,2024,2024-12
TXN004373,CUST0370,PROD0059,2025-08-07,5,25.0,Paypal,Delivered,203.32,2025,2025-08
TXN004374,CUST0391,PROD0045,2024-03-10,6,10.0,Bank Transfer,Pending,948.89,2024,2024-03
TXN004375,CUST0138,PROD0088,2024-01-01,1,40.0,Upi,Shipped,216.71,2024,2024-01
TXN004376,CUST0494,PROD0059,2024-01-13,6,50.0,Upi,Processing,162.66,2024,2024-01
TXN004377,CUST0493,PROD0046,2025-02-06,4,30.0,Debit Card,Shipped,516.38,2025,2025-02
TXN004378,CUST0083,PROD0047,2024-01-01,6,10.0,Upi,Cancelled,271.73,2024,2024-01
TXN004379,CUST0016,PROD0002,2025-07-10,3,30.0,Upi,Delivered,154.01,2025,2025-07
TXN004380,CUST0381,PROD0066,2025-12-17,5,10.0,Bank Transfer,Processing,414.68,2025,2025-12
TXN004381,CUST0262,PROD0060,2024-08-16,1,0.0,Paypal,Cancelled,249.91,2024,2024-08
TXN004382,CUST0043,PROD0022,2024-01-01,2,30.0,Credit Card,Returned,251.62,2024,2024-01
TXN004383,CUST0279,PROD0045,2024-06-01,1,40.0,Paypal,Delivered,105.43,2024,2024-06
TXN004384,CUST0033,PROD0079,2025-04-04,5,20.0,Paypal,Pending,3321.96,2025,2025-04
TXN004385,CUST0130,PROD0087,2024-03-12,6,10.0,Paypal,Shipped,397.55,2024,2024-03
TXN004386,CUST0391,PROD0027,2024-01-01,3,5.0,Paypal,Delivered,257.95,2024,2024-01
TXN004387,CUST0181,PROD0043,2024-04-03,6,0.0,Credit Card,Delivered,959.7,2024,2024-04
TXN004388,CUST0454,PROD0011,2024-02-03,1,60.0,Bank Transfer,Returned,32.3,2024,2024-02
TXN004389,CUST0364,PROD0017,2024-01-01,2,15.0,Credit Card,Delivered,182.12,2024,2024-01
TXN004390,CUST0108,PROD0054,2024-01-11,2,10.0,Upi,Delivered,349.49,2024,2024-01
TXN004391,CUST0020,PROD0020,2025-10-31,2,0.0,Upi,Returned,181.48,2025,2025-10
TXN004392,CUST0350,PROD0019,2025-10-17,2,40.0,Credit Card,Cancelled,37.36,2025,2025-10
TXN004393,CUST0295,PROD0015,2025-03-21,2,50.0,Credit Card,Shipped,66.77,2025,2025-03
TXN004394,CUST0447,PROD0054,2025-12-27,2,5.0,Upi,Shipped,368.9,2025,2025-12
TXN004395,CUST0314,PROD0050,2025-07-25,6,20.0,Credit Card,Cancelled,112.94,2025,2025-07
TXN004396,CUST0106,PROD0001,2024-01-01,3,20.0,Debit Card,Delivered,422.57,2024,2024-01
TXN004397,CUST0200,PROD0013,2025-03-22,3,60.0,Paypal,Delivered,104.11,2025,2025-03
TXN004398,CUST0016,PROD0088,2025-07-13,3,25.0,Cash,Delivered,812.68,2025,2025-07
TXN004399,CUST0052,PROD0043,2025-11-02,4,30.0,Bank Transfer,Processing,447.86,2025,2025-11
TXN004400,CUST0298,PROD0053,2024-01-01,5,0.0,Paypal,Returned,220.95,2024,2024-01
TXN004401,CUST0050,PROD0016,2025-01-02,3,0.0,Upi,Shipped,119.31,2025,2025-01
TXN004402,CUST0051,PROD0094,2024-07-18,3,10.0,Credit Card,Delivered,278.26,2024,2024-07
TXN004403,CUST0082,PROD0090,2024-01-01,2,10.0,Cash,Delivered,265.23,2024,2024-01
TXN004404,CUST0167,PROD0065,2025-07-15,4,40.0,Bank Transfer,Cancelled,74.35,2025,2025-07
TXN004405,CUST0180,PROD0035,2024-02-28,6,20.0,Paypal,Shipped,1496.3,2024,2024-02
TXN004406,CUST0090,PROD0044,2025-11-23,5,25.0,Credit Card,Shipped,387.94,2025,2025-11
TXN004407,CUST0045,PROD0015,2024-12-03,3,25.0,Unknown,Shipped,150.23,2024,2024-12
TXN004408,CUST0428,PROD0024,2025-04-19,6,50.0,Cash,Processing,303.72,2025,2025-04
TXN004409,CUST0206,PROD0006,2024-08-14,4,20.0,Cash,Delivered,772.13,2024,2024-08
TXN004410,CUST0497,PROD0031,2024-01-01,3,50.0,Cash,Delivered,70.11,2024,2024-01
TXN004411,CUST0362,PROD0098,2024-01-01,1,50.0,Upi,Shipped,125.9,2024,2024-01
TXN004412,CUST0410,PROD0040,2024-05-14,5,15.0,Credit Card,Delivered,234.34,2024,2024-05
TXN004413,CUST0492,PROD0089,2024-10-29,6,25.0,Paypal,Delivered,74.61,2024,2024-10
TXN004414,CUST0167,PROD0095,2024-12-27,4,40.0,Credit Card,Pending,385.06,2024,2024-12
TXN004415,CUST0254,PROD0077,2025-09-13,1,15.0,Paypal,Cancelled,28.98,2025,2025-09
TXN004416,CUST0010,PROD0091,2024-11-08,4,30.0,Paypal,Pending,1791.55,2024,2024-11
TXN004417,CUST0448,PROD0033,2024-01-01,1,5.0,Upi,Delivered,119.58,2024,2024-01
TXN004418,CUST0282,PROD0073,2024-12-31,5,40.0,Credit Card,Shipped,329.07,2024,2024-12
TXN004419,CUST0450,PROD0045,2025-11-06,2,5.0,Upi,Cancelled,333.87,2025,2025-11
TXN004420,CUST0195,PROD0091,2024-01-01,4,0.0,Credit Card,Cancelled,2559.36,2024,2024-01
TXN004421,CUST0140,PROD0059,2025-03-19,6,5.0,Paypal,Cancelled,309.05,2025,2025-03
TXN004422,CUST0004,PROD0088,2024-01-01,4,5.0,Debit Card,Cancelled,1372.52,2024,2024-01
TXN004423,CUST0375,PROD0074,2025-09-10,4,60.0,Paypal,Pending,518.3,2025,2025-09
TXN004424,CUST0054,PROD0082,2024-01-01,4,0.0,Upi,Cancelled,408.6,2024,2024-01
TXN004425,CUST0249,PROD0096,2025-07-07,6,25.0,Paypal,Delivered,85.9,2025,2025-07
TXN004426,CUST0376,PROD0083,2025-07-28,5,30.0,Cash,Shipped,357.52,2025,2025-07
TXN004427,CUST0280,PROD0099,2024-09-21,5,40.0,Upi,Cancelled,116.1,2024,2024-09
TXN004428,CUST0027,PROD0092,2025-08-05,6,0.0,Paypal,Cancelled,1350.9,2025,2025-08
TXN004429,CUST0255,PROD0076,2024-10-18,5,60.0,Bank Transfer,Returned,58.6,2024,2024-10
TXN004430,CUST0161,PROD0060,2025-12-01,6,20.0,Bank Transfer,Returned,1199.57,2025,2025-12
TXN004431,CUST0057,PROD0006,2024-01-01,3,10.0,Upi,Processing,651.48,2024,2024-01
TXN004432,CUST0198,PROD0082,2024-12-17,6,15.0,Bank Transfer,Pending,520.96,2024,2024-12
TXN004433,CUST0291,PROD0014,2024-01-01,1,20.0,Upi,Delivered,13.98,2024,2024-01
TXN004434,CUST0297,PROD0084,2025-06-11,5,50.0,Credit Card,Delivered,423.2,2025,2025-06
TXN004435,CUST0237,PROD0078,2025-12-21,4,25.0,Cash,Delivered,203.34,2025,2025-12
TXN004436,CUST0231,PROD0065,2024-08-16,4,25.0,Upi,Shipped,92.94,2024,2024-08
TXN004437,CUST0194,PROD0062,2024-01-01,2,20.0,Credit Card,Pending,40.29,2024,2024-01
TXN004438,CUST0431,PROD0089,2024-01-01,4,5.0,Paypal,Pending,63.0,2024,2024-01
TXN004439,CUST0491,PROD0050,2024-04-06,6,15.0,Credit Card,Delivered,120.0,2024,2024-04
TXN004440,CUST0329,PROD0081,2024-01-03,5,50.0,Upi,Shipped,155.9,2024,2024-01
TXN004441,CUST0299,PROD0021,2024-06-01,2,50.0,Credit Card,Returned,64.39,2024,2024-06
TXN004442,CUST0007,PROD0031,2024-07-12,5,60.0,Credit Card,Processing,93.48,2024,2024-07
TXN004443,CUST0489,PROD0071,2024-12-07,1,10.0,Upi,Shipped,745.28,2024,2024-12
TXN004444,CUST0392,PROD0018,2024-01-01,3,15.0,Paypal,Pending,301.87,2024,2024-01
TXN004445,CUST0122,PROD0041,2024-01-01,6,25.0,Debit Card,Unknown,459.68,2024,2024-01
TXN004446,CUST0080,PROD0034,2025-08-31,1,15.0,Paypal,Processing,127.13,2025,2025-08
TXN004447,CUST0126,PROD0035,2025-05-08,1,20.0,Upi,Delivered,249.38,2025,2025-05
TXN004448,CUST0454,PROD0005,2025-08-22,6,25.0,Credit Card,Delivered,280.66,2025,2025-08
TXN004449,CUST0177,PROD0089,2025-04-07,2,0.0,Credit Card,Shipped,33.16,2025,2025-04
TXN004450,CUST0059,PROD0061,2024-09-14,2,30.0,Bank Transfer,Returned,260.64,2024,2024-09
TXN004451,CUST0480,PROD0047,2025-07-31,4,30.0,Debit Card,Processing,140.9,2025,2025-07
TXN004452,CUST0056,PROD0071,2024-01-01,6,60.0,Debit Card,Processing,1987.42,2024,2024-01
TXN004453,CUST0245,PROD0087,2024-01-15,3,0.0,Paypal,Shipped,220.86,2024,2024-01
TXN004454,CUST0053,PROD0020,2024-01-01,5,15.0,Credit Card,Delivered,385.64,2024,2024-01
TXN004455,CUST0198,PROD0038,2024-01-01,5,25.0,Upi,Delivered,270.68,2024,2024-01
TXN004456,CUST0480,PROD0033,2025-01-14,3,25.0,Credit Card,Delivered,283.21,2025,2025-01
TXN004457,CUST0065,PROD0053,2024-08-05,3,30.0,Credit Card,Pending,92.8,2024,2024-08
TXN004458,CUST0256,PROD0063,2025-07-05,6,20.0,Upi,Cancelled,2120.74,2025,2025-07
TXN004459,CUST0331,PROD0018,2024-01-01,2,60.0,Credit Card,Returned,94.7,2024,2024-01
TXN004460,CUST0348,PROD0053,2024-02-06,5,10.0,Upi,Shipped,198.86,2024,2024-02
TXN004461,CUST0290,PROD0049,2025-11-07,4,60.0,Credit Card,Processing,207.65,2025,2025-11
TXN004462,CUST0485,PROD0088,2024-07-07,1,25.0,Paypal,Delivered,270.89,2024,2024-07
TXN004463,CUST0486,PROD0044,2025-11-23,4,5.0,Paypal,Delivered,393.11,2025,2025-11
TXN004464,CUST0222,PROD0083,2025-04-18,6,5.0,Credit Card,Shipped,582.26,2025,2025-04
TXN004465,CUST0089,PROD0005,2024-02-27,5,15.0,Bank Transfer,Returned,265.07,2024,2024-02
TXN004466,CUST0314,PROD0005,2024-01-01,5,40.0,Paypal,Shipped,187.11,2024,2024-01
TXN004467,CUST0196,PROD0024,2024-03-16,6,15.0,Upi,Cancelled,516.32,2024,2024-03
TXN004468,CUST0302,PROD0095,2025-10-12,6,60.0,Paypal,Shipped,385.06,2025,2025-10
TXN004469,CUST0401,PROD0084,2025-09-16,1,0.0,Credit Card,Cancelled,169.28,2025,2025-09
TXN004470,CUST0013,PROD0062,2024-03-28,3,30.0,Credit Card,Delivered,52.88,2024,2024-03
TXN004471,CUST0460,PROD0072,2024-01-01,5,15.0,Paypal,Pending,814.6,2024,2024-01
TXN004472,CUST0384,PROD0036,2024-07-05,1,25.0,Bank Transfer,Delivered,158.37,2024,2024-07
TXN004473,CUST0252,PROD0095,2024-01-01,4,10.0,Cash,Processing,577.58,2024,2024-01
TXN004474,CUST0032,PROD0052,2024-07-17,2,50.0,Credit Card,Shipped,17.01,2024,2024-07
TXN004475,CUST0086,PROD0054,2025-08-13,1,20.0,Bank Transfer,Shipped,155.33,2025,2025-08
TXN004476,CUST0361,PROD0054,2025-01-09,5,25.0,Paypal,Returned,728.1,2025,2025-01
TXN004477,CUST0252,PROD0053,2024-01-01,4,0.0,Upi,Returned,176.76,2024,2024-01
TXN004478,CUST0226,PROD0020,2025-12-12,3,25.0,Paypal,Delivered,204.16,2025,2025-12
TXN004479,CUST0237,PROD0028,2025-04-08,4,20.0,Paypal,Pending,2864.35,2025,2025-04
TXN004480,CUST0281,PROD0069,2024-01-01,4,0.0,Bank Transfer,Shipped,223.16,2024,2024-01
TXN004481,CUST0163,PROD0062,2025-04-24,1,30.0,Debit Card,Processing,17.63,2025,2025-04
TXN004482,CUST0464,PROD0079,2025-06-10,5,40.0,Paypal,Returned,2491.47,2025,2025-06
TXN004483,CUST0080,PROD0052,2025-06-18,5,10.0,Cash,Processing,76.55,2025,2025-06
TXN004484,CUST0458,PROD0052,2025-12-04,1,30.0,Bank Transfer,Shipped,11.91,2025,2025-12
TXN004485,CUST0225,PROD0004,2024-01-02,2,40.0,Debit Card,Shipped,58.92,2024,2024-01
TXN004486,CUST0018,PROD0043,2025-01-31,6,30.0,Cash,Delivered,671.79,2025,2025-01
TXN004487,CUST0407,PROD0026,2024-01-01,6,30.0,Upi,Returned,297.7,2024,2024-01
TXN004488,CUST0242,PROD0074,2024-01-01,1,10.0,Paypal,Cancelled,291.55,2024,2024-01
TXN004489,CUST0460,PROD0016,2024-06-27,2,50.0,Credit Card,Cancelled,39.77,2024,2024-06
TXN004490,CUST0192,PROD0087,2025-12-03,1,30.0,Credit Card,Shipped,51.53,2025,2025-12
TXN004491,CUST0296,PROD0078,2024-03-28,5,20.0,Cash,Delivered,271.12,2024,2024-03
TXN004492,CUST0268,PROD0057,2024-01-03,1,40.0,Credit Card,Shipped,274.87,2024,2024-01
TXN004493,CUST0249,PROD0014,2025-01-10,1,40.0,Paypal,Shipped,10.48,2025,2025-01
TXN004494,CUST0371,PROD0008,2024-01-01,1,20.0,Upi,Cancelled,78.33,2024,2024-01
TXN004495,CUST0218,PROD0071,2025-08-15,6,40.0,Upi,Pending,2981.12,2025,2025-08
TXN004496,CUST0359,PROD0020,2025-10-25,4,5.0,Credit Card,Delivered,344.81,2025,2025-10
TXN004497,CUST0499,PROD0009,2024-04-03,5,0.0,Credit Card,Pending,946.35,2024,2024-04
TXN004498,CUST0027,PROD0014,2025-05-23,6,25.0,Credit Card,Processing,78.61,2025,2025-05
TXN004499,CUST0007,PROD0048,2024-01-01,3,20.0,Paypal,Processing,698.88,2024,2024-01
TXN004500,CUST0352,PROD0098,2025-10-03,6,60.0,Paypal,Delivered,604.32,2025,2025-10
TXN004501,CUST0042,PROD0002,2024-01-01,5,40.0,Credit Card,Pending,220.02,2024,2024-01
TXN004502,CUST0138,PROD0083,2025-04-16,6,25.0,Upi,Shipped,459.68,2025,2025-04
TXN004503,CUST0165,PROD0077,2025-04-07,3,20.0,Paypal,Delivered,81.84,2025,2025-04
TXN004504,CUST0078,PROD0050,2025-11-10,6,60.0,Bank Transfer,Processing,56.47,2025,2025-11
TXN004505,CUST0029,PROD0037,2024-01-01,3,5.0,Credit Card,Cancelled,87.92,2024,2024-01
TXN004506,CUST0226,PROD0038,2024-02-10,3,5.0,Upi,Cancelled,205.71,2024,2024-02
TXN004507,CUST0235,PROD0100,2025-09-19,4,30.0,Upi,Pending,311.39,2025,2025-09
TXN004508,CUST0195,PROD0069,2024-01-01,6,30.0,Credit Card,Delivered,234.32,2024,2024-01
TXN004509,CUST0176,PROD0064,2024-03-31,3,60.0,Credit Card,Delivered,64.75,2024,2024-03
TXN004510,CUST0267,PROD0039,2024-01-01,4,50.0,Cash,Shipped,112.3,2024,2024-01
TXN004511,CUST0141,PROD0035,2025-08-25,1,50.0,Credit Card,Cancelled,155.86,2025,2025-08
TXN004512,CUST0490,PROD0044,2025-05-30,2,20.0,Credit Card,Delivered,165.52,2025,2025-05
TXN004513,CUST0228,PROD0033,2024-09-28,1,60.0,Cash,Shipped,50.35,2024,2024-09
TXN004514,CUST0108,PROD0024,2024-09-21,2,25.0,Paypal,Pending,151.86,2024,2024-09
TXN004515,CUST0378,PROD0076,2024-01-01,1,5.0,Credit Card,Delivered,27.84,2024,2024-01
TXN004516,CUST0410,PROD0089,2024-03-13,3,30.0,Upi,Delivered,34.82,2024,2024-03
TXN004517,CUST0306,PROD0029,2024-06-18,2,25.0,Upi,Shipped,218.48,2024,2024-06
TXN004518,CUST0257,PROD0086,2024-08-02,6,40.0,Upi,Returned,3781.69,2024,2024-08
TXN004519,CUST0355,PROD0069,2024-01-09,2,10.0,Upi,Returned,100.42,2024,2024-01
TXN004520,CUST0080,PROD0045,2025-09-22,6,10.0,Unknown,Delivered,948.89,2025,2025-09
TXN004521,CUST0436,PROD0043,2024-01-01,2,60.0,Cash,Pending,127.96,2024,2024-01
TXN004522,CUST0472,PROD0071,2024-01-01,5,10.0,Debit Card,Returned,3726.4,2024,2024-01
TXN004523,CUST0241,PROD0088,2024-09-18,6,50.0,Bank Transfer,Pending,1083.57,2024,2024-09
TXN004524,CUST0157,PROD0050,2024-01-06,2,60.0,Upi,Pending,18.82,2024,2024-01
TXN004525,CUST0491,PROD0014,2025-05-08,5,20.0,Paypal,Processing,69.88,2025,2025-05
TXN004526,CUST0042,PROD0034,2025-03-16,4,10.0,Paypal,Delivered,538.42,2025,2025-03
TXN004527,CUST0275,PROD0007,2024-10-04,2,60.0,Paypal,Shipped,182.38,2024,2024-10
TXN004528,CUST0229,PROD0055,2025-09-26,5,60.0,Paypal,Pending,2100.8,2025,2025-09
TXN004529,CUST0482,PROD0061,2024-01-01,3,25.0,Cash,Returned,418.88,2024,2024-01
TXN004530,CUST0453,PROD0058,2024-10-28,2,20.0,Credit Card,Shipped,50.62,2024,2024-10
TXN004531,CUST0471,PROD0079,2024-05-19,5,15.0,Upi,Delivered,3529.58,2024,2024-05
TXN004532,CUST0354,PROD0043,2024-01-01,2,40.0,Credit Card,Shipped,191.94,2024,2024-01
TXN004533,CUST0358,PROD0075,2024-08-01,4,15.0,Cash,Delivered,138.21,2024,2024-08
TXN004534,CUST0057,PROD0020,2024-10-12,3,20.0,Paypal,Cancelled,217.78,2024,2024-10
TXN004535,CUST0217,PROD0093,2025-11-16,4,5.0,Debit Card,Delivered,1213.0,2025,2025-11
TXN004536,CUST0210,PROD0071,2024-01-01,6,10.0,Upi,Delivered,4471.69,2024,2024-01
TXN004537,CUST0495,PROD0060,2024-01-29,4,25.0,Bank Transfer,Delivered,749.73,2024,2024-01
TXN004538,CUST0444,PROD0041,2024-08-25,4,0.0,Paypal,Processing,408.6,2024,2024-08
TXN004539,CUST0473,PROD0039,2024-01-01,1,15.0,Paypal,Processing,47.73,2024,2024-01
TXN004540,CUST0414,PROD0084,2025-05-18,5,30.0,Paypal,Returned,592.48,2025,2025-05
TXN004541,CUST0153,PROD0059,2024-12-26,2,5.0,Debit Card,Processing,103.02,2024,2024-12
TXN004542,CUST0321,PROD0010,2024-08-02,6,0.0,Paypal,Processing,630.96,2024,2024-08
TXN004543,CUST0286,PROD0063,2024-01-01,4,30.0,Debit Card,Delivered,1237.1,2024,2024-01
TXN004544,CUST0357,PROD0039,2024-12-21,5,25.0,Cash,Shipped,210.56,2024,2024-12
TXN004545,CUST0193,PROD0030,2024-12-28,3,20.0,Debit Card,Delivered,145.85,2024,2024-12
TXN004546,CUST0085,PROD0081,2025-07-18,5,10.0,Credit Card,Processing,280.62,2025,2025-07
TXN004547,CUST0039,PROD0022,2025-11-09,6,50.0,Upi,Shipped,539.19,2025,2025-11
TXN004548,CUST0300,PROD0006,2024-11-19,3,30.0,Cash,Returned,506.71,2024,2024-11
TXN004549,CUST0090,PROD0069,2025-05-28,6,50.0,Bank Transfer,Pending,167.37,2025,2025-05
TXN004550,CUST0453,PROD0005,2024-01-01,1,15.0,Debit Card,Cancelled,53.01,2024,2024-01
TXN004551,CUST0430,PROD0087,2024-06-20,5,50.0,Paypal,Shipped,184.05,2024,2024-06
TXN004552,CUST0406,PROD0094,2024-06-20,6,10.0,Credit Card,Cancelled,556.52,2024,2024-06
TXN004553,CUST0445,PROD0056,2025-01-25,4,20.0,Paypal,Pending,1498.18,2025,2025-01
TXN004554,CUST0476,PROD0096,2024-01-01,4,10.0,Upi,Delivered,68.72,2024,2024-01
TXN004555,CUST0096,PROD0061,2024-05-27,4,30.0,Credit Card,Cancelled,521.28,2024,2024-05
TXN004556,CUST0077,PROD0001,2024-01-01,4,50.0,Upi,Returned,352.14,2024,2024-01
TXN004557,CUST0225,PROD0011,2024-01-01,2,50.0,Upi,Cancelled,80.76,2024,2024-01
TXN004558,CUST0137,PROD0082,2025-10-10,6,25.0,Paypal,Cancelled,459.68,2025,2025-10
TXN004559,CUST0218,PROD0023,2024-07-16,2,25.0,Paypal,Delivered,793.53,2024,2024-07
TXN004560,CUST0029,PROD0033,2024-12-04,3,50.0,Credit Card,Pending,188.8,2024,2024-12
TXN004561,CUST0112,PROD0008,2024-05-08,2,10.0,Paypal,Delivered,176.24,2024,2024-05
TXN004562,CUST0418,PROD0058,2024-01-24,6,10.0,Bank Transfer,Delivered,170.86,2024,2024-01
TXN004563,CUST0391,PROD0094,2024-06-05,3,25.0,Bank Transfer,Shipped,231.88,2024,2024-06
TXN004564,CUST0267,PROD0078,2024-01-01,2,60.0,Paypal,Pending,54.22,2024,2024-01
TXN004565,CUST0333,PROD0005,2024-01-01,1,30.0,Paypal,Shipped,43.66,2024,2024-01
TXN004566,CUST0185,PROD0075,2025-03-07,3,30.0,Paypal,Cancelled,85.36,2025,2025-03
TXN004567,CUST0271,PROD0051,2024-12-17,5,0.0,Bank Transfer,Returned,561.4,2024,2024-12
TXN004568,CUST0264,PROD0086,2024-09-27,6,30.0,Paypal,Cancelled,4411.97,2024,2024-09
TXN004569,CUST0107,PROD0024,2025-12-29,5,5.0,Paypal,Returned,480.89,2025,2025-12
TXN004570,CUST0279,PROD0078,2024-12-04,5,40.0,Paypal,Delivered,203.34,2024,2024-12
TXN004571,CUST0006,PROD0085,2024-01-01,2,60.0,Bank Transfer,Delivered,23.29,2024,2024-01
TXN004572,CUST0299,PROD0076,2025-11-24,2,30.0,Bank Transfer,Unknown,41.02,2025,2025-11
TXN004573,CUST0250,PROD0053,2024-01-01,5,60.0,Credit Card,Cancelled,88.38,2024,2024-01
TXN004574,CUST0031,PROD0011,2024-05-11,1,15.0,Upi,Delivered,68.65,2024,2024-05
TXN004575,CUST0356,PROD0016,2024-09-04,5,40.0,Debit Card,Shipped,119.31,2024,2024-09
TXN004576,CUST0074,PROD0070,2024-01-01,3,30.0,Cash,Delivered,151.96,2024,2024-01
TXN004577,CUST0165,PROD0071,2024-03-18,5,0.0,Debit Card,Delivered,4140.45,2024,2024-03
TXN004578,CUST0420,PROD0028,2024-01-01,3,15.0,Credit Card,Shipped,2282.53,2024,2024-01
TXN004579,CUST0235,PROD0003,2024-05-12,6,40.0,Paypal,Processing,130.0,2024,2024-05
TXN004580,CUST0262,PROD0099,2025-04-16,3,30.0,Credit Card,Shipped,81.27,2025,2025-04
TXN004581,CUST0338,PROD0080,2025-01-11,6,60.0,Bank Transfer,Delivered,448.87,2025,2025-01
TXN004582,CUST0492,PROD0064,2024-12-14,3,60.0,Credit Card,Delivered,64.75,2024,2024-12
TXN004583,CUST0014,PROD0044,2024-11-27,2,30.0,Paypal,Shipped,144.83,2024,2024-11
TXN004584,CUST0227,PROD0015,2024-11-03,3,20.0,Debit Card,Cancelled,160.25,2024,2024-11
TXN004585,CUST0320,PROD0045,2024-01-01,3,10.0,Credit Card,Processing,474.44,2024,2024-01
TXN004586,CUST0415,PROD0008,2025-04-09,5,50.0,Paypal,Shipped,244.77,2025,2025-04
TXN004587,CUST0202,PROD0084,2024-01-01,1,60.0,Paypal,Shipped,67.71,2024,2024-01
TXN004588,CUST0154,PROD0048,2025-05-18,6,20.0,Credit Card,Processing,1397.76,2025,2025-05
TXN004589,CUST0031,PROD0027,2024-02-11,2,40.0,Upi,Returned,108.61,2024,2024-02
TXN004590,CUST0238,PROD0026,2024-01-01,6,50.0,Paypal,Returned,212.64,2024,2024-01
TXN004591,CUST0487,PROD0008,2024-07-12,3,15.0,Paypal,Shipped,249.67,2024,2024-07
TXN004592,CUST0403,PROD0022,2024-01-01,1,10.0,Upi,Shipped,161.76,2024,2024-01
TXN004593,CUST0120,PROD0038,2025-10-21,5,20.0,Debit Card,Processing,288.72,2025,2025-10
TXN004594,CUST0409,PROD0092,2024-03-31,1,25.0,Paypal,Delivered,168.86,2024,2024-03
TXN004595,CUST0245,PROD0074,2024-11-20,5,0.0,Credit Card,Returned,1619.7,2024,2024-11
TXN004596,CUST0474,PROD0062,2025-09-14,1,10.0,Upi,Processing,22.66,2025,2025-09
TXN004597,CUST0167,PROD0039,2025-02-20,1,50.0,Debit Card,Shipped,28.08,2025,2025-02
TXN004598,CUST0105,PROD0039,2024-01-01,5,25.0,Paypal,Shipped,210.56,2024,2024-01
TXN004599,CUST0104,PROD0028,2024-01-01,5,30.0,Paypal,Pending,3132.88,2024,2024-01
TXN004600,CUST0219,PROD0070,2025-03-01,2,40.0,Upi,Returned,86.83,2025,2025-03
TXN004601,CUST0420,PROD0017,2024-04-28,2,0.0,Paypal,Shipped,214.26,2024,2024-04
TXN004602,CUST0453,PROD0090,2025-12-25,5,5.0,Upi,Delivered,699.91,2025,2025-12
TXN004603,CUST0048,PROD0038,2025-08-29,5,0.0,Paypal,Delivered,360.9,2025,2025-08
TXN004604,CUST0285,PROD0070,2025-10-22,6,5.0,Upi,Shipped,412.45,2025,2025-10
TXN004605,CUST0155,PROD0047,2024-06-10,1,60.0,Debit Card,Delivered,20.13,2024,2024-06
TXN004606,CUST0263,PROD0020,2024-01-01,2,15.0,Credit Card,Shipped,154.26,2024,2024-01
TXN004607,CUST0494,PROD0072,2024-01-01,1,40.0,Paypal,Cancelled,115.0,2024,2024-01
TXN004608,CUST0390,PROD0056,2025-10-03,4,0.0,Bank Transfer,Shipped,1872.72,2025,2025-10
TXN004609,CUST0467,PROD0062,2024-01-01,6,15.0,Cash,Shipped,128.42,2024,2024-01
TXN004610,CUST0317,PROD0015,2025-06-02,3,0.0,Credit Card,Delivered,200.31,2025,2025-06
TXN004611,CUST0058,PROD0031,2024-07-29,1,15.0,Bank Transfer,Returned,39.73,2024,2024-07
TXN004612,CUST0304,PROD0048,2025-03-16,4,5.0,Bank Transfer,Pending,1106.56,2025,2025-03
TXN004613,CUST0395,PROD0051,2024-01-01,6,40.0,Paypal,Delivered,404.21,2024,2024-01
TXN004614,CUST0385,PROD0091,2024-06-06,6,40.0,Paypal,Cancelled,2303.42,2024,2024-06
TXN004615,CUST0039,PROD0049,2024-08-01,4,0.0,Upi,Pending,519.12,2024,2024-08
TXN004616,CUST0492,PROD0083,2025-05-30,1,5.0,Credit Card,Delivered,97.04,2025,2025-05
TXN004617,CUST0395,PROD0089,2025-03-26,2,60.0,Upi,Cancelled,13.26,2025,2025-03
TXN004618,CUST0031,PROD0055,2025-02-12,1,0.0,Credit Card,Returned,1050.4,2025,2025-02
TXN004619,CUST0207,PROD0077,2025-02-10,3,60.0,Upi,Processing,40.92,2025,2025-02
TXN004620,CUST0393,PROD0032,2024-01-01,4,0.0,Credit Card,Pending,480.24,2024,2024-01
TXN004621,CUST0056,PROD0096,2025-11-28,5,0.0,Credit Card,Pending,95.45,2025,2025-11
TXN004622,CUST0444,PROD0009,2024-10-07,1,50.0,Upi,Cancelled,94.64,2024,2024-10
TXN004623,CUST0128,PROD0024,2024-08-09,2,0.0,Upi,Delivered,202.48,2024,2024-08
TXN004624,CUST0456,PROD0069,2024-01-01,3,50.0,Cash,Cancelled,83.68,2024,2024-01
TXN004625,CUST0320,PROD0084,2024-06-24,4,25.0,Credit Card,Pending,507.84,2024,2024-06
TXN004626,CUST0096,PROD0019,2025-06-21,5,10.0,Credit Card,Delivered,140.08,2025,2025-06
TXN004627,CUST0381,PROD0036,2024-01-01,1,15.0,Debit Card,Shipped,179.49,2024,2024-01
TXN004628,CUST0401,PROD0004,2024-08-07,5,10.0,Upi,Shipped,220.95,2024,2024-08
TXN004629,CUST0254,PROD0070,2025-07-28,5,40.0,Upi,Shipped,217.08,2025,2025-07
TXN004630,CUST0450,PROD0073,2025-10-12,2,15.0,Cash,Delivered,186.47,2025,2025-10
TXN004631,CUST0017,PROD0034,2024-01-01,4,20.0,Paypal,Delivered,478.59,2024,2024-01
TXN004632,CUST0266,PROD0040,2025-02-27,3,50.0,Upi,Pending,82.71,2025,2025-02
TXN004633,CUST0484,PROD0092,2024-09-29,4,15.0,Unknown,Shipped,765.51,2024,2024-09
TXN004634,CUST0067,PROD0005,2024-01-01,1,40.0,Credit Card,Delivered,37.42,2024,2024-01
TXN004635,CUST0456,PROD0022,2025-08-11,4,30.0,Credit Card,Shipped,503.24,2025,2025-08
TXN004636,CUST0134,PROD0046,2025-06-09,1,50.0,Debit Card,Shipped,92.21,2025,2025-06
TXN004637,CUST0384,PROD0100,2024-10-02,1,25.0,Paypal,Processing,83.41,2024,2024-10
TXN004638,CUST0279,PROD0015,2025-12-24,6,15.0,Upi,Shipped,340.53,2025,2025-12
TXN004639,CUST0038,PROD0054,2025-07-05,1,5.0,Bank Transfer,Shipped,184.45,2025,2025-07
TXN004640,CUST0470,PROD0004,2024-07-22,1,5.0,Cash,Processing,46.64,2024,2024-07
TXN004641,CUST0205,PROD0096,2024-01-01,3,25.0,Bank Transfer,Shipped,42.95,2024,2024-01
TXN004642,CUST0498,PROD0045,2024-01-01,3,30.0,Cash,Cancelled,369.01,2024,2024-01
TXN004643,CUST0195,PROD0065,2024-09-18,4,40.0,Debit Card,Returned,74.35,2024,2024-09
TXN004644,CUST0414,PROD0004,2024-07-22,6,20.0,Credit Card,Returned,235.68,2024,2024-07
TXN004645,CUST0174,PROD0073,2024-12-28,4,30.0,Credit Card,Delivered,307.13,2024,2024-12
TXN004646,CUST0119,PROD0001,2024-03-29,3,30.0,Paypal,Processing,369.75,2024,2024-03
TXN004647,CUST0255,PROD0100,2024-06-02,5,30.0,Paypal,Returned,389.23,2024,2024-06
TXN004648,CUST0352,PROD0017,2024-01-01,6,40.0,Upi,Shipped,385.67,2024,2024-01
TXN004649,CUST0409,PROD0068,2024-08-25,3,0.0,Credit Card,Pending,158.22,2024,2024-08
TXN004650,CUST0011,PROD0075,2024-07-17,1,60.0,Debit Card,Shipped,16.26,2024,2024-07
TXN004651,CUST0350,PROD0047,2024-02-03,1,5.0,Upi,Shipped,47.8,2024,2024-02
TXN004652,CUST0412,PROD0089,2024-09-22,2,20.0,Cash,Returned,26.53,2024,2024-09
TXN004653,CUST0288,PROD0035,2024-01-01,4,40.0,Credit Card,Delivered,748.15,2024,2024-01
TXN004654,CUST0354,PROD0054,2024-06-25,5,25.0,Credit Card,Shipped,728.1,2024,2024-06
TXN004655,CUST0157,PROD0024,2024-01-01,3,20.0,Upi,Shipped,242.98,2024,2024-01
TXN004656,CUST0295,PROD0043,2024-10-27,1,25.0,Credit Card,Shipped,119.96,2024,2024-10
TXN004657,CUST0067,PROD0061,2024-12-17,5,0.0,Credit Card,Shipped,930.85,2024,2024-12
TXN004658,CUST0213,PROD0096,2024-01-01,4,15.0,Bank Transfer,Returned,64.91,2024,2024-01
TXN004659,CUST0237,PROD0075,2025-11-09,6,25.0,Paypal,Cancelled,182.92,2025,2025-11
TXN004660,CUST0161,PROD0087,2024-04-30,6,15.0,Cash,Cancelled,375.46,2024,2024-04
TXN004661,CUST0422,PROD0021,2025-03-08,6,50.0,Paypal,Shipped,193.17,2025,2025-03
TXN004662,CUST0352,PROD0088,2024-01-01,1,40.0,Credit Card,Pending,216.71,2024,2024-01
TXN004663,CUST0285,PROD0014,2024-05-08,6,60.0,Bank Transfer,Delivered,41.93,2024,2024-05
TXN004664,CUST0230,PROD0052,2024-01-01,6,15.0,Credit Card,Returned,86.75,2024,2024-01
TXN004665,CUST0448,PROD0100,2025-08-02,5,20.0,Debit Card,Returned,444.84,2025,2025-08
TXN004666,CUST0089,PROD0081,2025-12-23,2,25.0,Credit Card,Processing,93.54,2025,2025-12
TXN004667,CUST0404,PROD0070,2024-07-25,2,40.0,Paypal,Pending,86.83,2024,2024-07
TXN004668,CUST0366,PROD0046,2025-02-19,4,60.0,Cash,Shipped,295.07,2025,2025-02
TXN004669,CUST0338,PROD0027,2024-01-01,4,25.0,Upi,Returned,271.53,2024,2024-01
TXN004670,CUST0327,PROD0059,2025-12-29,1,5.0,Credit Card,Processing,51.51,2025,2025-12
TXN004671,CUST0453,PROD0094,2024-03-07,4,25.0,Cash,Returned,309.18,2024,2024-03
TXN004672,CUST0038,PROD0093,2024-01-03,6,60.0,Debit Card,Shipped,766.1,2024,2024-01
TXN004673,CUST0214,PROD0016,2024-03-18,4,20.0,Bank Transfer,Shipped,127.26,2024,2024-03
TXN004674,CUST0365,PROD0084,2024-03-24,5,50.0,Upi,Delivered,423.2,2024,2024-03
TXN004675,CUST0389,PROD0074,2024-01-01,3,10.0,Bank Transfer,Pending,874.64,2024,2024-01
TXN004676,CUST0109,PROD0094,2024-01-01,5,25.0,Paypal,Cancelled,386.48,2024,2024-01
TXN004677,CUST0255,PROD0093,2025-11-16,3,50.0,Paypal,Pending,478.81,2025,2025-11
TXN004678,CUST0003,PROD0008,2025-04-25,5,5.0,Paypal,Delivered,465.07,2025,2025-04
TXN004679,CUST0125,PROD0023,2024-12-08,2,5.0,Cash,Delivered,1005.14,2024,2024-12
TXN004680,CUST0282,PROD0021,2024-06-18,4,60.0,Credit Card,Shipped,103.02,2024,2024-06
TXN004681,CUST0341,PROD0052,2025-02-25,1,10.0,Cash,Shipped,15.31,2025,2025-02
TXN004682,CUST0185,PROD0093,2024-07-27,2,60.0,Credit Card,Pending,255.37,2024,2024-07
TXN004683,CUST0033,PROD0053,2024-01-01,6,50.0,Paypal,Shipped,132.57,2024,2024-01
TXN004684,CUST0394,PROD0092,2024-01-02,2,40.0,Credit Card,Delivered,270.18,2024,2024-01
TXN004685,CUST0229,PROD0006,2024-09-08,5,0.0,Cash,Shipped,1206.45,2024,2024-09
TXN004686,CUST0471,PROD0092,2024-01-01,5,15.0,Paypal,Delivered,956.89,2024,2024-01
TXN004687,CUST0256,PROD0097,2025-12-24,5,50.0,Upi,Returned,91.68,2025,2025-12
TXN004688,CUST0259,PROD0035,2025-08-31,6,30.0,Paypal,Returned,1309.27,2025,2025-08
TXN004689,CUST0277,PROD0057,2025-02-23,2,60.0,Upi,Delivered,366.5,2025,2025-02
TXN004690,CUST0031,PROD0061,2024-01-01,3,25.0,Upi,Delivered,418.88,2024,2024-01
TXN004691,CUST0227,PROD0018,2025-03-13,4,25.0,Bank Transfer,Shipped,355.14,2025,2025-03
TXN004692,CUST0396,PROD0077,2024-01-01,5,5.0,Paypal,Returned,161.98,2024,2024-01
TXN004693,CUST0256,PROD0062,2025-08-14,1,0.0,Upi,Returned,25.18,2025,2025-08
TXN004694,CUST0171,PROD0098,2024-05-15,1,10.0,Upi,Processing,226.62,2024,2024-05
TXN004695,CUST0204,PROD0079,2024-08-19,2,10.0,Upi,Returned,1494.88,2024,2024-08
TXN004696,CUST0177,PROD0022,2025-01-15,2,15.0,Credit Card,Delivered,305.54,2025,2025-01
TXN004697,CUST0237,PROD0097,2024-01-01,6,30.0,Upi,Delivered,154.01,2024,2024-01
TXN004698,CUST0045,PROD0056,2025-06-11,2,10.0,Bank Transfer,Pending,842.72,2025,2025-06
TXN004699,CUST0205,PROD0096,2025-05-05,1,10.0,Credit Card,Unknown,17.18,2025,2025-05
TXN004700,CUST0247,PROD0098,2025-10-10,5,0.0,Credit Card,Delivered,1259.0,2025,2025-10
TXN004701,CUST0431,PROD0027,2025-02-13,4,60.0,Upi,Cancelled,144.82,2025,2025-02
TXN004702,CUST0070,PROD0064,2025-03-20,2,20.0,Paypal,Processing,86.34,2025,2025-03
TXN004703,CUST0273,PROD0046,2025-12-14,2,50.0,Upi,Pending,184.42,2025,2025-12
TXN004704,CUST0072,PROD0029,2024-01-01,2,10.0,Credit Card,Cancelled,262.17,2024,2024-01
TXN004705,CUST0053,PROD0005,2024-08-26,6,40.0,Credit Card,Delivered,224.53,2024,2024-08
TXN004706,CUST0279,PROD0089,2025-08-21,2,15.0,Bank Transfer,Delivered,28.19,2025,2025-08
TXN004707,CUST0105,PROD0096,2025-04-01,3,15.0,Upi,Cancelled,48.68,2025,2025-04
TXN004708,CUST0455,PROD0098,2024-01-01,1,50.0,Cash,Cancelled,125.9,2024,2024-01
TXN004709,CUST0274,PROD0036,2024-01-01,6,5.0,Paypal,Delivered,1203.61,2024,2024-01
TXN004710,CUST0331,PROD0063,2025-07-14,1,20.0,Paypal,Cancelled,353.46,2025,2025-07
TXN004711,CUST0226,PROD0013,2024-01-01,6,25.0,Debit Card,Pending,390.42,2024,2024-01
TXN004712,CUST0487,PROD0054,2025-08-08,4,50.0,Credit Card,Shipped,388.32,2025,2025-08
TXN004713,CUST0152,PROD0048,2025-12-23,3,20.0,Paypal,Shipped,698.88,2025,2025-12
TXN004714,CUST0189,PROD0063,2025-11-12,5,15.0,Paypal,Processing,1877.74,2025,2025-11
TXN004715,CUST0223,PROD0038,2024-01-31,2,10.0,Paypal,Cancelled,129.92,2024,2024-01
TXN004716,CUST0332,PROD0078,2025-03-14,5,25.0,Upi,Returned,254.18,2025,2025-03
TXN004717,CUST0372,PROD0017,2025-06-22,2,60.0,Credit Card,Cancelled,85.7,2025,2025-06
TXN004718,CUST0309,PROD0059,2024-01-01,4,50.0,Upi,Cancelled,108.44,2024,2024-01
TXN004719,CUST0042,PROD0089,2024-01-01,2,10.0,Debit Card,Delivered,29.84,2024,2024-01
TXN004720,CUST0388,PROD0075,2025-11-21,3,25.0,Debit Card,Delivered,91.46,2025,2025-11
TXN004721,CUST0066,PROD0043,2024-01-12,4,30.0,Cash,Shipped,447.86,2024,2024-01
TXN004722,CUST0327,PROD0086,2024-02-07,6,40.0,Upi,Returned,3781.69,2024,2024-02
TXN004723,CUST0254,PROD0054,2025-04-27,3,60.0,Cash,Shipped,232.99,2025,2025-04
TXN004724,CUST0127,PROD0019,2025-07-26,3,60.0,Debit Card,Delivered,37.36,2025,2025-07
TXN004725,CUST0119,PROD0068,2024-01-01,3,10.0,Paypal,Shipped,142.4,2024,2024-01
TXN004726,CUST0087,PROD0020,2024-01-01,3,60.0,Upi,Cancelled,108.89,2024,2024-01
TXN004727,CUST0465,PROD0087,2025-03-28,2,60.0,Upi,Cancelled,58.9,2025,2025-03
TXN004728,CUST0306,PROD0078,2024-09-20,3,60.0,Bank Transfer,Delivered,81.34,2024,2024-09
TXN004729,CUST0103,PROD0072,2025-07-30,3,20.0,Upi,Delivered,460.01,2025,2025-07
TXN004730,CUST0223,PROD0100,2024-01-01,3,15.0,Debit Card,Pending,283.59,2024,2024-01
TXN004731,CUST0030,PROD0066,2025-05-17,1,0.0,Paypal,Shipped,92.15,2025,2025-05
TXN004732,CUST0009,PROD0085,2024-01-01,4,15.0,Upi,Shipped,98.97,2024,2024-01
TXN004733,CUST0114,PROD0088,2024-06-20,6,30.0,Paypal,Cancelled,1517.0,2024,2024-06
TXN004734,CUST0369,PROD0091,2024-07-09,6,15.0,Bank Transfer,Pending,3263.18,2024,2024-07
TXN004735,CUST0138,PROD0073,2024-08-06,1,30.0,Upi,Delivered,76.78,2024,2024-08
TXN004736,CUST0409,PROD0013,2025-08-17,1,60.0,Credit Card,Returned,34.7,2025,2025-08
TXN004737,CUST0281,PROD0067,2025-03-17,6,0.0,Paypal,Cancelled,612.9,2025,2025-03
TXN004738,CUST0500,PROD0096,2024-06-06,3,20.0,Paypal,Cancelled,45.82,2024,2024-06
TXN004739,CUST0341,PROD0061,2024-01-01,5,25.0,Bank Transfer,Shipped,698.14,2024,2024-01
TXN004740,CUST0248,PROD0056,2024-02-29,6,0.0,Upi,Pending,2809.08,2024,2024-02
TXN004741,CUST0050,PROD0054,2024-01-01,6,25.0,Cash,Shipped,873.72,2024,2024-01
TXN004742,CUST0008,PROD0037,2024-12-24,2,20.0,Upi,Shipped,49.36,2024,2024-12
TXN004743,CUST0493,PROD0074,2024-01-01,4,15.0,Upi,Pending,1101.4,2024,2024-01
TXN004744,CUST0394,PROD0071,2024-02-28,6,25.0,Paypal,Delivered,3726.4,2024,2024-02
TXN004745,CUST0338,PROD0043,2025-02-02,3,5.0,Cash,Cancelled,455.86,2025,2025-02
TXN004746,CUST0227,PROD0070,2024-01-01,4,40.0,Unknown,Cancelled,173.66,2024,2024-01
TXN004747,CUST0228,PROD0036,2024-09-08,3,0.0,Upi,Delivered,633.48,2024,2024-09
TXN004748,CUST0317,PROD0028,2025-05-30,4,10.0,Credit Card,Delivered,3222.4,2025,2025-05
TXN004749,CUST0077,PROD0031,2024-02-16,5,60.0,Upi,Returned,93.48,2024,2024-02
TXN004750,CUST0202,PROD0078,2025-10-17,3,15.0,Bank Transfer,Cancelled,172.84,2025,2025-10
TXN004751,CUST0184,PROD0033,2025-06-25,5,25.0,Paypal,Shipped,472.01,2025,2025-06
TXN004752,CUST0096,PROD0014,2024-01-01,4,0.0,Upi,Pending,69.88,2024,2024-01
TXN004753,CUST0033,PROD0001,2024-01-01,1,25.0,Credit Card,Returned,132.05,2024,2024-01
TXN004754,CUST0215,PROD0080,2024-10-24,4,0.0,Bank Transfer,Delivered,748.12,2024,2024-10
TXN004755,CUST0109,PROD0062,2025-02-16,4,20.0,Paypal,Shipped,80.58,2025,2025-02
TXN004756,CUST0377,PROD0075,2024-05-05,6,5.0,Upi,Shipped,231.7,2024,2024-05
TXN004757,CUST0096,PROD0023,2024-04-28,1,15.0,Upi,Delivered,449.67,2024,2024-04
TXN004758,CUST0180,PROD0071,2025-02-22,5,5.0,Credit Card,Delivered,3933.43,2025,2025-02
TXN004759,CUST0404,PROD0039,2024-05-05,5,60.0,Upi,Cancelled,112.3,2024,2024-05
TXN004760,CUST0111,PROD0048,2024-01-01,4,30.0,Credit Card,Shipped,815.36,2024,2024-01
TXN004761,CUST0418,PROD0029,2025-06-11,3,0.0,Credit Card,Processing,436.95,2025,2025-06
TXN004762,CUST0301,PROD0044,2025-05-08,5,0.0,Debit Card,Delivered,517.25,2025,2025-05
TXN004763,CUST0036,PROD0024,2024-01-01,4,5.0,Cash,Shipped,384.71,2024,2024-01
TXN004764,CUST0467,PROD0048,2025-07-26,4,5.0,Bank Transfer,Shipped,1106.56,2025,2025-07
TXN004765,CUST0098,PROD0052,2025-10-02,3,0.0,Credit Card,Delivered,51.03,2025,2025-10
TXN004766,CUST0062,PROD0074,2024-04-07,6,60.0,Upi,Shipped,777.46,2024,2024-04
TXN004767,CUST0273,PROD0057,2024-01-01,4,40.0,Debit Card,Pending,1099.49,2024,2024-01
TXN004768,CUST0004,PROD0069,2024-01-12,3,60.0,Paypal,Cancelled,66.95,2024,2024-01
TXN004769,CUST0363,PROD0021,2025-07-25,3,0.0,Paypal,Shipped,193.17,2025,2025-07
TXN004770,CUST0308,PROD0055,2024-03-26,5,15.0,Upi,Processing,4464.2,2024,2024-03
TXN004771,CUST0039,PROD0098,2024-07-18,5,25.0,Paypal,Processing,944.25,2024,2024-07
TXN004772,CUST0022,PROD0073,2024-09-28,6,0.0,Upi,Pending,658.14,2024,2024-09
TXN004773,CUST0447,PROD0087,2024-03-15,4,25.0,Cash,Delivered,220.86,2024,2024-03
TXN004774,CUST0198,PROD0020,2024-01-01,5,0.0,Upi,Shipped,453.7,2024,2024-01
TXN004775,CUST0055,PROD0009,2025-12-08,4,10.0,Credit Card,Cancelled,681.37,2025,2025-12
TXN004776,CUST0470,PROD0008,2025-02-01,3,5.0,Upi,Delivered,279.04,2025,2025-02
TXN004777,CUST0252,PROD0087,2024-01-01,1,5.0,Cash,Shipped,69.94,2024,2024-01
TXN004778,CUST0025,PROD0083,2024-03-05,1,5.0,Paypal,Cancelled,97.04,2024,2024-03
TXN004779,CUST0448,PROD0087,2025-09-21,2,15.0,Credit Card,Processing,125.15,2025,2025-09
TXN004780,CUST0167,PROD0046,2025-08-20,5,40.0,Paypal,Delivered,553.26,2025,2025-08
TXN004781,CUST0220,PROD0020,2024-01-01,3,25.0,Upi,Shipped,204.16,2024,2024-01
TXN004782,CUST0434,PROD0003,2025-08-19,4,5.0,Upi,Delivered,137.22,2025,2025-08
TXN004783,CUST0496,PROD0037,2025-01-02,3,10.0,Debit Card,Shipped,83.3,2025,2025-01
TXN004784,CUST0073,PROD0097,2024-02-20,4,0.0,Cash,Shipped,146.68,2024,2024-02
TXN004785,CUST0208,PROD0036,2024-01-01,5,0.0,Bank Transfer,Returned,1055.8,2024,2024-01
TXN004786,CUST0383,PROD0053,2024-02-13,6,5.0,Paypal,Shipped,251.88,2024,2024-02
TXN004787,CUST0132,PROD0005,2025-07-19,3,30.0,Credit Card,Returned,130.98,2025,2025-07
TXN004788,CUST0144,PROD0073,2024-01-01,4,0.0,Credit Card,Delivered,438.76,2024,2024-01
TXN004789,CUST0212,PROD0017,2025-12-09,3,25.0,Upi,Shipped,241.04,2025,2025-12
TXN004790,CUST0305,PROD0072,2024-08-13,5,50.0,Credit Card,Delivered,479.17,2024,2024-08
TXN004791,CUST0250,PROD0034,2024-05-25,3,5.0,Bank Transfer,Processing,426.25,2024,2024-05
TXN004792,CUST0341,PROD0080,2025-11-04,3,60.0,Credit Card,Pending,224.44,2025,2025-11
TXN004793,CUST0477,PROD0084,2025-03-29,2,25.0,Upi,Returned,253.92,2025,2025-03
TXN004794,CUST0233,PROD0052,2024-01-01,1,60.0,Credit Card,Cancelled,6.8,2024,2024-01
TXN004795,CUST0023,PROD0013,2024-01-01,4,10.0,Cash,Shipped,312.34,2024,2024-01
TXN004796,CUST0064,PROD0061,2024-01-01,6,30.0,Cash,Delivered,781.91,2024,2024-01
TXN004797,CUST0299,PROD0002,2024-05-17,4,10.0,Paypal,Shipped,264.02,2024,2024-05
TXN004798,CUST0044,PROD0016,2025-02-03,2,50.0,Upi,Shipped,39.77,2025,2025-02
TXN004799,CUST0005,PROD0099,2024-07-13,5,50.0,Paypal,Returned,96.75,2024,2024-07
TXN004800,CUST0414,PROD0052,2025-07-15,6,30.0,Paypal,Delivered,71.44,2025,2025-07
TXN004801,CUST0064,PROD0051,2025-01-13,2,40.0,Paypal,Returned,134.74,2025,2025-01
TXN004802,CUST0023,PROD0021,2024-01-01,4,10.0,Upi,Shipped,231.8,2024,2024-01
TXN004803,CUST0368,PROD0019,2024-11-26,3,10.0,Upi,Delivered,84.05,2024,2024-11
TXN004804,CUST0078,PROD0044,2025-02-03,1,50.0,Credit Card,Returned,51.72,2025,2025-02
TXN004805,CUST0308,PROD0050,2024-03-05,2,5.0,Credit Card,Delivered,44.71,2024,2024-03
TXN004806,CUST0174,PROD0099,2024-06-02,6,25.0,Upi,Delivered,174.15,2024,2024-06
TXN004807,CUST0102,PROD0099,2024-01-01,6,5.0,Cash,Returned,220.59,2024,2024-01
TXN004808,CUST0191,PROD0053,2024-01-18,5,60.0,Upi,Returned,88.38,2024,2024-01
TXN004809,CUST0340,PROD0020,2024-01-01,2,5.0,Credit Card,Shipped,172.41,2024,2024-01
TXN004810,CUST0453,PROD0019,2025-08-15,3,15.0,Debit Card,Returned,79.38,2025,2025-08
TXN004811,CUST0466,PROD0090,2024-01-01,3,0.0,Cash,Pending,442.05,2024,2024-01
TXN004812,CUST0263,PROD0029,2024-09-28,2,40.0,Paypal,Processing,174.78,2024,2024-09
TXN004813,CUST0353,PROD0039,2024-02-16,1,5.0,Upi,Processing,53.34,2024,2024-02
TXN004814,CUST0117,PROD0012,2024-08-10,5,60.0,Cash,Shipped,153.18,2024,2024-08
TXN004815,CUST0258,PROD0014,2025-10-30,1,60.0,Upi,Processing,6.99,2025,2025-10
TXN004816,CUST0442,PROD0040,2024-01-01,3,40.0,Cash,Shipped,99.25,2024,2024-01
TXN004817,CUST0416,PROD0028,2025-11-26,3,50.0,Paypal,Pending,1342.66,2025,2025-11
TXN004818,CUST0498,PROD0037,2024-01-01,4,15.0,Bank Transfer,Processing,104.89,2024,2024-01
TXN004819,CUST0101,PROD0096,2025-05-20,2,25.0,Bank Transfer,Returned,28.64,2025,2025-05
TXN004820,CUST0383,PROD0024,2024-05-11,3,15.0,Credit Card,Shipped,258.16,2024,2024-05
TXN004821,CUST0035,PROD0060,2025-06-23,5,10.0,Cash,Delivered,1124.6,2025,2025-06
TXN004822,CUST0170,PROD0006,2024-09-12,3,25.0,Upi,Processing,542.9,2024,2024-09
TXN004823,CUST0262,PROD0061,2024-01-01,3,40.0,Upi,Pending,335.11,2024,2024-01
TXN004824,CUST0223,PROD0049,2025-01-22,1,50.0,Paypal,Pending,64.89,2025,2025-01
TXN004825,CUST0154,PROD0042,2025-12-24,5,40.0,Debit Card,Processing,156.18,2025,2025-12
TXN004826,CUST0029,PROD0081,2025-04-28,2,5.0,Upi,Unknown,118.48,2025,2025-04
TXN004827,CUST0285,PROD0047,2025-09-10,1,25.0,Paypal,Shipped,37.74,2025,2025-09
TXN004828,CUST0066,PROD0013,2024-01-01,1,40.0,Bank Transfer,Shipped,52.06,2024,2024-01
TXN004829,CUST0132,PROD0034,2024-01-01,6,5.0,Credit Card,Shipped,852.49,2024,2024-01
TXN004830,CUST0042,PROD0036,2024-01-01,2,60.0,Upi,Returned,168.93,2024,2024-01
TXN004831,CUST0181,PROD0091,2025-04-17,3,15.0,Upi,Shipped,1631.59,2025,2025-04
TXN004832,CUST0305,PROD0079,2025-05-05,1,25.0,Upi,Cancelled,622.87,2025,2025-05
TXN004833,CUST0420,PROD0032,2024-10-10,4,10.0,Upi,Pending,432.22,2024,2024-10
TXN004834,CUST0015,PROD0012,2024-01-26,6,15.0,Bank Transfer,Cancelled,390.61,2024,2024-01
TXN004835,CUST0151,PROD0039,2025-09-06,4,25.0,Cash,Delivered,168.45,2025,2025-09
TXN004836,CUST0417,PROD0071,2025-02-27,1,50.0,Cash,Shipped,414.04,2025,2025-02
TXN004837,CUST0429,PROD0061,2024-01-01,1,10.0,Debit Card,Delivered,167.55,2024,2024-01
TXN004838,CUST0294,PROD0076,2024-06-06,5,20.0,Upi,Pending,117.2,2024,2024-06
TXN004839,CUST0224,PROD0029,2025-06-11,4,20.0,Credit Card,Cancelled,466.08,2025,2025-06
TXN004840,CUST0110,PROD0016,2024-01-01,2,15.0,Credit Card,Returned,67.61,2024,2024-01
TXN004841,CUST0286,PROD0006,2025-03-25,3,40.0,Upi,Shipped,434.32,2025,2025-03
TXN004842,CUST0160,PROD0094,2025-06-21,4,50.0,Paypal,Returned,206.12,2025,2025-06
TXN004843,CUST0236,PROD0061,2025-05-23,1,40.0,Credit Card,Cancelled,111.7,2025,2025-05
TXN004844,CUST0207,PROD0050,2024-01-01,4,25.0,Credit Card,Pending,70.59,2024,2024-01
TXN004845,CUST0194,PROD0092,2024-01-01,5,10.0,Debit Card,Processing,1013.18,2024,2024-01
TXN004846,CUST0404,PROD0088,2025-10-22,2,5.0,Upi,Shipped,686.26,2025,2025-10
TXN004847,CUST0443,PROD0069,2024-06-17,5,20.0,Paypal,Processing,223.16,2024,2024-06
TXN004848,CUST0219,PROD0034,2025-12-26,3,15.0,Upi,Delivered,381.38,2025,2025-12
TXN004849,CUST0465,PROD0039,2025-01-03,5,30.0,Paypal,Delivered,196.52,2025,2025-01
TXN004850,CUST0461,PROD0052,2025-02-14,4,25.0,Bank Transfer,Delivered,51.03,2025,2025-02
TXN004851,CUST0119,PROD0013,2024-01-01,3,20.0,Upi,Delivered,208.22,2024,2024-01
TXN004852,CUST0267,PROD0094,2024-10-10,5,5.0,Debit Card,Returned,489.53,2024,2024-10
TXN004853,CUST0441,PROD0056,2024-12-25,3,20.0,Paypal,Shipped,1123.63,2024,2024-12
TXN004854,CUST0015,PROD0050,2024-08-28,5,5.0,Paypal,Delivered,111.77,2024,2024-08
TXN004855,CUST0158,PROD0072,2025-12-28,2,30.0,Bank Transfer,Shipped,268.34,2025,2025-12
TXN004856,CUST0043,PROD0089,2025-02-24,3,60.0,Credit Card,Delivered,19.9,2025,2025-02
TXN004857,CUST0378,PROD0071,2025-10-02,3,60.0,Bank Transfer,Processing,993.71,2025,2025-10
TXN004858,CUST0038,PROD0080,2024-01-01,5,15.0,Debit Card,Cancelled,794.88,2024,2024-01
TXN004859,CUST0391,PROD0053,2024-07-17,4,25.0,Unknown,Processing,132.57,2024,2024-07
TXN004860,CUST0251,PROD0052,2025-04-17,5,40.0,Paypal,Pending,51.03,2025,2025-04
TXN004861,CUST0188,PROD0073,2024-08-02,5,30.0,Debit Card,Cancelled,383.92,2024,2024-08
TXN004862,CUST0427,PROD0100,2024-01-01,4,20.0,Debit Card,Delivered,355.87,2024,2024-01
TXN004863,CUST0113,PROD0100,2025-07-22,5,50.0,Bank Transfer,Processing,278.02,2025,2025-07
TXN004864,CUST0222,PROD0063,2024-05-13,2,60.0,Credit Card,Pending,353.46,2024,2024-05
TXN004865,CUST0435,PROD0052,2024-01-01,1,0.0,Debit Card,Shipped,17.01,2024,2024-01
TXN004866,CUST0042,PROD0029,2025-09-16,3,20.0,Cash,Delivered,349.56,2025,2025-09
TXN004867,CUST0158,PROD0037,2024-07-06,2,30.0,Bank Transfer,Pending,43.19,2024,2024-07
TXN004868,CUST0317,PROD0021,2024-03-17,5,60.0,Credit Card,Shipped,128.78,2024,2024-03
TXN004869,CUST0002,PROD0093,2025-06-21,1,30.0,Bank Transfer,Pending,223.45,2025,2025-06
TXN004870,CUST0361,PROD0078,2024-01-19,6,60.0,Debit Card,Delivered,162.67,2024,2024-01
TXN004871,CUST0464,PROD0062,2024-08-17,6,0.0,Upi,Pending,151.08,2024,2024-08
TXN004872,CUST0314,PROD0074,2024-01-01,6,15.0,Upi,Pending,1652.09,2024,2024-01
TXN004873,CUST0093,PROD0005,2024-01-01,4,5.0,Credit Card,Processing,237.01,2024,2024-01
TXN004874,CUST0390,PROD0025,2025-04-14,4,20.0,Upi,Processing,2526.3,2025,2025-04
TXN004875,CUST0030,PROD0047,2025-06-05,5,60.0,Paypal,Processing,100.64,2025,2025-06
TXN004876,CUST0459,PROD0035,2025-01-06,4,5.0,Credit Card,Delivered,1184.57,2025,2025-01
TXN004877,CUST0469,PROD0088,2025-03-30,2,10.0,Paypal,Pending,650.14,2025,2025-03
TXN004878,CUST0004,PROD0016,2024-04-28,3,20.0,Debit Card,Pending,95.45,2024,2024-04
TXN004879,CUST0347,PROD0064,2024-01-01,2,30.0,Credit Card,Shipped,75.54,2024,2024-01
TXN004880,CUST0261,PROD0044,2025-02-20,5,50.0,Cash,Shipped,258.62,2025,2025-02
TXN004881,CUST0387,PROD0009,2024-02-05,3,60.0,Paypal,Cancelled,227.12,2024,2024-02
TXN004882,CUST0483,PROD0045,2025-05-27,4,60.0,Bank Transfer,Cancelled,281.15,2025,2025-05
TXN004883,CUST0486,PROD0090,2024-07-18,3,20.0,Paypal,Delivered,353.64,2024,2024-07
TXN004884,CUST0087,PROD0049,2024-01-01,4,30.0,Paypal,Shipped,363.38,2024,2024-01
TXN004885,CUST0454,PROD0098,2024-12-25,4,20.0,Credit Card,Pending,805.76,2024,2024-12
TXN004886,CUST0336,PROD0095,2024-01-01,5,20.0,Bank Transfer,Pending,641.76,2024,2024-01
TXN004887,CUST0382,PROD0011,2024-12-23,6,15.0,Bank Transfer,Pending,411.88,2024,2024-12
TXN004888,CUST0465,PROD0033,2024-11-23,1,10.0,Bank Transfer,Delivered,113.28,2024,2024-11
TXN004889,CUST0397,PROD0047,2024-09-04,4,10.0,Credit Card,Returned,181.15,2024,2024-09
TXN004890,CUST0348,PROD0096,2025-06-20,4,25.0,Upi,Returned,57.27,2025,2025-06
TXN004891,CUST0171,PROD0004,2024-08-30,3,20.0,Cash,Delivered,117.84,2024,2024-08
TXN004892,CUST0396,PROD0062,2025-06-21,3,15.0,Cash,Cancelled,64.21,2025,2025-06
TXN004893,CUST0102,PROD0094,2024-01-01,4,60.0,Upi,Processing,164.9,2024,2024-01
TXN004894,CUST0370,PROD0078,2024-05-03,4,60.0,Upi,Returned,108.45,2024,2024-05
TXN004895,CUST0500,PROD0095,2024-01-01,6,20.0,Credit Card,Pending,770.11,2024,2024-01
TXN004896,CUST0114,PROD0059,2024-01-01,3,5.0,Credit Card,Delivered,154.53,2024,2024-01
TXN004897,CUST0370,PROD0050,2024-08-11,6,20.0,Credit Card,Delivered,112.94,2024,2024-08
TXN004898,CUST0053,PROD0006,2024-05-24,3,50.0,Upi,Pending,361.94,2024,2024-05
TXN004899,CUST0324,PROD0075,2025-03-18,2,20.0,Upi,Pending,65.04,2025,2025-03
TXN004900,CUST0144,PROD0083,2024-01-01,6,30.0,Upi,Delivered,429.03,2024,2024-01
TXN004901,CUST0127,PROD0028,2024-05-19,2,60.0,Paypal,Returned,716.09,2024,2024-05
TXN004902,CUST0058,PROD0043,2025-08-31,1,60.0,Bank Transfer,Shipped,63.98,2025,2025-08
TXN004903,CUST0028,PROD0012,2024-01-22,6,40.0,Upi,Delivered,275.72,2024,2024-01
TXN004904,CUST0248,PROD0069,2024-04-22,5,25.0,Debit Card,Shipped,209.21,2024,2024-04
TXN004905,CUST0154,PROD0067,2024-09-25,4,40.0,Paypal,Cancelled,245.16,2024,2024-09
TXN004906,CUST0266,PROD0026,2024-01-01,4,5.0,Bank Transfer,Returned,269.34,2024,2024-01
TXN004907,CUST0111,PROD0042,2024-01-01,3,20.0,Paypal,Cancelled,124.94,2024,2024-01
TXN004908,CUST0438,PROD0044,2024-01-24,6,10.0,Upi,Delivered,558.63,2024,2024-01
TXN004909,CUST0096,PROD0098,2025-04-23,6,30.0,Cash,Pending,1057.56,2025,2025-04
TXN004910,CUST0172,PROD0056,2025-04-26,4,5.0,Cash,Shipped,1779.08,2025,2025-04
TXN004911,CUST0483,PROD0021,2025-09-06,2,30.0,Debit Card,Cancelled,90.15,2025,2025-09
TXN004912,CUST0292,PROD0015,2024-05-10,4,40.0,Bank Transfer,Delivered,160.25,2024,2024-05
TXN004913,CUST0307,PROD0083,2024-01-01,3,5.0,Upi,Cancelled,291.13,2024,2024-01
TXN004914,CUST0256,PROD0053,2024-01-01,1,25.0,Cash,Delivered,33.14,2024,2024-01
TXN004915,CUST0251,PROD0075,2024-03-08,6,30.0,Credit Card,Shipped,170.73,2024,2024-03
TXN004916,CUST0454,PROD0004,2025-03-13,1,40.0,Credit Card,Pending,29.46,2025,2025-03
TXN004917,CUST0271,PROD0027,2024-01-01,3,20.0,Paypal,Returned,217.22,2024,2024-01
TXN004918,CUST0263,PROD0026,2024-01-11,3,50.0,Credit Card,Pending,106.32,2024,2024-01
TXN004919,CUST0110,PROD0056,2024-12-02,3,0.0,Bank Transfer,Returned,1404.54,2024,2024-12
TXN004920,CUST0318,PROD0017,2025-05-05,5,0.0,Credit Card,Cancelled,535.65,2025,2025-05
TXN004921,CUST0061,PROD0058,2024-01-01,2,30.0,Bank Transfer,Cancelled,44.3,2024,2024-01
TXN004922,CUST0379,PROD0011,2025-03-14,6,50.0,Credit Card,Returned,242.28,2025,2025-03
TXN004923,CUST0486,PROD0034,2024-09-30,5,50.0,Credit Card,Cancelled,373.9,2024,2024-09
TXN004924,CUST0013,PROD0026,2024-07-09,1,40.0,Credit Card,Shipped,42.53,2024,2024-07
TXN004925,CUST0003,PROD0092,2024-12-16,4,60.0,Credit Card,Shipped,360.24,2024,2024-12
TXN004926,CUST0381,PROD0047,2024-06-11,6,0.0,Paypal,Shipped,301.92,2024,2024-06
TXN004927,CUST0196,PROD0026,2024-08-12,5,10.0,Upi,Delivered,318.96,2024,2024-08
TXN004928,CUST0436,PROD0052,2024-01-01,1,15.0,Credit Card,Pending,14.46,2024,2024-01
TXN004929,CUST0306,PROD0083,2025-08-30,3,20.0,Credit Card,Processing,245.16,2025,2025-08
TXN004930,CUST0350,PROD0060,2024-01-01,1,5.0,Paypal,Delivered,237.41,2024,2024-01
TXN004931,CUST0111,PROD0012,2025-07-25,1,0.0,Bank Transfer,Processing,76.59,2025,2025-07
TXN004932,CUST0103,PROD0011,2025-11-11,2,0.0,Upi,Processing,161.52,2025,2025-11
TXN004933,CUST0414,PROD0008,2024-11-04,1,0.0,Upi,Delivered,97.91,2024,2024-11
TXN004934,CUST0466,PROD0045,2024-10-31,3,40.0,Upi,Delivered,316.3,2024,2024-10
TXN004935,CUST0228,PROD0097,2024-01-01,4,15.0,Cash,Processing,124.68,2024,2024-01
TXN004936,CUST0139,PROD0092,2024-12-03,6,25.0,Upi,Shipped,1013.18,2024,2024-12
TXN004937,CUST0192,PROD0011,2025-07-02,4,10.0,Upi,Processing,290.74,2025,2025-07
TXN004938,CUST0224,PROD0036,2024-05-14,3,5.0,Cash,Delivered,601.81,2024,2024-05
TXN004939,CUST0095,PROD0047,2024-01-01,4,30.0,Cash,Shipped,140.9,2024,2024-01
TXN004940,CUST0173,PROD0044,2025-08-28,2,0.0,Cash,Shipped,206.9,2025,2025-08
TXN004941,CUST0295,PROD0055,2025-09-27,3,20.0,Cash,Pending,2520.96,2025,2025-09
TXN004942,CUST0199,PROD0014,2024-01-01,1,20.0,Cash,Returned,13.98,2024,2024-01
TXN004943,CUST0300,PROD0095,2024-04-27,3,0.0,Cash,Processing,481.32,2024,2024-04
TXN004944,CUST0336,PROD0033,2024-10-22,6,20.0,Credit Card,Cancelled,604.18,2024,2024-10
TXN004945,CUST0470,PROD0043,2024-01-28,4,60.0,Credit Card,Delivered,255.92,2024,2024-01
TXN004946,CUST0402,PROD0046,2025-09-07,2,25.0,Credit Card,Shipped,276.63,2025,2025-09
TXN004947,CUST0440,PROD0008,2024-01-01,2,25.0,Paypal,Pending,146.86,2024,2024-01
TXN004948,CUST0398,PROD0043,2024-11-03,4,40.0,Paypal,Returned,383.88,2024,2024-11
TXN004949,CUST0191,PROD0074,2024-01-01,3,5.0,Paypal,Cancelled,923.23,2024,2024-01
TXN004950,CUST0264,PROD0058,2024-01-01,6,60.0,Upi,Pending,75.94,2024,2024-01
TXN004951,CUST0306,PROD0061,2025-09-22,1,40.0,Credit Card,Returned,111.7,2025,2025-09
TXN004952,CUST0448,PROD0043,2025-01-07,3,50.0,Bank Transfer,Shipped,239.92,2025,2025-01
TXN004953,CUST0237,PROD0034,2024-04-18,4,10.0,Upi,Unknown,538.42,2024,2024-04
TXN004954,CUST0404,PROD0054,2025-11-05,1,10.0,Credit Card,Delivered,174.74,2025,2025-11
TXN004955,CUST0301,PROD0029,2024-12-17,2,40.0,Upi,Pending,174.78,2024,2024-12
TXN004956,CUST0135,PROD0080,2024-01-01,3,5.0,Paypal,Processing,533.04,2024,2024-01
TXN004957,CUST0252,PROD0019,2025-11-26,4,25.0,Upi,Shipped,93.39,2025,2025-11
TXN004958,CUST0483,PROD0037,2025-01-11,6,15.0,Bank Transfer,Shipped,157.34,2025,2025-01
TXN004959,CUST0255,PROD0082,2024-02-20,3,20.0,Credit Card,Delivered,245.16,2024,2024-02
TXN004960,CUST0405,PROD0038,2024-12-27,5,25.0,Credit Card,Shipped,270.68,2024,2024-12
TXN004961,CUST0411,PROD0024,2024-01-01,5,15.0,Upi,Delivered,430.27,2024,2024-01
TXN004962,CUST0407,PROD0085,2025-05-10,4,30.0,Cash,Delivered,81.51,2025,2025-05
TXN004963,CUST0287,PROD0079,2024-01-01,3,60.0,Debit Card,Delivered,996.59,2024,2024-01
TXN004964,CUST0258,PROD0054,2024-01-01,2,5.0,Paypal,Shipped,368.9,2024,2024-01
TXN004965,CUST0190,PROD0043,2025-11-27,5,25.0,Paypal,Shipped,599.81,2025,2025-11
TXN004966,CUST0321,PROD0092,2025-08-15,5,15.0,Upi,Shipped,956.89,2025,2025-08
TXN004967,CUST0285,PROD0050,2024-02-17,6,15.0,Debit Card,Shipped,120.0,2024,2024-02
TXN004968,CUST0019,PROD0068,2025-08-12,5,50.0,Credit Card,Delivered,131.85,2025,2025-08
TXN004969,CUST0046,PROD0005,2025-01-12,5,15.0,Debit Card,Shipped,265.07,2025,2025-01
TXN004970,CUST0056,PROD0048,2024-01-01,1,10.0,Upi,Returned,262.08,2024,2024-01
TXN004971,CUST0025,PROD0005,2025-09-17,2,15.0,Upi,Shipped,106.03,2025,2025-09
TXN004972,CUST0125,PROD0064,2024-01-01,2,0.0,Unknown,Pending,107.92,2024,2024-01
TXN004973,CUST0266,PROD0022,2025-11-01,5,50.0,Upi,Returned,449.32,2025,2025-11
TXN004974,CUST0146,PROD0058,2025-06-16,4,40.0,Upi,Shipped,75.94,2025,2025-06
TXN004975,CUST0128,PROD0096,2024-10-06,6,0.0,Cash,Cancelled,114.54,2024,2024-10
TXN004976,CUST0154,PROD0066,2025-12-17,2,20.0,Paypal,Shipped,147.44,2025,2025-12
TXN004977,CUST0223,PROD0038,2024-01-01,2,30.0,Bank Transfer,Returned,101.05,2024,2024-01
TXN004978,CUST0435,PROD0004,2024-09-20,6,50.0,Upi,Processing,147.3,2024,2024-09
TXN004979,CUST0390,PROD0064,2025-09-05,4,15.0,Paypal,Delivered,183.46,2025,2025-09
TXN004980,CUST0266,PROD0012,2025-11-30,5,40.0,Paypal,Returned,229.77,2025,2025-11
TXN004981,CUST0140,PROD0079,2024-01-01,3,30.0,Cash,Pending,1744.03,2024,2024-01
TXN004982,CUST0340,PROD0012,2024-11-09,4,60.0,Upi,Delivered,122.54,2024,2024-11
TXN004983,CUST0128,PROD0012,2024-01-01,4,30.0,Bank Transfer,Processing,214.45,2024,2024-01
TXN004984,CUST0101,PROD0079,2024-01-01,2,30.0,Credit Card,Shipped,1162.69,2024,2024-01
TXN004985,CUST0138,PROD0099,2025-08-26,4,30.0,Cash,Shipped,108.36,2025,2025-08
TXN004986,CUST0491,PROD0016,2025-11-08,2,10.0,Paypal,Cancelled,71.59,2025,2025-11
TXN004987,CUST0341,PROD0099,2025-10-27,6,10.0,Bank Transfer,Shipped,208.98,2025,2025-10
TXN004988,CUST0287,PROD0063,2024-05-20,1,15.0,Paypal,Cancelled,375.55,2024,2024-05
TXN004989,CUST0118,PROD0063,2025-12-24,3,0.0,Upi,Shipped,1325.46,2025,2025-12
TXN004990,CUST0105,PROD0066,2025-02-27,3,50.0,Credit Card,Pending,138.23,2025,2025-02
TXN004991,CUST0257,PROD0032,2024-01-01,3,25.0,Upi,Delivered,270.14,2024,2024-01
TXN004992,CUST0346,PROD0100,2025-04-05,4,25.0,Paypal,Shipped,333.63,2025,2025-04
TXN004993,CUST0288,PROD0087,2024-01-03,3,25.0,Debit Card,Processing,165.64,2024,2024-01
TXN004994,CUST0470,PROD0051,2024-01-01,4,30.0,Bank Transfer,Returned,314.38,2024,2024-01
TXN004995,CUST0482,PROD0078,2024-09-27,4,15.0,Paypal,Pending,230.45,2024,2024-09
TXN004996,CUST0019,PROD0048,2025-02-24,3,30.0,Credit Card,Cancelled,611.52,2025,2025-02
TXN004997,CUST0452,PROD0033,2024-09-16,1,0.0,Bank Transfer,Processing,125.87,2024,2024-09
TXN004998,CUST0045,PROD0088,2024-01-01,4,20.0,Paypal,Shipped,1155.81,2024,2024-01
TXN004999,CUST0444,PROD0048,2024-05-20,2,25.0,Debit Card,Shipped,436.8,2024,2024-05
TXN005000,CUST0293,PROD0068,2024-12-21,6,0.0,Credit Card,Shipped,316.44,2024,2024-12
