Transaction_ID,Customer_ID,Product_ID,Order_Date,Quantity,Discount_Percent,Payment_Method,Shipping_Status,Sales_Amount
TXN000001,CUST0182,PROD0087,2025-11-28,6,20, PayPal,Cancelled,353.38
TXN000002,CUST0491,PROD0032,2024-10-12,3,15,Bank Transfer,Returned,306.15
TXN000003,CUST0361,PROD0027,2025-12-07,4,25, PayPal,delivered,271.53
TXN000004,CUST0287,PROD0093,2024-10-07,1,60,Cash, SHIPPED ,127.68
TXN000005,CUST0459,PROD0051,2024-12-19,3,0,Bank Transfer,Shipped,336.84
TXN000006,CUST0178,PROD0057,2025-11-02,6,40,UPI,Cancelled,1649.23
TXN000007,CUST0424,PROD0069,04/10/2024,6,20,PayPal,Shipped,267.79
TXN000008,CUST0316,PROD0095,2025-08-23,2,0,Cash,Cancelled,320.88
TXN000009,CUST0327,PROD0030,2024-02-23,4,25, PayPal,Shipped,182.31
TXN000010,CUST0349,PROD0099,2024-05-20,5,10,upi,Pending,174.15
TXN000011,CUST0245,PROD0084,2024/07/23,3,20,Credit Card,Shipped,406.27
TXN000012,CUST0334,PROD0074,2024-08-25,6,0,PayPal, SHIPPED ,1943.64
TXN000013,CUST0452,PROD0023,2024-02-07,4,10,Bank Transfer,Delivered,1904.47
TXN000014,CUST0005,PROD0039,04/08/2025,1,25,Bank Transfer,Pending,42.11
TXN000015,CUST0329,PROD0070,2025-06-20,2,50, PayPal,Returned,72.36
TXN000016,CUST0099,PROD0015,2024-12-04,6,40,Bank Transfer,Processing,240.37
TXN000017,CUST0008,PROD0095,12-11-2024,5,15,PayPal, SHIPPED ,681.87
TXN000018,CUST0424,PROD0055,2025-06-11,1,30,Debit Card,Processing,735.28
TXN000019,CUST0072,PROD0062,2024-11-27,1,20,upi,Cancelled,20.14
TXN000020,CUST0229,PROD0097,2024-09-30,3,60,Credit Card,Returned,44.0
TXN000021,CUST0335,PROD0047,10/12/2025,1,5, PayPal,Returned,47.8
TXN000022,CUST0082,PROD0052,2025/12/03,6,20,Debit Card,Returned,81.65
TXN000023,CUST0189,PROD0079,2024-08-14,2,40,PayPal,Pending,996.59
TXN000024,CUST0383,PROD0078,2025-01-17,6,50, PayPal,Cancelled,203.34
TXN000025,CUST0391,PROD0032,2025-11-27,1,50, PayPal,delivered,60.03
TXN000026,CUST0040,PROD0073,2024-04-24,5,50,UPI,Processing,274.23
TXN000027,CUST0085,PROD0042,2025-06-16,1,15, PayPal,Shipped,44.25
TXN000028,CUST0461,PROD0066,01/04/2025,4,10,Cash, SHIPPED ,331.74
TXN000029,CUST0234,PROD0073,2024-02-29,4,20,Credit Card, SHIPPED ,351.01
TXN000030,CUST0131,PROD0001,2024-08-11,1,0,upi,delivered,176.07
TXN000031,CUST0359,PROD0009,2025-07-08,1,40,Credit Card,Returned,113.56
TXN000032,CUST0210,PROD0024,2024-05-18,6,30,credit card, SHIPPED ,425.21
TXN000033,CUST0230,PROD0049,2025/01/19,6,50,PayPal,delivered,389.34
TXN000034,CUST0061,PROD0023,07-04-2025,5,10,UPI,Delivered,2380.59
TXN000035,CUST0388,PROD0003,01/11/2024,6,50,upi, SHIPPED ,108.33
TXN000036,CUST0422,PROD0030,2024-09-10,3,10,Bank Transfer,Cancelled,164.08
TXN000037,CUST0480,PROD0093,2024-04-25,6,30,Credit Card,Cancelled,1340.68
TXN000038,CUST0106,PROD0009,2024-04-13,1,40,Credit Card,Cancelled,113.56
TXN000039,CUST0380,PROD0006,2025-02-15,2,50,UPI,Delivered,241.29
TXN000040,CUST0072,PROD0065,2024-10-23,6,60,credit card,delivered,74.35
TXN000041,CUST0122,PROD0039,2024-05-26,5,15,upi,Returned,238.64
TXN000042,CUST0141,PROD0008,24/07/2025,6,10,upi,Pending,528.71
TXN000043,CUST0025,PROD0045,2025-10-20,4,50,credit card, SHIPPED ,351.44
TXN000044,CUST0210,PROD0020,2024/11/03,2,50, PayPal,Cancelled,90.74
TXN000045,CUST0435,PROD0029,2024-11-03,2,40,Credit Card, SHIPPED ,174.78
TXN000046,CUST0496,PROD0054,2025-07-24,2,30,UPI,Returned,271.82
TXN000047,CUST0105,PROD0043,2025-10-24,4,25,Debit Card,Cancelled,479.85
TXN000048,CUST0027,PROD0035,2025-01-21,5,60,Credit Card,Shipped,623.46
TXN000049,CUST0097,PROD0098,24/08/2025,6,50,UPI,Pending,755.4
TXN000050,CUST0107,PROD0043,2024-11-06,2,15,Debit Card,Pending,271.91
TXN000051,CUST0469,PROD0032,12-13-2025,6,15,upi,Cancelled,612.31
TXN000052,CUST0283,PROD0042,2024-10-16,4,50,credit card,Returned,104.12
TXN000053,CUST0134,PROD0047,2025-06-09,4,5, PayPal,delivered,191.22
TXN000054,CUST0469,PROD0027,2025-01-14,4,0,UPI,Processing,362.04
TXN000055,CUST0009,PROD0034,2025/07/20,5,30,Bank Transfer,Processing,523.46
TXN000056,CUST0101,PROD0043,23/08/2024,5,15, PayPal,delivered,679.79
TXN000057,CUST0132,PROD0098,2025-05-15,6,40, PayPal,Processing,906.48
TXN000058,CUST0376,PROD0046,2024-06-22,6,50, PayPal,Processing,553.26
TXN000059,CUST0470,PROD0070,2025-10-19,5,0,Debit Card,Delivered,361.8
TXN000060,CUST0392,PROD0001,2025-02-26,6,15,Debit Card,Processing,897.96
TXN000061,CUST0005,PROD0028,2025-06-01,3,0, PayPal,Pending,2685.33
TXN000062,CUST0009,PROD0001,2025-06-28,4,0,Credit Card,Returned,704.28
TXN000063,CUST0275,PROD0037,18/01/2024,6,30,PayPal,Shipped,129.57
TXN000064,CUST0471,PROD0013,2025-06-20,2,15,Cash,Returned,147.49
TXN000065,CUST0418,PROD0046,2024-09-30,1,25,upi,Pending,138.31
TXN000066,CUST0290,PROD0032,2025/12/14,3,5,Credit Card,Shipped,342.17
TXN000067,CUST0208,PROD0049,2025-01-21,4,0,Credit Card,Processing,519.12
TXN000068,CUST0043,PROD0064,03-20-2025,3,60,Debit Card,Delivered,64.75
TXN000069,CUST0118,PROD0028,2025-12-09,4,20,Credit Card,Shipped,2864.35
TXN000070,CUST0351,PROD0036,10/07/2025,6,0,PayPal,delivered,1266.96
TXN000071,CUST0009,PROD0027,2025-08-24,6,30,Debit Card,Returned,380.14
TXN000072,CUST0084,PROD0073,2024-09-03,4,50,credit card, SHIPPED ,219.38
TXN000073,CUST0387,PROD0095,2024-05-23,6,5,Cash,delivered,914.51
TXN000074,CUST0028,PROD0013,2025-03-23,1,25,upi,delivered,65.07
TXN000075,CUST0016,PROD0082,2024-10-06,4,15,credit card, SHIPPED ,772.78
TXN000076,CUST0349,PROD0075,2025-11-07,1,60,Bank Transfer,Cancelled,16.26
TXN000077,CUST0366,PROD0010,25/03/2024,2,30,PayPal, SHIPPED ,147.22
TXN000078,CUST0163,PROD0047,2024-04-19,1,20, PayPal,delivered,40.26
TXN000079,CUST0390,PROD0035,2024-04-14,1,10,upi,Pending,280.56
TXN000080,CUST0286,PROD0072,2025-06-08,1,0,Debit Card,delivered,191.67
TXN000081,CUST0284,PROD0012,2025-09-03,3,30,Credit Card,Returned,160.84
TXN000082,CUST0212,PROD0050,2024-03-27,5,15,Cash,Processing,100.0
TXN000083,CUST0351,PROD0049,2024-06-22,3,20,Bank Transfer,Pending,311.47
TXN000084,CUST0075,PROD0009,20/06/2024,3,30,Bank Transfer,Pending,397.47
TXN000085,CUST0401,PROD0010,01-04-2025,2,40,UPI,Pending,126.19
TXN000086,CUST0055,PROD0018,2024-11-07,4,25,upi,delivered,355.14
TXN000087,CUST0226,PROD0043,2025-03-16,5,10,Bank Transfer,delivered,719.77
TXN000088,CUST0309,PROD0089,2024/07/24,3,10,upi,delivered,44.77
TXN000089,CUST0150,PROD0095,2025-12-12,4,60,UPI,delivered,256.7
TXN000090,CUST0193,PROD0036,2025-02-06,1,60,UPI,Processing,84.46
TXN000091,CUST0350,PROD0099,17/07/2025,6,40,UPI,Pending,139.32
TXN000092,CUST0409,PROD0038,2025-12-10,4,40,PayPal,Returned,173.23
TXN000093,CUST0124,PROD0033,2025-11-05,6,30,upi,Shipped,528.65
TXN000094,CUST0230,PROD0077,2025-05-05,4,50,Cash, SHIPPED ,68.2
TXN000095,CUST0279,PROD0005,2025-01-03,5,60,Debit Card,Shipped,124.74
TXN000096,CUST0394,PROD0032,2025-11-04,3,10,Credit Card, SHIPPED ,324.16
TXN000097,CUST0496,PROD0097,2024-12-05,1,500,Debit Card,Returned,36.67
TXN000098,CUST0114,PROD0066,15/06/2025,5,60,UPI,Pending,184.3
TXN000099,CUST0192,PROD0051,2025/04/19,5,50,PayPal,delivered,280.7
TXN000100,CUST0013,PROD0062,2024-04-17,4,5,Debit Card,Processing,95.68
TXN000101,CUST0179,PROD0040,2024-12-17,,50, PayPal,delivered,55.14
TXN000102,CUST0244,PROD0013,03-24-2025,6,40,credit card,Shipped,312.34
TXN000103,CUST0154,PROD0006,2025-12-28,1,25,Debit Card,Processing,180.97
TXN000104,CUST0477,PROD0095,2024-09-06,2,50,PayPal,delivered,160.44
TXN000105,CUST0287,PROD0055,18/04/2025,4,10,PayPal, SHIPPED ,3781.44
TXN000106,CUST0203,PROD0004,2025-09-20,4,60,upi, SHIPPED ,78.56
TXN000107,CUST0003,PROD0091,2024-08-07,3,5,Debit Card,Processing,1823.54
TXN000108,CUST0188,PROD0042,2024-07-20,1,20, PayPal,delivered,41.65
TXN000109,CUST0306,PROD0050,2025-09-17,5,5,credit card,delivered,111.77
TXN000110,CUST0433,PROD0059,2025/09/24,6,20,Debit Card,Processing,260.26
TXN000111,CUST0161,PROD0016,2024-09-01,1,10,credit card,Processing,35.79
TXN000112,CUST0262,PROD0050,04/03/2025,2,60,upi, SHIPPED ,18.82
TXN000113,CUST0096,PROD0063,2025-10-12,6,10,,Processing,2385.83
TXN000114,CUST0251,PROD0037,2024-05-23,3,40,Credit Card,delivered,55.53
TXN000115,CUST0488,PROD0002,2025-05-11,2,30,Cash,Pending,102.68
TXN000116,CUST0210,PROD0088,2025-05-18,6,40, PayPal,Processing,1300.28
TXN000117,CUST0043,PROD0073,2024-02-01,3,0,Bank Transfer,Cancelled,329.07
TXN000118,CUST0276,PROD0037,2024-06-21,5,40,Cash,Shipped,92.55
TXN000119,CUST0294,PROD0015,01/10/2024,3,50,Credit Card,Pending,100.16
TXN000120,CUST0280,PROD0028,2025-03-11,6,15,Bank Transfer,Delivered,4565.06
TXN000121,CUST0231,PROD0034,2024/12/22,4,5,UPI,Cancelled,568.33
TXN000122,CUST0416,PROD0095,2025-08-25,3,60,upi,Processing,192.53
TXN000123,CUST0316,PROD0018,2024-07-30,1,60,credit card,Returned,47.35
TXN000124,CUST0306,PROD0069,2024-06-21,6,20,Bank Transfer,Returned,267.79
TXN000125,CUST0488,PROD0066,2025-11-26,2,30,Credit Card,Returned,129.01
TXN000126,CUST0444,PROD0084,09/05/2024,2,15,PayPal,delivered,287.78
TXN000127,CUST0425,PROD0032,2025-11-23,4,10,Bank Transfer,,432.22
TXN000128,CUST0193,PROD0058,2024-03-18,1,30,Cash,Returned,22.15
TXN000129,CUST0356,PROD0048,2025-04-10,3,60,Credit Card,Shipped,349.44
TXN000130,CUST0375,PROD0059,2025-10-12,6,25,Debit Card, SHIPPED ,243.99
TXN000131,CUST0112,PROD0055,2024-08-04,3,25,Bank Transfer,delivered,2363.4
TXN000132,CUST0281,PROD0074,2024/05/13,4,25,Credit Card,Delivered,971.82
TXN000133,CUST0051,PROD0081,15/04/2025,1,10, PayPal,Pending,56.12
TXN000134,CUST0001,PROD0055,2024-07-26,2,20,PayPal,Returned,1680.64
TXN000135,CUST0048,PROD0084,2025-01-04,1,25,PayPal,Delivered,126.96
TXN000136,CUST0203,PROD0081,11-08-2024,6,15,upi,Shipped,318.04
TXN000137,CUST0361,PROD0013,2024-01-02,4,5,PayPal,Cancelled,329.69
TXN000138,CUST0266,PROD0088,2025-03-31,1,25,Debit Card, SHIPPED ,270.89
TXN000139,CUST0356,PROD0017,2025-05-04,2,30,Debit Card,Shipped,
TXN000140,CUST0053,PROD0041,11/01/2025,2,30,PayPal,Processing,73.97
TXN000141,CUST0289,PROD0002,2025-09-16,2,40,credit card,Cancelled,88.01
TXN000142,CUST0322,PROD0096,2024-06-04,5,40,UPI,Shipped,57.27
TXN000143,CUST0460,PROD0013,2024/05/23,5,30,credit card, SHIPPED ,303.66
TXN000144,CUST0162,PROD0018,2024-09-10,6,5,UPI,Returned,674.77
TXN000145,CUST0399,PROD0089,2024-01-28,3,15,Cash,Cancelled,42.28
TXN000146,CUST0383,PROD0051,2024-10-29,1,15, PayPal, SHIPPED ,95.44
TXN000147,CUST0058,PROD0031,26/05/2025,5,5,Cash,Delivered,222.02
TXN000148,CUST0185,PROD0041,2024-05-15,5,30,credit card,Processing,1351.38
TXN000149,CUST0489,PROD0099,2024-03-15,NaN,5,Credit Card,Returned,183.82
TXN000150,CUST0111,PROD0006,2024-03-02,5,20,Cash, SHIPPED ,965.16
TXN000151,CUST0217,PROD0090,2025-02-15,6,50,Cash,Processing,442.05
TXN000152,CUST0143,PROD0011,2024-11-13,5,15,PayPal,delivered,343.23
TXN000153,CUST0201,PROD0076,10-11-2025,6,5,Bank Transfer, SHIPPED ,167.01
TXN000154,CUST0374,PROD0031,29/02/2024,1,30,Debit Card,Pending,32.72
TXN000155,CUST0314,PROD0078,2024-02-26,6,10,Debit Card,Delivered,366.01
TXN000156,CUST0363,PROD0018,2025-12-19,2,40,credit card,Returned,142.06
TXN000157,CUST0086,PROD0048,2024-05-09,3,5,Credit Card,delivered,829.92
TXN000158,CUST0414,PROD0055,2024-10-05,1,20,Debit Card,Pending,840.32
TXN000159,CUST0234,PROD0066,2025-01-03,4,60,PayPal,delivered,147.44
TXN000160,CUST0081,PROD0033,2024-04-15,6,5,UPI,Delivered,717.46
TXN000161,CUST0023,PROD0002,07/09/2024,4,25,upi,Processing,220.02
TXN000162,CUST0092,PROD0005,2025-07-20,6,30,UPI,delivered,261.95
TXN000163,CUST0128,PROD0054,2024-11-23,1,60,credit card,Shipped,77.66
TXN000164,CUST0258,PROD0087,2024-02-23,2,50,Credit Card, SHIPPED ,73.62
TXN000165,CUST0036,PROD0060,2024/10/16,3,5,Cash,Pending,712.24
TXN000166,CUST0005,PROD0048,2024-07-24,5,20,UPI,Pending,1164.8
TXN000167,CUST0189,PROD0076,2025-05-20,6,50,UPI,Processing,87.9
TXN000168,CUST0004,PROD0053,25/01/2024,5,25,Credit Card,delivered,165.71
TXN000169,CUST0001,PROD0098,2025-11-04,6,20,Debit Card,Cancelled,1208.64
TXN000170,CUST0272,PROD0031,03-05-2025,1,10,Bank Transfer,Shipped,42.07
TXN000171,CUST0023,PROD0030,2025-06-16,6,25, PayPal,Shipped,273.47
TXN000172,CUST0298,PROD0013,2025-06-01,6,30,Debit Card,Delivered,364.39
TXN000173,CUST0223,PROD0085,2024-05-13,3,-10,credit card, SHIPPED ,69.86
TXN000174,CUST0359,PROD0095,2024-11-30,4,20,UPI,Shipped,513.41
TXN000175,CUST0484,PROD0026,19/05/2024,1,10,Debit Card,Processing,63.79
TXN000176,CUST0231,PROD0060,2024/11/17,1,50,credit card,Cancelled,124.95
TXN000177,CUST0232,PROD0040,2025-04-19,1,5,PayPal,Returned,52.38
TXN000178,CUST0424,PROD0091,2025-12-14,1,15,credit card,Processing,543.86
TXN000179,CUST0047,PROD0092,2024-09-11,4,50,Credit Card,Returned,450.3
TXN000180,CUST0134,PROD0023,2024-02-01,4,50,Cash,Cancelled,1058.04
TXN000181,CUST0049,PROD0060,2024-04-14,1,0,Credit Card,Cancelled,249.91
TXN000182,CUST0067,PROD0026,14/02/2025,6,5,Bank Transfer,Shipped,404.02
TXN000183,CUST0012,PROD0009,2024-07-21,4,10,Debit Card,delivered,681.37
TXN000184,CUST0063,PROD0006,2025-04-17,2,60,upi, SHIPPED ,193.03
TXN000185,CUST0255,PROD0004,2025-01-26,4,10,credit card,Cancelled,176.76
TXN000186,CUST0466,PROD0024,2024-10-08,4,10,Credit Card,Cancelled,364.46
TXN000187,CUST0332,PROD0038,2025/05/25,5,40,Credit Card,Shipped,216.54
TXN000188,CUST0144,PROD0050,2024-05-20,2,50,UPI,Delivered,23.53
TXN000189,CUST0196,PROD0092,02/01/2025,5,40,credit card,delivered,675.45
TXN000190,CUST0199,PROD0035,2024-07-03,3,60,UPI,Delivered,374.08
TXN000191,CUST0459,PROD0100,2024-10-14,4,50,credit card,Cancelled,NaN
TXN000192,CUST0499,PROD0021,2024-04-12,6,15,Bank Transfer,Delivered,328.39
TXN000193,CUST0392,PROD0029,2025-08-12,3,10,PayPal,Cancelled,393.26
TXN000194,CUST0304,PROD0041,2025-12-15,5,500,credit card,Processing,1451.46
TXN000195,CUST0097,PROD0064,2025-07-09,2,40,Credit Card,Shipped,64.75
TXN000196,CUST0029,PROD0030,08/09/2025,1,50, PayPal,Delivered,30.39
TXN000197,CUST0170,PROD0079,2024-07-25,3,10,credit card,Delivered,2242.32
TXN000198,CUST0012,PROD0019,2025/08/23,2,5,Cash,delivered,59.15
TXN000199,CUST0492,PROD0010,2025-01-17,6,30,Debit Card,delivered,441.67
TXN000200,CUST0155,PROD0042,2024-05-19,6,30, PayPal,delivered,218.65
TXN000201,CUST0090,PROD0091,2025-07-29,5,25,UPI,Processing,2399.4
TXN000202,CUST0194,PROD0040,2025-12-06,,10,Credit Card, SHIPPED ,99.25
TXN000203,CUST0436,PROD0099,04/08/2025,2,60,credit card,Cancelled,30.96
TXN000204,CUST0328,PROD0073,04-16-2024,2,25,Debit Card,Cancelled,164.53
TXN000205,CUST0178,PROD0041,2024-06-20,1,25, PayPal,Delivered,110.48
TXN000206,CUST0128,PROD0089,2024-03-10,3,5,Credit Card,Delivered,47.25
TXN000207,CUST0198,PROD0057,2025-03-05,4,40,upi,delivered,1099.49
TXN000208,CUST0280,PROD0049,2024-04-13,5,15,PayPal,Pending,551.56
TXN000209,CUST0038,PROD0005,2024/10/28,3,20,Debit Card,Shipped,149.69
TXN000210,CUST0176,PROD0022,19/01/2025,6,5,Cash,Shipped,1024.46
TXN000211,CUST0174,PROD0077,2025-09-20,-3,0,upi,Processing,204.6
TXN000212,CUST0311,PROD0056,2024-06-09,1,25,UPI,Cancelled,351.13
TXN000213,CUST0210,PROD0090,2025-07-21,6,50,Bank Transfer,Returned,442.05
TXN000214,CUST0153,PROD0031,2024-04-08,4,60,Cash,Pending,74.78
TXN000215,CUST0079,PROD0007,2025-01-04,4,5,Bank Transfer,Pending,866.29
TXN000216,CUST0103,PROD0013,2024-01-27,2,20,Debit Card,Pending,138.82
TXN000217,CUST0433,PROD0015,11/11/2024,4,40,Bank Transfer,Shipped,160.25
TXN000218,CUST0329,PROD0070,2025-01-31,3,30,credit card,Processing,151.96
TXN000219,CUST0229,PROD0006,2024-09-26,4,20,UPI,Returned,772.13
TXN000220,CUST0289,PROD0008,2024/06/03,6,5,Debit Card,delivered,558.09
TXN000221,CUST0414,PROD0070,02-27-2025,2,50,Credit Card, SHIPPED ,72.36
TXN000222,CUST0420,PROD0067,2025-03-04,6,40,UPI,Pending,
TXN000223,CUST0154,PROD0011,2025-02-08,1,50,Cash,Processing,40.38
TXN000224,CUST0062,PROD0097,04/04/2025,2,15,UPI,Processing,62.34
TXN000225,CUST0022,PROD0055,2024-03-21,4,15,PayPal,Returned,3571.36
TXN000226,CUST0164,PROD0094,2024-03-09,4,50,,delivered,206.12
TXN000227,CUST0439,PROD0036,2025-06-16,1,60,Cash, SHIPPED ,84.46
TXN000228,CUST0058,PROD0054,2024-06-02,5,60,Debit Card,Shipped,388.32
TXN000229,CUST0289,PROD0100,2024-04-13,5,25,upi,Returned,417.04
TXN000230,CUST0197,PROD0084,2025-05-12,5,40,Credit Card,Processing,507.84
TXN000231,CUST0142,PROD0052,27/05/2024,5,30,Credit Card, SHIPPED ,59.54
TXN000232,CUST0456,PROD0043,2025-12-08,1,40,Bank Transfer,delivered,95.97
TXN000233,CUST0011,PROD0044,2024-11-06,3,40,Debit Card,Cancelled,186.21
TXN000234,CUST0069,PROD0039,2025-03-29,3,30,Debit Card,Cancelled,117.91
TXN000235,CUST0227,PROD0028,2025-02-20,4,50,credit card,Delivered,1790.22
TXN000236,CUST0264,PROD0021,2024-03-08,6,50,upi,Processing,193.17
TXN000237,CUST0400,PROD0068,2025-08-05,2,15,UPI,Delivered,89.66
TXN000238,CUST0128,PROD0005,12/04/2025,3,15,Bank Transfer,delivered,159.04
TXN000239,CUST0422,PROD0060,2025-06-01,6,5,Credit Card,Cancelled,1424.49
TXN000240,CUST0191,PROD0063,2025-08-31,2,40,Cash,delivered,530.18
TXN000241,CUST0177,PROD0021,2024-09-21,6,5,Bank Transfer,Delivered,367.02
TXN000242,CUST0198,PROD0007,2024/06/15,2,15,UPI,Cancelled,387.55
TXN000243,CUST0138,PROD0084,2025-02-23,1,0, PayPal,Processing,169.28
TXN000244,CUST0332,PROD0023,2025-09-07,2,20,Bank Transfer,Returned,846.43
TXN000245,CUST0217,PROD0049,23/12/2024,3,15, PayPal,Returned,330.94
TXN000246,CUST0347,PROD0067,2025-09-30,5,5,Credit Card,delivered,
TXN000247,CUST0288,PROD0083,2025-08-31,3,20,Debit Card,Pending,-119.98
TXN000248,CUST0033,PROD0044,2024-10-10,3,20,Bank Transfer,Returned,248.28
TXN000249,CUST0097,PROD0020,2025-06-13,1,60,upi,delivered,36.3
TXN000250,CUST0349,PROD0018,2024-01-27,4,20,Bank Transfer, SHIPPED ,378.82
TXN000251,CUST0208,PROD0050,2024-02-06,6,60,UPI,delivered,56.47
TXN000252,CUST0372,PROD0092,15/08/2024,5,40,credit card,Returned,675.45
TXN000253,CUST0433,PROD0022,2025/11/04,2,20,Debit Card,Pending,287.57
TXN000254,CUST0066,PROD0095,2024-09-21,5,10,credit card,,721.98
TXN000255,CUST0114,PROD0046,08-16-2024,3,30,credit card,delivered,387.28
TXN000256,CUST0134,PROD0075,2024-10-28,1,40,Credit Card,Shipped,24.39
TXN000257,CUST0242,PROD0025,2025-05-27,6,30,Cash,Returned,3315.77
TXN000258,CUST0212,PROD0007,2024-06-03,2,25,upi,Pending,341.95
TXN000259,CUST0074,PROD0041,03/07/2024,4,25,PayPal,delivered,973.68
TXN000260,CUST0003,PROD0058,2024-10-07,2,60,PayPal,Pending,25.31
TXN000261,CUST0403,PROD0098,2024-03-31,5,30,upi, SHIPPED ,881.3
TXN000262,CUST0220,PROD0062,2025-01-27,1,50,UPI,delivered,12.59
TXN000263,CUST0487,PROD0002,2024-11-25,2,0,Credit Card,Cancelled,146.68
TXN000264,CUST0116,PROD0089,2024/12/18,2,5,upi,Returned,31.5
TXN000265,CUST0086,PROD0009,2024-02-16,3,40,Cash,delivered,340.69
TXN000266,CUST0223,PROD0088,17/05/2024,4,25,UPI,Processing,1083.57
TXN000267,CUST0486,PROD0052,2024-01-20,2,10,UPI,Delivered,30.62
TXN000268,CUST0302,PROD0065,2024-06-22,3,0,upi,Returned,92.94
TXN000269,CUST0395,PROD0069,2025-09-30,5,0,Debit Card,Delivered,278.95
TXN000270,CUST0025,PROD0089,2024-04-28,4,30,Debit Card,Returned,46.42
TXN000271,CUST0243,PROD0090,2024-06-05,6,0,Bank Transfer, SHIPPED ,884.1
TXN000272,CUST0339,PROD0013,11-09-2025,3,60,PayPal, SHIPPED ,104.11
TXN000273,CUST0426,PROD0014,07/06/2025,5,5,Bank Transfer,Shipped,82.98
TXN000274,CUST0402,PROD0014,2025-05-24,5,15,Bank Transfer,Cancelled,74.25
TXN000275,CUST0184,PROD0091,2025/02/23,2,0,Cash,Pending,1279.68
TXN000276,CUST0467,PROD0027,2025-12-05,3,15,Credit Card,Delivered,230.8
TXN000277,CUST0344,PROD0012,2024-04-23,6,40,PayPal,Shipped,275.72
TXN000278,CUST0400,PROD0066,2024-03-17,6,5,Bank Transfer,Cancelled,
TXN000279,CUST0234,PROD0038,2024-09-27,1,5,PayPal,Delivered,68.57
TXN000280,CUST0437,PROD0038,03/01/2025,3,30,Debit Card,Shipped,151.58
TXN000281,CUST0436,PROD0098,2024-02-16,2,10,credit card,delivered,453.24
TXN000282,CUST0458,PROD0057,2025-09-28,6,5,credit card,delivered,2611.28
TXN000283,CUST0094,PROD0015,2025-02-14,4,20,upi,Pending,213.66
TXN000284,CUST0410,PROD0054,2025-10-26,1,10,Credit Card,Processing,174.74
TXN000285,CUST0054,PROD0054,2025-08-27,5,40,PayPal, SHIPPED ,582.48
TXN000286,CUST0399,PROD0046,2025/09/18,6,10, PayPal,Pending,995.87
TXN000287,CUST0058,PROD0053,27/03/2025,1,20,credit card,Delivered,35.35
TXN000288,CUST0361,PROD0087,2025-06-21,5,60,UPI,delivered,147.24
TXN000289,CUST0266,PROD0067,12-05-2025,5,5,upi,Cancelled,
TXN000290,CUST0247,PROD0045,2025-11-10,6,30,PayPal,Delivered,738.02
TXN000291,CUST0006,PROD0083,2024-06-09,4,500,PayPal,Shipped,-119.98
TXN000292,CUST0385,PROD0063,2024-11-24,3,20,Credit Card,Cancelled,1060.37
TXN000293,CUST0282,PROD0083,2025-01-22,2,5, PayPal,Pending,-94.98
TXN000294,CUST0411,PROD0074,03/04/2025,4,40,credit card,Shipped,777.46
TXN000295,CUST0255,PROD0096,2025-10-31,1,30,upi,Delivered,13.36
TXN000296,CUST0286,PROD0071,2024-01-01,5,60,Bank Transfer,Cancelled,1656.18
TXN000297,CUST0336,PROD0086,2025/04/12,3,0,UPI,Pending,3151.41
TXN000298,CUST0170,PROD0072,2025-09-26,NaN,25, PayPal,Shipped,575.01
TXN000299,CUST0050,PROD0098,2025-11-05,1,25,credit card,Returned,188.85
TXN000300,CUST0281,PROD0067,2025-01-17,1,0,PayPal,Pending,
TXN000301,CUST0072,PROD0092,23/02/2025,3,60,UPI,Cancelled,270.18
TXN000302,CUST0062,PROD0051,2024-08-08,2,25,Debit Card, SHIPPED ,168.42
TXN000303,CUST0024,PROD0082,2025-11-19,,40, PayPal,Processing,289.59
TXN000304,CUST0003,PROD0068,2024-02-19,4,60, PayPal,Processing,84.38
TXN000305,CUST0355,PROD0075,2024-06-26,2,5,upi,delivered,77.23
TXN000306,CUST0259,PROD0050,03-04-2025,6,15,Bank Transfer, SHIPPED ,120.0
TXN000307,CUST0494,PROD0044,2024-10-28,2,10,upi,Returned,186.21
TXN000308,CUST0432,PROD0090,14/07/2025,6,50,UPI,Cancelled,442.05
TXN000309,CUST0108,PROD0080,2024-10-24,3,10,PayPal,delivered,504.98
TXN000310,CUST0364,PROD0015,2024-12-26,4,60,upi,Returned,106.83
TXN000311,CUST0450,PROD0055,2024-01-14,1,0,upi,Processing,1050.4
TXN000312,CUST0028,PROD0086,2024-02-27,3,10,Bank Transfer,Returned,2836.27
TXN000313,CUST0075,PROD0008,2025-12-08,2,50,Credit Card,delivered,97.91
TXN000314,CUST0417,PROD0058,2024-04-14,6,50,UPI, SHIPPED ,94.92
TXN000315,CUST0122,PROD0066,13/12/2025,6,0,upi, SHIPPED ,552.9
TXN000316,CUST0214,PROD0088,2024-11-16,1,0,Bank Transfer,Cancelled,361.19
TXN000317,CUST0318,PROD0100,2025-03-29,6,25,Cash,Cancelled,500.44
TXN000318,CUST0398,PROD0093,2024-07-17,4,10,Debit Card,Processing,1149.16
TXN000319,CUST0493,PROD0023,2025/06/10,4,0,upi,Returned,2116.08
TXN000320,CUST0285,PROD0034,2024-05-13,5,20,Credit Card,delivered,598.24
TXN000321,CUST0239,PROD0091,2024-06-07,2,25,Credit Card,Returned,959.76
TXN000322,CUST0252,PROD0074,17/07/2025,1,25,Cash,Cancelled,242.95
TXN000323,CUST0490,PROD0024,06-17-2025,5,10,upi, SHIPPED ,455.58
TXN000324,CUST0048,PROD0045,2024-08-14,6,25,credit card,delivered,790.74
TXN000325,CUST0151,PROD0028,2025-09-25,4,50,Credit Card,Shipped,1790.22
TXN000326,CUST0343,PROD0045,2025-04-01,6,60,UPI,Delivered,421.73
TXN000327,CUST0350,PROD0042,2025-01-25,4,20,Cash,Returned,166.59
TXN000328,CUST0013,PROD0067,2025-01-18,5,40, PayPal,Delivered,
TXN000329,CUST0152,PROD0084,16/07/2024,5,5,Debit Card,Processing,804.08
TXN000330,CUST0498,PROD0099,2025/07/04,1,5,UPI,Cancelled,36.77
TXN000331,CUST0443,PROD0088,2025-03-10,2,50,upi,Shipped,361.19
TXN000332,CUST0383,PROD0088,2024-06-06,4,25,Credit Card,Shipped,1083.57
TXN000333,CUST0038,PROD0007,2024-07-01,5,5,UPI,Returned,1082.86
TXN000334,CUST0209,PROD0050,2025-04-06,4,30,credit card,Delivered,65.88
TXN000335,CUST0200,PROD0087,2024-05-01,1,60,Debit Card,Delivered,29.45
TXN000336,CUST0359,PROD0010,01/01/2025,1,20,Bank Transfer,Shipped,84.13
TXN000337,CUST0145,PROD0098,2025-03-24,4,0, PayPal,Processing,1007.2
TXN000338,CUST0274,PROD0029,2024-05-19,4,50,Bank Transfer,Processing,291.3
TXN000339,CUST0153,PROD0087,2025-10-25,1,50,,Processing,36.81
TXN000340,CUST0064,PROD0006,01-06-2024,5,30,Cash,Shipped,844.51
TXN000341,CUST0157,PROD0027,2024/12/18,4,50,PayPal,Processing,181.02
TXN000342,CUST0095,PROD0029,2025-09-23,2,5,PayPal,Delivered,276.74
TXN000343,CUST0436,PROD0097,16/07/2025,6,50,Debit Card,Returned,110.01
TXN000344,CUST0344,PROD0009,2024-09-13,2,60, PayPal,delivered,151.42
TXN000345,CUST0183,PROD0017,2025-11-18,2,5,Bank Transfer,Shipped,203.55
TXN000346,CUST0461,PROD0025,2024-11-21,4,-10,Bank Transfer,Processing,2368.41
TXN000347,CUST0290,PROD0073,2025-01-08,4,10,Credit Card,delivered,394.88
TXN000348,CUST0127,PROD0029,2025-12-30,6,30,Bank Transfer,delivered,611.73
TXN000349,CUST0069,PROD0087,2024-12-05,4,40,credit card,Returned,176.69
TXN000350,CUST0250,PROD0071,21/04/2024,6,60,Debit Card,Returned,1987.42
TXN000351,CUST0440,PROD0018,2025-07-05,3,5,Debit Card,Delivered,337.38
TXN000352,CUST0435,PROD0065,2025/10/08,5,60,upi,Cancelled,61.96
TXN000353,CUST0465,PROD0005,2025-07-18,5,50, PayPal,Processing,155.92
TXN000354,CUST0188,PROD0051,2024-08-16,6,20,PayPal,Pending,538.94
TXN000355,CUST0257,PROD0066,2024-04-02,3,50,Credit Card,Cancelled,138.23
TXN000356,CUST0435,PROD0079,2025-12-01,5,10, PayPal,Processing,3737.2
TXN000357,CUST0092,PROD0073,02/08/2025,2,40,credit card,Delivered,131.63
TXN000358,CUST0113,PROD0098,2025-05-14,1,20,credit card,Cancelled,201.44
TXN000359,CUST0022,PROD0086,2024-07-30,3,30, PayPal,Pending,2205.99
TXN000360,CUST0452,PROD0006,2024-02-10,3,5,Cash,Returned,687.68
TXN000361,CUST0428,PROD0095,2024-09-26,5,60,PayPal, SHIPPED ,320.88
TXN000362,CUST0335,PROD0049,2025-01-09,6,5,Cash,Returned,739.75
TXN000363,CUST0193,PROD0029,2025/06/12,3,25, PayPal,Pending,327.71
TXN000364,CUST0455,PROD0078,07/01/2024,2,40,PayPal,Cancelled,81.34
TXN000365,CUST0040,PROD0066,2025-10-20,2,10,PayPal,Processing,165.87
TXN000366,CUST0186,PROD0078,2024-05-01,2,30,credit card,Shipped,94.89
TXN000367,CUST0247,PROD0087,2025-05-05,2,60,PayPal, SHIPPED ,58.9
TXN000368,CUST0012,PROD0032,2024-02-14,5,60,PayPal,Processing,240.12
TXN000369,CUST0323,PROD0066,2024-02-10,2,0,PayPal,Returned,184.3
TXN000370,CUST0473,PROD0024,2025-06-13,5,60,Credit Card,Returned,202.48
TXN000371,CUST0485,PROD0011,09/08/2024,5,40, PayPal,Processing,242.28
TXN000372,CUST0113,PROD0053,2025-09-07,5,10,Cash,Returned,198.85
TXN000373,CUST0086,PROD0093,2025-12-03,4,60,Debit Card,Cancelled,510.74
TXN000374,CUST0194,PROD0050,2024/05/15,1,15,Cash, SHIPPED ,20.0
TXN000375,CUST0424,PROD0020,2025-09-12,2,40,Credit Card,Shipped,108.89
TXN000376,CUST0048,PROD0062,2025-11-06,5,50,Credit Card, SHIPPED ,62.95
TXN000377,CUST0268,PROD0054,2025-01-14,6,50,upi,Cancelled,582.48
TXN000378,CUST0481,PROD0062,25/01/2025,5,60,Debit Card, SHIPPED ,50.36
TXN000379,CUST0069,PROD0033,2025-05-03,1,20,Cash, SHIPPED ,100.7
TXN000380,CUST0132,PROD0025,2024-01-06,6,0,Cash,Shipped,4736.82
TXN000381,CUST0267,PROD0001,2025-01-19,2,25,upi,,264.11
TXN000382,CUST0055,PROD0020,2025-03-12,5,20,Bank Transfer, SHIPPED ,NaN
TXN000383,CUST0290,PROD0047,2025-09-18,6,30,UPI, SHIPPED ,211.34
TXN000384,CUST0283,PROD0072,2025-05-09,3,50,Cash,Pending,287.5
TXN000385,CUST0130,PROD0040,14/08/2025,6,30,PayPal,Shipped,231.59
TXN000386,CUST0383,PROD0030,2025-04-02,2,5,UPI, SHIPPED ,115.46
TXN000387,CUST0403,PROD0044,2025-07-17,6,0,PayPal, SHIPPED ,620.7
TXN000388,CUST0494,PROD0082,2024-01-06,2,500,upi,Shipped,60.91
TXN000389,CUST0114,PROD0048,2024-03-22,1,30,upi,Returned,203.84
TXN000390,CUST0365,PROD0077,2024-02-28,6,40, PayPal,Delivered,122.76
TXN000391,CUST0104,PROD0085,06-14-2025,2,0,Cash,Cancelled,58.22
TXN000392,CUST0315,PROD0022,21/11/2025,3,15,Credit Card,Processing,458.31
TXN000393,CUST0045,PROD0036,2025-02-13,6,30,upi,Cancelled,886.87
TXN000394,CUST0266,PROD0002,2025-12-21,1,50,Bank Transfer,delivered,36.67
TXN000395,CUST0178,PROD0036,2024-08-19,2,40,upi,Delivered,253.39
TXN000396,CUST0134,PROD0023,2025/02/20,1,50,Debit Card,Returned,264.51
TXN000397,CUST0175,PROD0015,2025-06-09,5,60,Bank Transfer,Pending,133.54
TXN000398,CUST0495,PROD0049,2025-07-30,2,25, PayPal,Pending,194.67
TXN000399,CUST0460,PROD0076,29/01/2024,1,20,Debit Card, SHIPPED ,23.44
TXN000400,CUST0325,PROD0029,2025-11-24,2,25,upi,delivered,218.48
TXN000401,CUST0265,PROD0069,2024-01-10,3,15,Bank Transfer,Shipped,142.26
TXN000402,CUST0205,PROD0087,2024-12-16,5,10, PayPal,delivered,331.29
TXN000403,CUST0182,PROD0028,2025-08-10,2,15, PayPal,Cancelled,1521.69
TXN000404,CUST0121,PROD0095,2024-09-04,,15,UPI,Cancelled,272.75
TXN000405,CUST0429,PROD0080,2024-12-30,1,5,Debit Card,Pending,177.68
TXN000406,CUST0315,PROD0001,08/07/2025,4,25,credit card,Pending,528.21
TXN000407,CUST0460,PROD0074,2024/10/08,2,50,Bank Transfer, SHIPPED ,323.94
TXN000408,CUST0114,PROD0097,08-13-2025,1,50,upi,Pending,18.34
TXN000409,CUST0482,PROD0070,2024-02-03,3,30,PayPal,Pending,151.96
TXN000410,CUST0500,PROD0016,2025-12-16,4,25,Credit Card,Delivered,119.31
TXN000411,CUST0346,PROD0027,2025-01-23,1,25,credit card,Returned,67.88
TXN000412,CUST0096,PROD0071,2024-09-26,3,40,credit card,delivered,1490.56
TXN000413,CUST0095,PROD0064,10/03/2025,4,25,credit card, SHIPPED ,161.88
TXN000414,CUST0144,PROD0058,2024-07-03,2,60,UPI,Shipped,25.31
TXN000415,CUST0370,PROD0035,2024-08-29,4,30,UPI,Processing,872.84
TXN000416,CUST0410,PROD0095,2024-06-02,1,10,upi,Pending,144.4
TXN000417,CUST0069,PROD0081,2025-06-13,6,25, PayPal,Returned,
TXN000418,CUST0129,PROD0072,2025/08/04,4,5,PayPal,Delivered,728.35
TXN000419,CUST0111,PROD0033,2025-05-02,1,40,credit card,Returned,75.52
TXN000420,CUST0185,PROD0047,27/07/2025,3,25,Credit Card, SHIPPED ,113.22
TXN000421,CUST0063,PROD0045,2025-11-26,2,60,Cash,Processing,140.58
TXN000422,CUST0400,PROD0037,2024-12-29,-3,50, PayPal,Pending,92.55
TXN000423,CUST0456,PROD0011,2025-01-25,3,40,PayPal,Processing,145.37
TXN000424,CUST0328,PROD0044,2025-03-07,5,60,upi,Shipped,206.9
TXN000425,CUST0041,PROD0021,12-17-2024,3,25,Bank Transfer,Returned,144.88
TXN000426,CUST0310,PROD0083,2025-02-08,4,25,Cash,Pending,-149.97
TXN000427,CUST0212,PROD0022,07/07/2024,2,15,Bank Transfer,Shipped,305.54
TXN000428,CUST0108,PROD0022,2025-02-10,1,5, PayPal,Delivered,170.74
TXN000429,CUST0014,PROD0099,2025/02/10,1,5,Bank Transfer,Processing,36.77
TXN000430,CUST0044,PROD0084,2025-02-03,2,15,Bank Transfer,Pending,287.78
TXN000431,CUST0321,PROD0017,2024-05-14,2,0,Credit Card,delivered,214.26
TXN000432,CUST0441,PROD0042,2025-05-02,5,20,Cash,Pending,208.24
TXN000433,CUST0070,PROD0090,2025-07-06,5,60, PayPal, SHIPPED ,294.7
TXN000434,CUST0269,PROD0082,16/10/2025,3,25, PayPal,Cancelled,914.08
TXN000435,CUST0227,PROD0040,2025-01-09,3,10,Bank Transfer,Delivered,148.88
TXN000436,CUST0001,PROD0067,2024-05-19,3,40,Cash,Delivered,
TXN000437,CUST0353,PROD0063,2025-05-03,1,30,Bank Transfer,Cancelled,309.27
TXN000438,CUST0408,PROD0001,2025-07-15,2,30,Cash, SHIPPED ,246.5
TXN000439,CUST0203,PROD0032,2024-06-16,6,30,upi,Cancelled,504.25
TXN000440,CUST0135,PROD0011,2025/03/08,2,50,Bank Transfer,Returned,80.76
TXN000441,CUST0333,PROD0096,28/06/2025,4,15,Debit Card,Processing,64.91
TXN000442,CUST0070,PROD0038,04-23-2024,4,60, PayPal,Returned,115.49
TXN000443,CUST0359,PROD0080,2025-05-18,3,0,PayPal,Delivered,561.09
TXN000444,CUST0497,PROD0069,2024-01-23,1,20,Bank Transfer,Processing,44.63
TXN000445,CUST0367,PROD0057,2024-01-09,1,10,Credit Card,Pending,412.31
TXN000446,CUST0112,PROD0044,2025-03-06,4,25, PayPal,Delivered,310.35
TXN000447,CUST0170,PROD0011,2024-05-29,NaN,30,Debit Card,Pending,169.6
TXN000448,CUST0093,PROD0025,13/09/2024,1,5,UPI, SHIPPED ,750.0
TXN000449,CUST0395,PROD0057,2024-09-10,1,15, PayPal,Shipped,389.4
TXN000450,CUST0267,PROD0086,2024-08-01,4,20,credit card,Processing,3361.5
TXN000451,CUST0323,PROD0094,2024/02/13,5,50,Debit Card,Returned,257.65
TXN000452,CUST0247,PROD0082,2024-11-01,3,0,,Shipped,399.79
TXN000453,CUST0223,PROD0042,2024-01-16,3,60,Debit Card, SHIPPED ,62.47
TXN000454,CUST0405,PROD0032,2024-01-10,5,40,PayPal,delivered,360.18
TXN000455,CUST0395,PROD0012,11/09/2024,4,5,credit card,Delivered,291.04
TXN000456,CUST0031,PROD0046,2025-10-22,6,50,Debit Card,Processing,553.26
TXN000457,CUST0250,PROD0030,2024-11-20,6,25, PayPal,Cancelled,273.47
TXN000458,CUST0011,PROD0089,2025-01-21,6,10,Bank Transfer,Delivered,89.53
TXN000459,CUST0249,PROD0091,03-24-2025,3,50, PayPal,Cancelled,959.76
TXN000460,CUST0291,PROD0024,2025-07-10,3,40,Bank Transfer,Processing,182.23
TXN000461,CUST0036,PROD0068,2024-06-07,3,20,Cash,delivered,126.58
TXN000462,CUST0233,PROD0001,15/10/2025,4,10,Credit Card,delivered,633.85
TXN000463,CUST0398,PROD0080,2024-09-01,6,5,Cash, SHIPPED ,1066.07
TXN000464,CUST0098,PROD0068,2025-11-30,5,10,Bank Transfer,delivered,237.33
TXN000465,CUST0210,PROD0083,2024-11-25,1,50,Debit Card,Delivered,-25.0
TXN000466,CUST0428,PROD0017,2024-07-01,2,5, PayPal,Cancelled,203.55
TXN000467,CUST0051,PROD0005,2025-08-07,4,40,Cash,Returned,149.69
TXN000468,CUST0026,PROD0047,2024-08-14,6,5,Credit Card,Cancelled,286.82
TXN000469,CUST0336,PROD0063,22/03/2024,6,0,credit card, SHIPPED ,2650.92
TXN000470,CUST0421,PROD0048,2025-12-26,5,20,Cash,Delivered,1164.8
TXN000471,CUST0376,PROD0010,2024-11-07,2,50,Debit Card,Shipped,105.16
TXN000472,CUST0372,PROD0030,2025-06-28,2,15,Cash,Cancelled,103.31
TXN000473,CUST0292,PROD0081,2024/07/02,6,50,upi,Shipped,187.08
TXN000474,CUST0393,PROD0082,2025-08-13,6,40,upi,Shipped,360.25
TXN000475,CUST0093,PROD0071,2025-02-15,3,10,Cash,Pending,2235.84
TXN000476,CUST0478,PROD0046,18/11/2024,3,25,upi, SHIPPED ,414.94
TXN000477,CUST0423,PROD0093,2024-11-27,2,60,Cash,Cancelled,255.37
TXN000478,CUST0193,PROD0099,2025-07-17,3,25, PayPal,Pending,87.08
TXN000479,CUST0492,PROD0051,2024-01-01,1,20,Credit Card,Processing,89.82
TXN000480,CUST0456,PROD0039,2024-01-07,2,15,credit card,Delivered,95.45
TXN000481,CUST0396,PROD0089,2024-10-09,5,50,PayPal,Shipped,41.45
TXN000482,CUST0020,PROD0059,2024-12-30,2,20,credit card,Cancelled,86.75
TXN000483,CUST0120,PROD0033,03/11/2024,5,30,UPI,Shipped,440.55
TXN000484,CUST0371,PROD0042,2025/05/09,4,60,Debit Card,Returned,83.3
TXN000485,CUST0020,PROD0094,2025-08-13,1,500,credit card,delivered,103.06
TXN000486,CUST0451,PROD0056,2025-03-02,2,60,Credit Card, SHIPPED ,374.54
TXN000487,CUST0028,PROD0040,2025-06-20,3,50,PayPal,delivered,82.71
TXN000488,CUST0258,PROD0090,2024-08-14,1,30, PayPal,Shipped,103.14
TXN000489,CUST0114,PROD0056,2024-10-23,2,10,credit card,Shipped,842.72
TXN000490,CUST0244,PROD0074,20/02/2024,4,20,Debit Card, SHIPPED ,1036.61
TXN000491,CUST0257,PROD0056,2025-12-15,2,40,Cash,Cancelled,561.82
TXN000492,CUST0250,PROD0051,2025-10-29,2,50,Cash,Cancelled,112.28
TXN000493,CUST0125,PROD0010,09-29-2024,3,60,Debit Card,Shipped,126.19
TXN000494,CUST0344,PROD0053,2025-03-09,3,15,credit card,delivered,112.68
TXN000495,CUST0305,PROD0084,2024/01/25,2,25, PayPal,Processing,253.92
TXN000496,CUST0226,PROD0006,2024-08-27,6,25,PayPal,Shipped,1085.81
TXN000497,CUST0058,PROD0095,25/02/2024,5,10,Bank Transfer,Delivered,721.98
TXN000498,CUST0176,PROD0089,2024-04-23,4,40,Credit Card,delivered,39.79
TXN000499,CUST0108,PROD0095,2025-07-04,2,50,Cash,Returned,160.44
TXN000500,CUST0281,PROD0062,2025-09-29,2,0,upi,Delivered,50.36
TXN000501,CUST0131,PROD0022,2024-03-02,2,60,Bank Transfer,Delivered,143.78
TXN000502,CUST0239,PROD0084,2024-01-09,4,20,credit card,Shipped,541.7
TXN000503,CUST0010,PROD0038,2025-10-26,2,30,Cash,Shipped,101.05
TXN000504,CUST0463,PROD0041,11/05/2025,5,5,PayPal,Cancelled,1236.48
TXN000505,CUST0235,PROD0072,2025-12-30,,15,Cash,Returned,162.92
TXN000506,CUST0171,PROD0063,2025/02/06,2,0,credit card,delivered,883.64
TXN000507,CUST0182,PROD0081,2024-11-05,5,20,Credit Card,Returned,249.44
TXN000508,CUST0450,PROD0050,2024-01-31,3,15,PayPal,,60.0
TXN000509,CUST0460,PROD0051,2025-11-03,1,30,Cash,Cancelled,78.6
TXN000510,CUST0214,PROD0031,08-09-2025,4,20,credit card,Pending,149.57
TXN000511,CUST0278,PROD0017,30/07/2024,2,60,Cash,Cancelled,85.7
TXN000512,CUST0442,PROD0018,2024-11-12,6,50,PayPal, SHIPPED ,355.14
TXN000513,CUST0466,PROD0099,2024-05-28,5,10,credit card,Shipped,174.15
TXN000514,CUST0286,PROD0069,2024-05-01,3,10,Credit Card,delivered,150.63
TXN000515,CUST0451,PROD0053,2025-02-25,4,20,PayPal,Cancelled,141.41
TXN000516,CUST0055,PROD0017,2024-07-08,5,60,Bank Transfer,Cancelled,214.26
TXN000517,CUST0306,PROD0030,2024/08/24,1,25,Debit Card,Pending,45.58
TXN000518,CUST0069,PROD0065,11/09/2025,6,25,PayPal, SHIPPED ,139.41
TXN000519,CUST0252,PROD0061,2024-05-20,2,-10,Credit Card, SHIPPED ,316.49
TXN000520,CUST0392,PROD0002,2024-10-03,2,15,UPI,Shipped,124.68
TXN000521,CUST0091,PROD0057,2025-09-23,6,25, PayPal,Cancelled,2061.54
TXN000522,CUST0219,PROD0052,2024-02-12,6,30,credit card, SHIPPED ,71.44
TXN000523,CUST0314,PROD0096,2025-08-08,5,50,Credit Card,Shipped,47.73
TXN000524,CUST0232,PROD0059,2024-02-13,5,50,upi,Delivered,135.55
TXN000525,CUST0286,PROD0050,12/06/2025,1,15,Bank Transfer,Pending,20.0
TXN000526,CUST0204,PROD0039,2024-10-19,2,30,Bank Transfer,Delivered,78.61
TXN000527,CUST0354,PROD0067,05-25-2024,6,40,Debit Card,Shipped,
TXN000528,CUST0093,PROD0100,2025/08/22,5,10,upi, SHIPPED ,500.44
TXN000529,CUST0166,PROD0058,2024-01-26,4,60,UPI,Pending,50.62
TXN000530,CUST0047,PROD0033,2024-11-27,6,10,Debit Card,Shipped,679.7
TXN000531,CUST0059,PROD0091,2025-04-05,3,5,Cash, SHIPPED ,1823.54
TXN000532,CUST0373,PROD0066,18/09/2025,4,50,upi,Delivered,184.3
TXN000533,CUST0394,PROD0022,2024-12-09,6,10,PayPal,Processing,970.54
TXN000534,CUST0092,PROD0099,2025-12-30,4,20,Bank Transfer,Pending,123.84
TXN000535,CUST0148,PROD0081,2024-07-04,2,15,Credit Card,Returned,106.01
TXN000536,CUST0007,PROD0059,2025-05-24,5,0, PayPal,Cancelled,271.1
TXN000537,CUST0112,PROD0076,2025-11-06,4,30, PayPal,Shipped,82.04
TXN000538,CUST0308,PROD0077,2024-01-07,5,20,Cash,Cancelled,136.4
TXN000539,CUST0026,PROD0024,31/05/2024,6,25,Credit Card,Processing,455.58
TXN000540,CUST0438,PROD0005,2025-11-14,5,20,credit card,Shipped,249.48
TXN000541,CUST0026,PROD0014,2025-03-02,2,20,Cash,Processing,27.95
TXN000542,CUST0495,PROD0059,2025-08-15,1,5,Bank Transfer,delivered,51.51
TXN000543,CUST0189,PROD0049,2024-03-10,5,5,Bank Transfer,Pending,616.45
TXN000544,CUST0069,PROD0016,12-12-2025,3,50,upi,Cancelled,59.66
TXN000545,CUST0357,PROD0027,2025-09-18,1,60,Cash,Shipped,36.2
TXN000546,CUST0248,PROD0093,06/12/2025,6,20,upi,delivered,1532.21
TXN000547,CUST0133,PROD0068,2025-08-11,3,10, PayPal,Pending,142.4
TXN000548,CUST0253,PROD0024,2025-09-16,6,20,UPI,Delivered,485.95
TXN000549,CUST0061,PROD0004,2025-04-21,1,15,upi, SHIPPED ,41.73
TXN000550,CUST0024,PROD0043,2024/12/24,6,15,Credit Card,Cancelled,815.74
TXN000551,CUST0354,PROD0037,2024-09-17,3,20,Cash,delivered,74.04
TXN000552,CUST0393,PROD0001,2024-04-26,3,25,upi,Delivered,396.16
TXN000553,CUST0427,PROD0023,17/07/2024,3,40, PayPal,Delivered,952.24
TXN000554,CUST0331,PROD0018,2025-05-08,6,40,Cash,delivered,426.17
TXN000555,CUST0237,PROD0053,2024-02-27,3,60,credit card,Delivered,53.03
TXN000556,CUST0107,PROD0074,2025-12-02,3,5,PayPal,Returned,
TXN000557,CUST0431,PROD0004,2024-12-13,6,50,PayPal, SHIPPED ,147.3
TXN000558,CUST0096,PROD0077,2024-04-29,6,25,Credit Card,Returned,153.45
TXN000559,CUST0212,PROD0012,2025-05-23,3,40,Bank Transfer,Cancelled,137.86
TXN000560,CUST0269,PROD0039,28/06/2024,3,0,UPI,Shipped,168.45
TXN000561,CUST0228,PROD0065,2024/01/26,5,10,UPI,delivered,139.41
TXN000562,CUST0473,PROD0062,2025-06-20,3,10,Debit Card,Processing,67.99
TXN000563,CUST0106,PROD0093,2024-02-07,4,50,Debit Card,Delivered,638.42
TXN000564,CUST0160,PROD0006,2025-12-04,1,25, PayPal,Delivered,180.97
TXN000565,CUST0053,PROD0067,2025-11-05,3,0,,Cancelled,
TXN000566,CUST0165,PROD0026,2024-07-16,3,50,credit card,Pending,106.32
TXN000567,CUST0344,PROD0016,06/10/2024,2,20,Debit Card,Delivered,63.63
TXN000568,CUST0491,PROD0080,2025-07-27,1,15,Cash,delivered,158.98
TXN000569,CUST0282,PROD0041,2024-10-04,6,20,UPI,Processing,260.14
TXN000570,CUST0314,PROD0044,2025-07-07,1,10,Credit Card,Pending,93.11
TXN000571,CUST0463,PROD0087,2024-02-21,4,0,Debit Card, SHIPPED ,294.48
TXN000572,CUST0201,PROD0023,2025/12/22,5,40,credit card,Returned,1587.06
TXN000573,CUST0171,PROD0026,2025-12-31,5,5, PayPal,Processing,NaN
TXN000574,CUST0048,PROD0090,24/04/2025,4,20, PayPal,Pending,471.52
TXN000575,CUST0119,PROD0029,2024-05-27,3,25,upi,Processing,327.71
TXN000576,CUST0359,PROD0086,2024-12-04,4,40,Credit Card,Shipped,2521.13
TXN000577,CUST0244,PROD0015,2024-12-25,4,10,Bank Transfer,delivered,240.37
TXN000578,CUST0310,PROD0074,05-10-2024,1,30,Debit Card,delivered,226.76
TXN000579,CUST0285,PROD0084,2024-03-13,5,40,upi, SHIPPED ,507.84
TXN000580,CUST0123,PROD0080,2024-09-06,2,40,upi,Shipped,224.44
TXN000581,CUST0175,PROD0027,11/12/2025,4,30,credit card,Cancelled,253.43
TXN000582,CUST0089,PROD0085,2025-11-16,6,500, PayPal,Shipped,69.86
TXN000583,CUST0304,PROD0077,2025/04/19,5,5, PayPal,Processing,161.97
TXN000584,CUST0158,PROD0052,2024-03-12,1,60,upi,delivered,6.8
TXN000585,CUST0254,PROD0083,2025-11-07,1,15,PayPal,Delivered,-42.49
TXN000586,CUST0388,PROD0019,2025-11-07,4,50,Bank Transfer, SHIPPED ,62.26
TXN000587,CUST0316,PROD0074,2025-04-02,2,25,Bank Transfer,Returned,485.91
TXN000588,CUST0471,PROD0056,18/12/2024,5,0,Cash, SHIPPED ,2340.9
TXN000589,CUST0434,PROD0017,2024-10-28,3,50,Credit Card,Delivered,160.69
TXN000590,CUST0361,PROD0072,2025-01-02,3,0,UPI, SHIPPED ,575.01
TXN000591,CUST0360,PROD0076,2025-02-07,3,30,upi, SHIPPED ,61.53
TXN000592,CUST0223,PROD0070,2024-08-04,2,40,PayPal,Cancelled,86.83
TXN000593,CUST0285,PROD0050,2025-01-03,2,20,PayPal,Processing,37.65
TXN000594,CUST0006,PROD0010,2025/10/25,2,40,upi,Processing,126.19
TXN000595,CUST0044,PROD0018,19/10/2025,4,60,upi,Processing,189.41
TXN000596,CUST0233,PROD0066,2025-03-10,NaN,30,credit card,Cancelled,258.02
TXN000597,CUST0096,PROD0055,2025-09-11,5,40,UPI,Returned,3151.2
TXN000598,CUST0211,PROD0070,2025-08-13,1,0, PayPal,delivered,72.36
TXN000599,CUST0058,PROD0075,2025-05-08,1,10,Cash,Returned,36.59
TXN000600,CUST0239,PROD0067,2024-03-21,5,5,UPI,Pending,
TXN000601,CUST0323,PROD0095,2025-11-10,1,50,Bank Transfer,Delivered,80.22
TXN000602,CUST0463,PROD0044,01/07/2025,4,40,Cash,Pending,248.28
TXN000603,CUST0294,PROD0094,2024-12-05,3,20,Bank Transfer,Processing,247.34
TXN000604,CUST0019,PROD0089,2025-09-03,3,60,Bank Transfer,Delivered,19.9
TXN000605,CUST0323,PROD0061,2025/08/15,5,0,Bank Transfer,Delivered,930.85
TXN000606,CUST0147,PROD0063,2024-03-25,,5,Bank Transfer,Returned,2098.64
TXN000607,CUST0068,PROD0079,2024-10-14,3,0,Debit Card,Processing,2491.47
TXN000608,CUST0466,PROD0076,2024-06-03,4,25,PayPal,Returned,87.9
TXN000609,CUST0401,PROD0090,29/08/2024,2,50,Credit Card,delivered,147.35
TXN000610,CUST0044,PROD0019,2025-09-01,4,30,upi,Cancelled,87.16
TXN000611,CUST0339,PROD0057,2025-10-14,2,60,credit card,Delivered,366.5
TXN000612,CUST0329,PROD0034,04-28-2024,2,40,upi,Pending,179.47
TXN000613,CUST0155,PROD0061,2025-06-29,4,30, PayPal,Returned,521.28
TXN000614,CUST0075,PROD0068,2025-03-21,3,40,upi,delivered,94.93
TXN000615,CUST0493,PROD0068,2025-11-30,1,50,credit card, SHIPPED ,26.37
TXN000616,CUST0313,PROD0084,06/10/2024,3,20,Debit Card,Returned,406.27
TXN000617,CUST0336,PROD0075,2025-02-04,6,15,UPI,delivered,207.31
TXN000618,CUST0347,PROD0089,2024-07-03,5,0,Credit Card,Shipped,82.9
TXN000619,CUST0007,PROD0053,2024-04-10,1,40,credit card,Cancelled,26.51
TXN000620,CUST0372,PROD0037,2024-09-14,1,0,Debit Card,Delivered,30.85
TXN000621,CUST0481,PROD0077,2025-11-03,5,5,Debit Card,Shipped,161.97
TXN000622,CUST0439,PROD0078,2024-05-13,6,60,PayPal,Shipped,162.67
TXN000623,CUST0357,PROD0024,16/09/2024,4,5, PayPal,Returned,384.71
TXN000624,CUST0394,PROD0055,2025-12-09,3,20,PayPal,Shipped,2520.96
TXN000625,CUST0142,PROD0100,2024-03-04,4,25,Credit Card,Returned,333.63
TXN000626,CUST0490,PROD0034,2024-07-01,1,40,UPI, SHIPPED ,89.74
TXN000627,CUST0092,PROD0083,2025/05/18,2,50,upi,Cancelled,-49.99
TXN000628,CUST0315,PROD0083,2024-04-18,6,20,Debit Card,Delivered,-239.95
TXN000629,CUST0038,PROD0010,08-08-2025,3,40,Credit Card,Pending,189.29
TXN000630,CUST0077,PROD0084,17/10/2025,1,30,Bank Transfer,Processing,118.5
TXN000631,CUST0359,PROD0043,2025-02-04,1,50, PayPal,Pending,79.97
TXN000632,CUST0224,PROD0052,2024-03-12,2,0,upi,Pending,34.02
TXN000633,CUST0063,PROD0073,2025-07-02,-3,20,upi,Delivered,263.26
TXN000634,CUST0324,PROD0083,2024-04-02,5,25,Debit Card,Pending,-187.46
TXN000635,CUST0390,PROD0099,2024-10-23,2,10,Cash,,69.66
TXN000636,CUST0496,PROD0050,2025-11-07,3,30,Debit Card,delivered,49.41
TXN000637,CUST0250,PROD0011,09/10/2025,6,15,PayPal,Delivered,411.88
TXN000638,CUST0099,PROD0004,2025/08/30,4,30,Debit Card,Returned,137.48
TXN000639,CUST0256,PROD0069,2025-04-05,1,25,Credit Card,delivered,41.84
TXN000640,CUST0404,PROD0093,2024-02-13,1,15,Cash,Pending,271.33
TXN000641,CUST0482,PROD0087,2025-07-03,6,60,UPI,Shipped,176.69
TXN000642,CUST0019,PROD0095,2024-05-24,6,0, PayPal,Delivered,962.64
TXN000643,CUST0125,PROD0090,2025-10-26,1,10,Credit Card,Returned,132.62
TXN000644,CUST0421,PROD0013,12/04/2025,2,60,Debit Card,Shipped,69.41
TXN000645,CUST0059,PROD0064,2025-09-01,2,5,UPI, SHIPPED ,102.52
TXN000646,CUST0173,PROD0095,11-25-2025,3,5,Cash,Processing,457.25
TXN000647,CUST0165,PROD0028,2024-02-16,2,25,Debit Card,Shipped,1342.66
TXN000648,CUST0141,PROD0019,2025-03-01,6,25,Cash,Processing,140.09
TXN000649,CUST0225,PROD0032,2025/08/18,2,5,upi,Processing,228.11
TXN000650,CUST0009,PROD0063,2024-03-23,1,10,Debit Card,Returned,397.64
TXN000651,CUST0214,PROD0089,02/05/2025,2,15,PayPal,Returned,28.19
TXN000652,CUST0268,PROD0058,2025-02-25,2,60,Credit Card,Processing,25.31
TXN000653,CUST0368,PROD0064,2025-09-18,6,20,credit card, SHIPPED ,259.01
TXN000654,CUST0003,PROD0072,2024-08-29,1,50,Debit Card,delivered,95.83
TXN000655,CUST0442,PROD0098,2025-07-06,2,40,UPI,Returned,302.16
TXN000656,CUST0028,PROD0025,2024-04-25,6,40, PayPal,Processing,2842.09
TXN000657,CUST0082,PROD0086,2024-02-14,6,25,Bank Transfer,Cancelled,4727.11
TXN000658,CUST0223,PROD0033,08/12/2024,4,0,Debit Card,Delivered,503.48
TXN000659,CUST0474,PROD0069,2024-06-29,1,40,Cash,Shipped,33.47
TXN000660,CUST0037,PROD0031,2025/03/31,5,25,upi,Cancelled,175.28
TXN000661,CUST0383,PROD0087,2024-11-29,1,25,UPI,Shipped,55.22
TXN000662,CUST0122,PROD0095,2025-02-26,4,15,Debit Card,Pending,545.5
TXN000663,CUST0300,PROD0063,02-25-2024,2,15, PayPal,Processing,751.09
TXN000664,CUST0199,PROD0048,2024-05-19,6,15,credit card,Returned,1485.12
TXN000665,CUST0104,PROD0043,10/05/2024,6,60,Credit Card,Returned,383.88
TXN000666,CUST0070,PROD0015,2025-04-21,4,10,credit card,Cancelled,240.37
TXN000667,CUST0454,PROD0038,2025-09-10,6,60,PayPal,Cancelled,173.23
TXN000668,CUST0045,PROD0053,2025-06-18,2,60, PayPal,Pending,35.35
TXN000669,CUST0143,PROD0002,2025-03-14,2,15,credit card, SHIPPED ,124.68
TXN000670,CUST0297,PROD0029,2025-08-28,5,0,upi,Delivered,728.25
TXN000671,CUST0021,PROD0061,2025/05/31,4,50,upi,Pending,372.34
TXN000672,CUST0415,PROD0090,10/04/2024,4,15,Debit Card,Delivered,500.99
TXN000673,CUST0355,PROD0094,2025-02-20,2,25,Bank Transfer,Cancelled,154.59
TXN000674,CUST0332,PROD0012,2024-01-17,6,20,PayPal,Pending,367.63
TXN000675,CUST0440,PROD0074,2025-08-20,4,40,PayPal, SHIPPED ,777.46
TXN000676,CUST0095,PROD0048,2025-10-03,6,0,Debit Card, SHIPPED ,1747.2
TXN000677,CUST0458,PROD0089,2024-12-06,1,20,upi,Returned,13.26
TXN000678,CUST0358,PROD0079,2025-07-09,2,5,,Delivered,1577.93
TXN000679,CUST0264,PROD0087,07/01/2025,1,500,credit card,Pending,51.53
TXN000680,CUST0317,PROD0006,01-09-2025,2,50,Debit Card,Cancelled,241.29
TXN000681,CUST0071,PROD0043,2024-09-01,1,40,UPI,Cancelled,95.97
TXN000682,CUST0165,PROD0046,2024/09/30,6,30,Bank Transfer,Delivered,774.56
TXN000683,CUST0033,PROD0048,2024-12-19,4,50,Cash,Shipped,582.4
TXN000684,CUST0241,PROD0091,2025-06-28,5,20, PayPal,delivered,2559.36
TXN000685,CUST0410,PROD0087,2025-12-10,2,40,Debit Card,Shipped,88.34
TXN000686,CUST0201,PROD0023,22/10/2024,1,10,Bank Transfer,Shipped,476.12
TXN000687,CUST0357,PROD0019,2025-05-23,2,50,Credit Card,Returned,31.13
TXN000688,CUST0214,PROD0088,2025-07-08,4,25,upi,Pending,1083.57
TXN000689,CUST0378,PROD0083,2024-01-22,2,5,Credit Card,Cancelled,-94.98
TXN000690,CUST0428,PROD0067,2025-10-22,4,60,credit card,delivered,
TXN000691,CUST0249,PROD0076,2025-11-12,5,50, PayPal,Pending,73.25
TXN000692,CUST0156,PROD0073,2024-05-15,2,-10,UPI,Pending,175.5
TXN000693,CUST0191,PROD0037,18/02/2024,3,20, PayPal,Processing,74.04
TXN000694,CUST0317,PROD0021,2025-12-29,3,10,PayPal,Processing,173.85
TXN000695,CUST0083,PROD0031,2024-04-29,3,60,PayPal,Pending,
TXN000696,CUST0134,PROD0048,2024-07-07,5,0,credit card,delivered,1456.0
TXN000697,CUST0076,PROD0048,04-04-2025,2,50,Bank Transfer,Shipped,291.2
TXN000698,CUST0472,PROD0004,2025-02-18,2,40,credit card,Processing,58.92
TXN000699,CUST0003,PROD0095,2025-07-13,3,20, PayPal,Returned,385.06
TXN000700,CUST0497,PROD0097,10/08/2025,2,60, PayPal,delivered,29.34
TXN000701,CUST0353,PROD0015,2025-05-05,2,50,Debit Card,Returned,66.77
TXN000702,CUST0013,PROD0052,2025-09-24,4,25,Debit Card,delivered,51.03
TXN000703,CUST0029,PROD0078,2025-10-18,5,50,UPI,Returned,169.45
TXN000704,CUST0101,PROD0003,2024/03/26,4,5,Cash, SHIPPED ,137.22
TXN000705,CUST0100,PROD0063,2024-11-21,5,50,Credit Card,delivered,1104.55
TXN000706,CUST0204,PROD0019,2025-03-13,4,25,Credit Card,Returned,93.39
TXN000707,CUST0177,PROD0045,11/11/2024,,5,UPI,Pending,834.67
TXN000708,CUST0380,PROD0054,2025-03-29,2,30,upi,Processing,271.82
TXN000709,CUST0428,PROD0076,2025-09-04,2,15,Bank Transfer,Pending,49.81
TXN000710,CUST0445,PROD0068,2024-12-09,5,30,Debit Card,Delivered,184.59
TXN000711,CUST0210,PROD0082,2024-10-06,2,50, PayPal,Processing,115.64
TXN000712,CUST0427,PROD0049,2024-10-23,4,0,Bank Transfer,Returned,519.12
TXN000713,CUST0253,PROD0072,2025-04-19,1,0,PayPal,Returned,191.67
TXN000714,CUST0154,PROD0082,13/10/2025,1,20,upi,Processing,204.88
TXN000715,CUST0353,PROD0083,2024/09/07,1,20, PayPal,Shipped,-39.99
TXN000716,CUST0307,PROD0096,2025-01-05,4,60,upi,Returned,30.54
TXN000717,CUST0322,PROD0088,2025-05-02,1,25,Cash,Delivered,270.89
TXN000718,CUST0433,PROD0034,2024-06-15,1,10,credit card,Pending,134.6
TXN000719,CUST0450,PROD0089,2024-05-18,2,0,Bank Transfer,delivered,33.16
TXN000720,CUST0215,PROD0082,2024-12-30,3,20,Cash,Shipped,639.97
TXN000721,CUST0393,PROD0081,06/07/2024,5,10,Cash,delivered,280.62
TXN000722,CUST0447,PROD0041,2025-12-02,3,25,Debit Card,delivered,934.18
TXN000723,CUST0007,PROD0018,2025-06-14,3,40,upi,delivered,213.08
TXN000724,CUST0472,PROD0021,2024-04-14,2,50,UPI,Cancelled,64.39
TXN000725,CUST0408,PROD0072,2025-09-20,5,50,Cash,Shipped,479.17
TXN000726,CUST0214,PROD0059,2024/03/19,2,0, PayPal,delivered,108.44
TXN000727,CUST0160,PROD0089,2025-01-06,4,60,Cash,delivered,26.53
TXN000728,CUST0089,PROD0091,07/11/2024,6,5,UPI,Processing,3647.09
TXN000729,CUST0439,PROD0089,2024-05-25,2,20,PayPal,Cancelled,26.53
TXN000730,CUST0067,PROD0011,2025-03-11,1,5,Credit Card,Pending,76.72
TXN000731,CUST0388,PROD0056,02-13-2024,1,0,Cash,Delivered,468.18
TXN000732,CUST0241,PROD0016,2024-09-16,1,20,Credit Card,Shipped,31.82
TXN000733,CUST0401,PROD0016,2025-09-08,5,15,PayPal,delivered,169.02
TXN000734,CUST0015,PROD0012,2024-05-29,3,60,credit card,delivered,91.91
TXN000735,CUST0083,PROD0065,19/09/2025,5,60,Debit Card,Shipped,61.96
TXN000736,CUST0420,PROD0075,2024-01-15,2,15,Bank Transfer,Processing,69.1
TXN000737,CUST0462,PROD0097,2025/07/04,6,5,UPI,Pending,209.02
TXN000738,CUST0188,PROD0090,2025-08-26,4,5,PayPal,delivered,559.93
TXN000739,CUST0195,PROD0055,2024-08-07,2,30,Debit Card,delivered,1470.56
TXN000740,CUST0064,PROD0060,2024-04-22,2,40,credit card,Returned,299.89
TXN000741,CUST0286,PROD0093,2024-02-11,3,40,Debit Card, SHIPPED ,574.58
TXN000742,CUST0146,PROD0059,06/09/2025,3,40,UPI, SHIPPED ,97.6
TXN000743,CUST0149,PROD0055,2024-07-12,4,25,PayPal,Delivered,3151.2
TXN000744,CUST0346,PROD0063,2025-11-19,4,40,Cash,Shipped,1060.37
TXN000745,CUST0062,PROD0019,2025-02-08,NaN,60,Debit Card,Processing,74.71
TXN000746,CUST0034,PROD0047,2024-07-22,2,60,upi,Shipped,40.26
TXN000747,CUST0120,PROD0055,2025-05-26,6,60,Bank Transfer, SHIPPED ,2520.96
TXN000748,CUST0183,PROD0061,2025/11/13,4,40,Cash,Returned,446.81
TXN000749,CUST0076,PROD0099,10/04/2025,1,20, PayPal,Pending,30.96
TXN000750,CUST0119,PROD0081,2024-05-17,1,0,Debit Card,Pending,62.36
TXN000751,CUST0348,PROD0004,2024-07-02,5,25,PayPal,Returned,184.12
TXN000752,CUST0319,PROD0080,2024-04-08,6,50, PayPal,Pending,561.09
TXN000753,CUST0104,PROD0038,2025-11-08,4,50,Bank Transfer,delivered,144.36
TXN000754,CUST0415,PROD0070,2025-07-13,1,30,Debit Card, SHIPPED ,50.65
TXN000755,CUST0231,PROD0041,2025-01-20,4,0,Credit Card,Processing,1148.8
TXN000756,CUST0441,PROD0100,06/11/2024,2,40,upi,Processing,133.45
TXN000757,CUST0160,PROD0092,2025-02-02,1,60, PayPal,Pending,90.06
TXN000758,CUST0244,PROD0072,2024-06-09,1,30,Bank Transfer,Pending,134.17
TXN000759,CUST0303,PROD0049,2025/09/23,3,20,credit card,Delivered,311.47
TXN000760,CUST0015,PROD0076,2024-02-16,3,25,Credit Card,delivered,65.93
TXN000761,CUST0195,PROD0013,2025-03-14,3,30,credit card,Delivered,182.2
TXN000762,CUST0339,PROD0032,2024-09-10,6,20,Debit Card,,576.29
TXN000763,CUST0445,PROD0040,27/04/2024,2,0,Cash,delivered,110.28
TXN000764,CUST0020,PROD0059,2025-11-04,5,50,upi,Returned,NaN
TXN000765,CUST0011,PROD0090,04-25-2025,1,25,upi, SHIPPED ,110.51
TXN000766,CUST0166,PROD0074,2024-04-10,1,15,credit card,Pending,275.35
TXN000767,CUST0258,PROD0098,2025-11-14,2,60,Bank Transfer,delivered,201.44
TXN000768,CUST0497,PROD0056,2024-07-25,6,5,Cash,Cancelled,2668.63
TXN000769,CUST0148,PROD0034,2024-02-18,5,30,UPI,Shipped,523.46
TXN000770,CUST0368,PROD0075,07/04/2024,3,20,Debit Card,Pending,97.56
TXN000771,CUST0219,PROD0027,2024-12-21,6,20,Cash,Returned,434.45
TXN000772,CUST0222,PROD0085,2025-07-06,2,30,upi,Returned,40.75
TXN000773,CUST0320,PROD0066,2025-04-09,5,10,Credit Card,Processing,414.68
TXN000774,CUST0296,PROD0064,2024-08-06,6,40,Bank Transfer, SHIPPED ,194.26
TXN000775,CUST0479,PROD0073,2025-10-03,5,15,credit card,Pending,466.18
TXN000776,CUST0076,PROD0031,2024-06-03,6,500,upi, SHIPPED ,224.35
TXN000777,CUST0164,PROD0009,11/10/2025,4,20,Bank Transfer,Processing,605.66
TXN000778,CUST0132,PROD0088,2025-09-07,4,15,Debit Card,Processing,1228.05
TXN000779,CUST0099,PROD0004,2024-09-08,4,40,Cash, SHIPPED ,117.84
TXN000780,CUST0217,PROD0083,2024-02-07,2,20,PayPal,Delivered,-79.98
TXN000781,CUST0133,PROD0036,2025/11/05,2,0, PayPal,Delivered,422.32
TXN000782,CUST0029,PROD0011,11-17-2024,3,5,upi,delivered,230.17
TXN000783,CUST0344,PROD0085,2024-04-02,6,10,UPI,Shipped,157.19
TXN000784,CUST0293,PROD0095,27/05/2025,5,60,Cash,Returned,320.88
TXN000785,CUST0255,PROD0012,2024-08-31,1,25,credit card, SHIPPED ,57.44
TXN000786,CUST0413,PROD0096,2024-08-29,2,10,Debit Card,Processing,34.36
TXN000787,CUST0110,PROD0036,2025-03-26,3,60,Credit Card,Pending,253.39
TXN000788,CUST0274,PROD0048,2025-12-17,3,50,upi,Pending,436.8
TXN000789,CUST0350,PROD0032,2024-10-11,3,40,credit card,Returned,216.11
TXN000790,CUST0011,PROD0083,2025-09-12,6,0,UPI,Returned,-299.94
TXN000791,CUST0283,PROD0050,12/11/2024,6,25,,Cancelled,105.89
TXN000792,CUST0440,PROD0057,2025/02/01,4,20,Bank Transfer,Shipped,1465.98
TXN000793,CUST0480,PROD0097,2024-08-29,2,10, PayPal,delivered,66.01
TXN000794,CUST0451,PROD0099,2025-10-21,1,20,Debit Card,Pending,30.96
TXN000795,CUST0242,PROD0095,2025-02-26,6,30,Debit Card,Processing,673.85
TXN000796,CUST0358,PROD0034,2025-06-02,3,30,Cash,delivered,314.08
TXN000797,CUST0233,PROD0089,2024-01-29,6,10, PayPal,Processing,89.53
TXN000798,CUST0002,PROD0052,23/07/2024,3,25,Debit Card,Shipped,38.27
TXN000799,CUST0081,PROD0032,06-12-2025,6,10,upi,delivered,648.32
TXN000800,CUST0232,PROD0062,2024-05-16,2,60,credit card,Returned,20.14
TXN000801,CUST0102,PROD0011,2025-02-28,2,30,upi,Cancelled,113.06
TXN000802,CUST0011,PROD0003,2025-07-25,5,15,Debit Card,Pending,153.47
TXN000803,CUST0102,PROD0034,2025/12/19,1,30,upi,Returned,104.69
TXN000804,CUST0077,PROD0012,2025-01-11,5,5,Credit Card, SHIPPED ,363.8
TXN000805,CUST0396,PROD0059,20/11/2025,1,15,UPI,Cancelled,46.09
TXN000806,CUST0485,PROD0035,2024-10-21,4,30,PayPal, SHIPPED ,872.84
TXN000807,CUST0439,PROD0027,2025-09-06,3,15,upi,Processing,230.8
TXN000808,CUST0210,PROD0019,2024-01-30,,15, PayPal,Cancelled,79.38
TXN000809,CUST0190,PROD0075,2025-12-01,4,5,Credit Card,Pending,154.47
TXN000810,CUST0069,PROD0042,2025-12-10,6,15,upi, SHIPPED ,265.51
TXN000811,CUST0377,PROD0077,2024-09-19,1,50,Credit Card,Delivered,17.05
TXN000812,CUST0171,PROD0031,27/04/2025,5,60,Credit Card,Delivered,93.48
TXN000813,CUST0130,PROD0065,2025-09-26,3,30,credit card,Processing,65.06
TXN000814,CUST0496,PROD0072,2024/02/12,2,20,PayPal,Pending,306.67
TXN000815,CUST0477,PROD0044,2025-04-24,1,25,Cash, SHIPPED ,77.59
TXN000816,CUST0073,PROD0034,04-29-2024,1,10, PayPal,Returned,134.6
TXN000817,CUST0383,PROD0047,2025-03-16,3,60,Bank Transfer,delivered,60.38
TXN000818,CUST0224,PROD0022,2024-11-19,4,10,Cash,Pending,647.03
TXN000819,CUST0028,PROD0025,01/06/2024,2,10,Credit Card,Pending,1421.05
TXN000820,CUST0134,PROD0021,2025-12-23,4,5, PayPal,Delivered,244.68
TXN000821,CUST0227,PROD0046,2025-12-27,4,40, PayPal,Shipped,442.61
TXN000822,CUST0434,PROD0093,2024-05-31,3,5,UPI,Returned,909.75
TXN000823,CUST0093,PROD0022,2025-06-04,5,60,UPI,Delivered,359.46
TXN000824,CUST0270,PROD0099,2025-08-07,4,5,UPI,Pending,147.06
TXN000825,CUST0347,PROD0013,2024/12/02,3,5,upi,delivered,247.27
TXN000826,CUST0303,PROD0014,27/11/2024,1,5, PayPal,Pending,16.6
TXN000827,CUST0233,PROD0081,2024-10-02,6,0,credit card,Delivered,374.16
TXN000828,CUST0336,PROD0080,2025-04-08,6,60,PayPal,Cancelled,448.87
TXN000829,CUST0442,PROD0007,2025-10-21,3,0,Debit Card, SHIPPED ,683.91
TXN000830,CUST0048,PROD0052,2024-09-18,2,30,Debit Card,Delivered,23.81
TXN000831,CUST0437,PROD0027,2024-06-15,4,20,PayPal,Shipped,289.63
TXN000832,CUST0153,PROD0063,2025-03-18,3,60,PayPal,delivered,530.18
TXN000833,CUST0341,PROD0013,11/01/2025,2,40, PayPal, SHIPPED ,104.11
TXN000834,CUST0244,PROD0035,2025-07-30,4,5,upi,delivered,
TXN000835,CUST0315,PROD0024,2025-03-20,4,5,Credit Card,delivered,384.71
TXN000836,CUST0499,PROD0060,2025/11/23,6,10, PayPal,Shipped,1349.51
TXN000837,CUST0149,PROD0060,2025-03-23,4,20,PayPal,Processing,799.71
TXN000838,CUST0351,PROD0039,2024-09-11,4,20,Credit Card,Shipped,179.68
TXN000839,CUST0470,PROD0006,2025-06-09,5,30,upi,Shipped,844.51
TXN000840,CUST0238,PROD0085,05/08/2025,3,20,Debit Card,Delivered,69.86
TXN000841,CUST0059,PROD0095,2025-11-08,2,10,upi,Delivered,288.79
TXN000842,CUST0043,PROD0054,2025-12-22,3,60, PayPal,Pending,232.99
TXN000843,CUST0320,PROD0034,2024-12-15,2,10,Debit Card,Returned,269.21
TXN000844,CUST0447,PROD0087,2024-04-18,-3,0,Credit Card, SHIPPED ,368.1
TXN000845,CUST0060,PROD0002,2024-06-24,4,40,upi,Pending,176.02
TXN000846,CUST0156,PROD0080,2025-09-23,6,30,Bank Transfer,Shipped,785.53
TXN000847,CUST0065,PROD0018,15/01/2024,1,0,UPI,Delivered,118.38
TXN000848,CUST0108,PROD0062,2025-10-26,6,15,upi,Cancelled,128.42
TXN000849,CUST0045,PROD0039,2025-04-19,4,30,Credit Card,Shipped,157.22
TXN000850,CUST0086,PROD0020,12-20-2025,4,40,Credit Card,Pending,217.78
TXN000851,CUST0300,PROD0032,2024-07-25,5,30,Credit Card,delivered,420.21
TXN000852,CUST0005,PROD0014,2025-10-07,4,30, PayPal,Returned,48.92
TXN000853,CUST0019,PROD0063,2025-02-13,5,60, PayPal,Cancelled,883.64
TXN000854,CUST0366,PROD0008,24/06/2025,4,60,credit card,Shipped,156.66
TXN000855,CUST0138,PROD0083,2025-03-03,1,40,credit card,Pending,-29.99
TXN000856,CUST0358,PROD0056,2024-01-22,3,15, PayPal,delivered,1193.86
TXN000857,CUST0225,PROD0030,2025-06-03,5,25, PayPal,Processing,227.89
TXN000858,CUST0453,PROD0038,2025/12/29,4,25, PayPal,Processing,216.54
TXN000859,CUST0319,PROD0027,2024-10-16,6,5, PayPal,Processing,515.91
TXN000860,CUST0089,PROD0026,2024-06-09,4,5,upi,Pending,269.34
TXN000861,CUST0156,PROD0031,02/08/2024,1,0,credit card,Returned,46.74
TXN000862,CUST0183,PROD0087,2024-06-11,5,0,Debit Card,delivered,368.1
TXN000863,CUST0221,PROD0015,2025-09-24,1,50,UPI,Pending,33.38
TXN000864,CUST0133,PROD0044,2024-12-29,5,20,PayPal,Shipped,413.8
TXN000865,CUST0362,PROD0007,2025-03-24,1,-10,Debit Card,Delivered,216.57
TXN000866,CUST0260,PROD0014,2024-06-20,1,15,credit card,Processing,14.85
TXN000867,CUST0373,PROD0038,12-26-2025,5,40,Debit Card,Processing,216.54
TXN000868,CUST0332,PROD0047,08/12/2024,1,15, PayPal, SHIPPED ,42.77
TXN000869,CUST0394,PROD0099,2024/01/07,4,25,Bank Transfer,Processing,116.1
TXN000870,CUST0044,PROD0035,2025-01-16,4,25,UPI,Processing,935.19
TXN000871,CUST0386,PROD0097,2025-06-26,2,10,upi, SHIPPED ,66.01
TXN000872,CUST0471,PROD0053,2025-04-14,6,25,Credit Card,Pending,198.85
TXN000873,CUST0075,PROD0099,2024-01-11,5,500,Debit Card,delivered,183.82
TXN000874,CUST0162,PROD0052,2024-06-17,1,30,Credit Card,Processing,11.91
TXN000875,CUST0463,PROD0074,29/02/2024,6,50,Bank Transfer, SHIPPED ,971.82
TXN000876,CUST0206,PROD0088,2025-12-18,3,25,credit card,Delivered,812.68
TXN000877,CUST0424,PROD0036,2025-06-24,2,30, PayPal,Cancelled,295.62
TXN000878,CUST0455,PROD0070,2025-10-01,6,40,credit card, SHIPPED ,260.5
TXN000879,CUST0398,PROD0026,2024-11-04,1,50,credit card, SHIPPED ,35.44
TXN000880,CUST0372,PROD0093,2024/05/09,5,20,UPI,Shipped,1276.84
TXN000881,CUST0262,PROD0071,2024-11-15,3,10,Credit Card,Delivered,2235.84
TXN000882,CUST0456,PROD0070,29/08/2025,2,20,upi,Shipped,115.78
TXN000883,CUST0375,PROD0008,2025-01-16,6,50,credit card,Shipped,293.73
TXN000884,CUST0025,PROD0097,10-28-2025,4,20,Credit Card,Pending,117.34
TXN000885,CUST0174,PROD0031,2025-08-18,6,50,UPI,delivered,140.22
TXN000886,CUST0154,PROD0037,2025-11-13,5,10,upi,Cancelled,138.83
TXN000887,CUST0054,PROD0042,2025-06-12,2,25, PayPal,Shipped,78.09
TXN000888,CUST0076,PROD0092,2025-03-11,1,5,Credit Card, SHIPPED ,213.89
TXN000889,CUST0455,PROD0017,02/05/2025,4,5,credit card,,407.09
TXN000890,CUST0302,PROD0072,2025-06-15,3,60, PayPal, SHIPPED ,230.0
TXN000891,CUST0226,PROD0089,2025/05/16,4,10,PayPal,Processing,59.69
TXN000892,CUST0249,PROD0092,2025-04-13,6,50,Cash,Shipped,675.45
TXN000893,CUST0356,PROD0028,2025-04-11,1,10,Cash,delivered,805.6
TXN000894,CUST0472,PROD0016,2025-09-08,NaN,5,credit card,Returned,37.78
TXN000895,CUST0021,PROD0067,2024-06-05,3,20,credit card,Returned,
TXN000896,CUST0151,PROD0063,29/01/2024,2,60,upi,Delivered,353.46
TXN000897,CUST0480,PROD0040,2024-10-17,2,40,Credit Card,Shipped,66.17
TXN000898,CUST0281,PROD0045,2024-03-10,4,40,Bank Transfer,Pending,421.73
TXN000899,CUST0461,PROD0044,2025-01-21,6,60,PayPal,Processing,248.28
TXN000900,CUST0259,PROD0082,2025-04-16,6,40,PayPal,delivered,226.34
TXN000901,CUST0320,PROD0086,09-30-2025,4,15,upi,delivered,3571.6
TXN000902,CUST0277,PROD0006,2025/11/17,6,20,Debit Card,Processing,1158.19
TXN000903,CUST0363,PROD0004,08/08/2025,6,20,Cash,Shipped,235.68
TXN000904,CUST0330,PROD0072,2024-03-28,5,50,,Cancelled,479.17
TXN000905,CUST0385,PROD0061,2025-05-29,1,50,PayPal,Delivered,93.08
TXN000906,CUST0141,PROD0027,2024-09-08,5,40,Debit Card,delivered,271.53
TXN000907,CUST0206,PROD0076,2024-02-16,1,25,upi,Processing,21.98
TXN000908,CUST0213,PROD0004,2025-06-24,4,20,Debit Card,Shipped,157.12
TXN000909,CUST0051,PROD0070,2024-06-21,,10,Bank Transfer,Shipped,130.25
TXN000910,CUST0079,PROD0040,21/02/2025,2,0,credit card,Processing,110.28
TXN000911,CUST0014,PROD0092,2024-02-29,4,5,credit card,Processing,855.57
TXN000912,CUST0212,PROD0042,2024-09-21,1,0,UPI,Cancelled,52.06
TXN000913,CUST0386,PROD0077,2025/08/23,4,50,Cash, SHIPPED ,68.2
TXN000914,CUST0487,PROD0015,2024-10-02,3,40,Cash, SHIPPED ,120.19
TXN000915,CUST0034,PROD0062,2024-01-30,6,15,Credit Card,Returned,128.42
TXN000916,CUST0284,PROD0076,2025-11-22,2,50,PayPal,Returned,29.3
TXN000917,CUST0291,PROD0053,01/04/2025,6,50,UPI,Processing,132.57
TXN000918,CUST0192,PROD0070,06-21-2024,5,30,Cash,Pending,253.26
TXN000919,CUST0022,PROD0001,2025-04-20,3,10,Credit Card,Delivered,475.39
TXN000920,CUST0478,PROD0062,2024-10-06,3,30,credit card,Cancelled,52.88
TXN000921,CUST0300,PROD0066,2024-10-15,2,50,Debit Card,Returned,92.15
TXN000922,CUST0046,PROD0051,2025-12-16,2,50,Bank Transfer, SHIPPED ,112.28
TXN000923,CUST0108,PROD0079,2025-05-31,6,25,Bank Transfer,Pending,3737.21
TXN000924,CUST0140,PROD0032,09/11/2025,3,15, PayPal,delivered,306.15
TXN000925,CUST0009,PROD0089,2024-05-16,1,60, PayPal,Delivered,6.63
TXN000926,CUST0462,PROD0002,2025-11-19,4,50, PayPal, SHIPPED ,146.68
TXN000927,CUST0276,PROD0011,2025-10-26,1,50,Credit Card,Pending,40.38
TXN000928,CUST0345,PROD0016,2024-12-27,5,25,upi,Processing,149.14
TXN000929,CUST0430,PROD0099,2025-12-14,1,40,credit card,Cancelled,23.22
TXN000930,CUST0228,PROD0002,2024-08-14,1,20,credit card,Cancelled,58.67
TXN000931,CUST0047,PROD0079,02/10/2025,6,15,UPI,Pending,4235.5
TXN000932,CUST0496,PROD0047,2024-02-07,4,60,UPI,Delivered,80.51
TXN000933,CUST0101,PROD0082,2025-02-09,3,60,Cash,Pending,122.19
TXN000934,CUST0100,PROD0085,2025-08-02,6,60,PayPal,Shipped,69.86
TXN000935,CUST0302,PROD0017,2024/03/07,3,60,UPI,Returned,128.56
TXN000936,CUST0099,PROD0087,2024-01-24,6,50,Bank Transfer,Pending,220.86
TXN000937,CUST0002,PROD0055,2025-10-18,6,0,credit card, SHIPPED ,6302.4
TXN000938,CUST0433,PROD0053,07/10/2024,6,50, PayPal,Pending,132.57
TXN000939,CUST0186,PROD0067,2024-02-14,2,0,Bank Transfer, SHIPPED ,
TXN000940,CUST0273,PROD0058,2024-11-19,4,15,credit card,Shipped,107.58
TXN000941,CUST0451,PROD0074,2024-01-26,2,30,Debit Card,Cancelled,453.52
TXN000942,CUST0101,PROD0022,2024-12-03,1,5,Credit Card,Pending,170.74
TXN000943,CUST0222,PROD0004,2025-08-29,3,20,UPI,Shipped,117.84
TXN000944,CUST0243,PROD0031,2024-12-14,3,50,UPI,Shipped,70.11
TXN000945,CUST0398,PROD0077,26/09/2025,1,40,Debit Card,Shipped,20.46
TXN000946,CUST0499,PROD0008,2024/02/04,3,5,PayPal,Delivered,279.04
TXN000947,CUST0471,PROD0057,2024-02-26,5,30,Debit Card,Shipped,1603.42
TXN000948,CUST0347,PROD0008,2025-07-26,3,30,upi,Shipped,205.61
TXN000949,CUST0317,PROD0097,2025-02-24,5,60,Credit Card,Pending,73.34
TXN000950,CUST0197,PROD0060,2025-03-14,5,5,credit card,Delivered,1187.07
TXN000951,CUST0233,PROD0067,2024-12-02,2,5,Debit Card,Delivered,
TXN000952,CUST0305,PROD0092,10/03/2024,2,60,PayPal,Returned,180.12
TXN000953,CUST0182,PROD0054,2025-05-07,5,40,PayPal,Cancelled,582.48
TXN000954,CUST0071,PROD0006,2024-03-02,3,60,upi,delivered,289.55
TXN000955,CUST0160,PROD0075,2025-07-08,2,40,Bank Transfer,delivered,NaN
TXN000956,CUST0150,PROD0048,2024-01-09,5,10,Credit Card,Cancelled,1310.4
TXN000957,CUST0260,PROD0072,2024/02/25,3,15,UPI,Cancelled,488.76
TXN000958,CUST0403,PROD0009,2024-12-15,6,40, PayPal,delivered,681.37
TXN000959,CUST0437,PROD0075,02/08/2025,5,20,upi,delivered,162.6
TXN000960,CUST0084,PROD0014,2025-04-10,4,15,Credit Card,Cancelled,59.4
TXN000961,CUST0355,PROD0030,2025-04-22,2,15, PayPal,delivered,103.31
TXN000962,CUST0414,PROD0095,2025-01-19,4,10,Credit Card,delivered,577.58
TXN000963,CUST0006,PROD0010,2025-01-01,5,5,PayPal,Returned,499.51
TXN000964,CUST0226,PROD0025,2025-10-08,3,0,Credit Card,Cancelled,2368.41
TXN000965,CUST0102,PROD0037,2024-06-27,3,10,credit card,Cancelled,83.3
TXN000966,CUST0092,PROD0026,23/01/2024,3,5,Credit Card,Processing,202.01
TXN000967,CUST0195,PROD0084,2024-04-23,2,20, PayPal,Cancelled,270.85
TXN000968,CUST0190,PROD0048,2025/11/07,5,60,upi,Shipped,582.4
TXN000969,CUST0061,PROD0019,05-13-2024,2,50,upi,delivered,31.13
TXN000970,CUST0163,PROD0077,2025-03-15,2,500,UPI,Returned,68.2
TXN000971,CUST0405,PROD0020,2024-12-01,1,20,PayPal,Pending,72.59
TXN000972,CUST0108,PROD0094,2024-03-24,6,60,Debit Card,Processing,247.34
TXN000973,CUST0261,PROD0050,22/10/2025,3,40,Cash,Pending,
TXN000974,CUST0092,PROD0042,2025-12-30,5,40, PayPal,Pending,156.18
TXN000975,CUST0138,PROD0075,2025-02-14,5,0,UPI,Cancelled,203.25
TXN000976,CUST0459,PROD0026,2025-04-07,4,15,Bank Transfer, SHIPPED ,240.99
TXN000977,CUST0456,PROD0049,2025-08-08,3,20,Cash,Shipped,311.47
TXN000978,CUST0069,PROD0097,2024-03-27,4,50,credit card,Cancelled,73.34
TXN000979,CUST0299,PROD0006,2025/04/21,5,25,upi,Pending,904.84
TXN000980,CUST0240,PROD0056,22/02/2025,4,25,Bank Transfer, SHIPPED ,1404.54
TXN000981,CUST0013,PROD0023,2025-03-28,3,5,credit card,Shipped,1507.71
TXN000982,CUST0151,PROD0065,2025-06-09,6,5,Bank Transfer,Cancelled,176.59
TXN000983,CUST0051,PROD0016,2024-03-14,1,50,UPI,delivered,19.89
TXN000984,CUST0101,PROD0087,2024-12-03,3,20,UPI,Processing,176.69
TXN000985,CUST0438,PROD0097,2025-07-10,1,20,Bank Transfer,delivered,29.34
TXN000986,CUST0401,PROD0052,02-19-2025,6,0, PayPal,Processing,102.06
TXN000987,CUST0444,PROD0051,21/08/2024,6,15, PayPal,Cancelled,572.63
TXN000988,CUST0265,PROD0076,2025-07-19,6,40,credit card,Shipped,105.48
TXN000989,CUST0161,PROD0025,2025-03-15,4,15, PayPal,Pending,2684.2
TXN000990,CUST0437,PROD0072,2024/01/31,2,60,PayPal,Returned,153.34
TXN000991,CUST0483,PROD0095,2024-01-10,6,25,credit card,Cancelled,721.98
TXN000992,CUST0215,PROD0055,2025-12-03,6,50,Bank Transfer,delivered,3151.2
TXN000993,CUST0301,PROD0003,2025-08-04,2,10,credit card, SHIPPED ,65.0
TXN000994,CUST0196,PROD0027,04/02/2025,5,30,UPI,Pending,316.78
TXN000995,CUST0056,PROD0043,2025-08-06,6,20,Debit Card,Processing,767.76
TXN000996,CUST0054,PROD0087,2025-07-20,1,60, PayPal,Delivered,29.45
TXN000997,CUST0096,PROD0026,2024-03-12,3,15,UPI,Returned,180.74
TXN000998,CUST0338,PROD0068,2024-03-12,1,25,Cash,Delivered,39.55
TXN000999,CUST0088,PROD0042,2025-02-24,2,5,PayPal, SHIPPED ,98.91
TXN001000,CUST0245,PROD0096,2024-03-11,2,10,UPI,Returned,34.36
TXN001001,CUST0222,PROD0091,11/11/2025,2,60,Bank Transfer,Cancelled,511.87
TXN001002,CUST0258,PROD0092,2025-12-02,3,15,Credit Card,Processing,574.13
TXN001003,CUST0229,PROD0009,02-12-2025,2,50,credit card,Pending,189.27
TXN001004,CUST0236,PROD0060,2025-08-12,6,5,Bank Transfer,Pending,1424.49
TXN001005,CUST0178,PROD0090,2025-12-29,4,60,PayPal, SHIPPED ,235.76
TXN001006,CUST0128,PROD0023,2025-09-24,4,40,upi,Processing,1269.65
TXN001007,CUST0358,PROD0073,2024-04-07,6,0,UPI,Processing,658.14
TXN001008,CUST0141,PROD0081,04/07/2025,6,5,UPI,Pending,355.45
TXN001009,CUST0211,PROD0098,2025-07-20,3,5,Debit Card,delivered,717.63
TXN001010,CUST0210,PROD0058,2024-06-17,,50,Credit Card,Pending,31.64
TXN001011,CUST0014,PROD0010,2025-10-16,6,40,upi,delivered,378.58
TXN001012,CUST0382,PROD0052,2024/07/18,1,0,Bank Transfer,Shipped,17.01
TXN001013,CUST0364,PROD0018,2024-11-30,6,40, PayPal,Pending,426.17
TXN001014,CUST0035,PROD0011,2025-07-15,2,40,PayPal,Pending,96.91
TXN001015,CUST0421,PROD0036,14/06/2024,1,60,Debit Card,Processing,84.46
TXN001016,CUST0151,PROD0016,2025-07-01,4,10,Debit Card,,143.17
TXN001017,CUST0347,PROD0035,2024-06-06,3,10,,Delivered,841.67
TXN001018,CUST0458,PROD0087,2025-06-29,4,0,Cash,Shipped,294.48
TXN001019,CUST0200,PROD0089,2024-11-11,1,60,Credit Card,Delivered,6.63
TXN001020,CUST0396,PROD0049,07-25-2024,3,15,UPI,Shipped,330.94
TXN001021,CUST0009,PROD0054,2024-01-29,3,15,Debit Card,Cancelled,495.11
TXN001022,CUST0491,PROD0013,11/11/2025,6,10,Credit Card, SHIPPED ,468.5
TXN001023,CUST0263,PROD0014,2024/11/30,5,15,UPI, SHIPPED ,74.25
TXN001024,CUST0481,PROD0055,2024-05-03,2,5,credit card,delivered,1995.76
TXN001025,CUST0089,PROD0002,2025-02-15,3,0,upi,Cancelled,220.02
TXN001026,CUST0235,PROD0029,2024-03-08,3,60,credit card,Delivered,174.78
TXN001027,CUST0035,PROD0028,2025-02-24,5,40,Debit Card,Processing,2685.33
TXN001028,CUST0129,PROD0013,2025-09-06,6,30,PayPal,delivered,364.39
TXN001029,CUST0090,PROD0082,05/12/2025,6,40,Debit Card,delivered,102.5
TXN001030,CUST0467,PROD0075,2025-04-04,5,15,Cash,Delivered,172.76
TXN001031,CUST0120,PROD0003,2025-09-23,3,15,upi,Cancelled,92.08
TXN001032,CUST0318,PROD0011,2024-03-02,3,40,Bank Transfer,Cancelled,145.37
TXN001033,CUST0078,PROD0049,2024-07-28,1,15, PayPal,delivered,110.31
TXN001034,CUST0069,PROD0036,2024/11/21,1,50,upi,Returned,105.58
TXN001035,CUST0385,PROD0004,2024-08-22,3,25,UPI,Cancelled,110.48
TXN001036,CUST0277,PROD0007,11/11/2025,6,15,upi,delivered,1162.65
TXN001037,CUST0094,PROD0057,10-06-2025,1,40,Debit Card,Cancelled,274.87
TXN001038,CUST0027,PROD0082,2024-05-24,2,-10,PayPal,Cancelled,253.51
TXN001039,CUST0041,PROD0055,2025-04-23,2,15,UPI, SHIPPED ,1785.68
TXN001040,CUST0091,PROD0078,2024-09-11,3,60, PayPal,Cancelled,81.34
TXN001041,CUST0140,PROD0062,2024-03-22,4,30,PayPal,Pending,70.5
TXN001042,CUST0226,PROD0055,2025-06-01,6,30,PayPal,Pending,4411.68
TXN001043,CUST0011,PROD0098,25/01/2025,NaN,20,Cash,Processing,201.44
TXN001044,CUST0284,PROD0094,2024-06-28,4,40,Bank Transfer,Pending,247.34
TXN001045,CUST0146,PROD0049,2025/07/29,4,5,credit card,Processing,493.16
TXN001046,CUST0367,PROD0061,2024-07-19,2,0,Credit Card,delivered,372.34
TXN001047,CUST0252,PROD0052,2025-03-01,6,25,upi,Pending,76.55
TXN001048,CUST0158,PROD0083,2025-08-25,4,0,Debit Card, SHIPPED ,-199.96
TXN001049,CUST0478,PROD0073,2024-06-15,4,20,credit card,Pending,351.01
TXN001050,CUST0326,PROD0089,12/01/2025,1,30,upi,Cancelled,11.61
TXN001051,CUST0125,PROD0062,2024-02-05,6,0,PayPal,Returned,151.08
TXN001052,CUST0310,PROD0059,2025-11-28,3,15,PayPal,Delivered,138.26
TXN001053,CUST0060,PROD0099,2024-04-04,6,30,upi,Shipped,162.54
TXN001054,CUST0266,PROD0025,03-09-2025,4,20,Bank Transfer, SHIPPED ,2526.3
TXN001055,CUST0301,PROD0040,2025-02-25,-3,5,credit card,Processing,52.38
TXN001056,CUST0138,PROD0096,2024/08/02,4,20,Credit Card,Processing,61.09
TXN001057,CUST0418,PROD0063,02/01/2024,1,30,Cash, SHIPPED ,309.27
TXN001058,CUST0336,PROD0037,2025-03-17,2,25,PayPal,Processing,46.28
TXN001059,CUST0102,PROD0063,2024-07-05,1,40,UPI,Processing,265.09
TXN001060,CUST0103,PROD0008,2024-07-06,3,30, PayPal,Shipped,205.61
TXN001061,CUST0445,PROD0082,2024-06-19,3,5,upi,Shipped,435.61
TXN001062,CUST0176,PROD0004,2025-08-22,4,40,Debit Card,Delivered,117.84
TXN001063,CUST0032,PROD0035,2024-01-08,5,0,Debit Card,Cancelled,1558.65
TXN001064,CUST0268,PROD0001,19/01/2025,5,20, PayPal,Pending,704.28
TXN001065,CUST0388,PROD0044,2025-09-10,3,25,credit card,delivered,232.76
TXN001066,CUST0419,PROD0031,2025-01-04,4,30,Credit Card,delivered,130.87
TXN001067,CUST0448,PROD0043,2024/04/12,4,500,PayPal,Delivered,447.86
TXN001068,CUST0309,PROD0016,2025-06-27,6,15,credit card,Pending,202.83
TXN001069,CUST0317,PROD0088,2025-11-05,5,30,UPI,Delivered,1264.16
TXN001070,CUST0327,PROD0042,2024-01-18,3,0,credit card,Pending,156.18
TXN001071,CUST0120,PROD0078,11/05/2025,6,60,Debit Card,delivered,162.67
TXN001072,CUST0220,PROD0061,2025-11-05,1,30,Bank Transfer,Cancelled,130.32
TXN001073,CUST0365,PROD0019,2025-06-16,6,50,Credit Card,Processing,93.39
TXN001074,CUST0255,PROD0012,2024-11-04,5,40,PayPal,Pending,229.77
TXN001075,CUST0489,PROD0015,2025-05-08,5,15,UPI,Cancelled,283.77
TXN001076,CUST0088,PROD0097,2025-11-06,1,5,upi,Delivered,34.84
TXN001077,CUST0083,PROD0042,2025-01-27,2,20, PayPal,Shipped,83.3
TXN001078,CUST0341,PROD0018,01/07/2025,6,40,Debit Card,delivered,426.17
TXN001079,CUST0447,PROD0029,2025-08-12,1,25,upi, SHIPPED ,109.24
TXN001080,CUST0335,PROD0083,2025-07-29,2,15,Bank Transfer,Shipped,-84.98
TXN001081,CUST0149,PROD0012,2024-04-24,3,60,UPI,Shipped,91.91
TXN001082,CUST0294,PROD0048,2024-05-10,4,60,Credit Card,Returned,465.92
TXN001083,CUST0032,PROD0076,2025-07-02,4,30,credit card,delivered,82.04
TXN001084,CUST0409,PROD0087,2024-05-09,6,60,UPI,Shipped,176.69
TXN001085,CUST0203,PROD0002,05/07/2025,3,10,Bank Transfer,Cancelled,198.02
TXN001086,CUST0256,PROD0088,2025-04-11,5,20,PayPal,Delivered,1444.76
TXN001087,CUST0307,PROD0041,2024-11-12,6,5,Bank Transfer,Pending,1840.63
TXN001088,CUST0111,PROD0064,10-25-2024,4,0,credit card,Processing,215.84
TXN001089,CUST0424,PROD0092,2024/08/03,2,0,PayPal,Pending,450.3
TXN001090,CUST0373,PROD0051,2024-11-02,2,0,Cash, SHIPPED ,224.56
TXN001091,CUST0173,PROD0055,2025-11-25,3,30,upi,Shipped,2205.84
TXN001092,CUST0271,PROD0094,16/10/2024,6,15,Cash, SHIPPED ,525.61
TXN001093,CUST0050,PROD0017,2024-11-27,1,20, PayPal,Processing,85.7
TXN001094,CUST0296,PROD0018,2025-03-28,4,20,PayPal,Cancelled,378.82
TXN001095,CUST0112,PROD0096,2024-07-19,6,0,credit card,Shipped,114.54
TXN001096,CUST0348,PROD0019,2025-01-20,6,10,Credit Card,Shipped,168.1
TXN001097,CUST0183,PROD0061,2024-07-02,1,50,credit card, SHIPPED ,93.08
TXN001098,CUST0497,PROD0020,2025-10-04,4,15,Credit Card,Shipped,308.52
TXN001099,CUST0124,PROD0051,15/05/2025,6,60,PayPal, SHIPPED ,269.47
TXN001100,CUST0398,PROD0089,2025/11/17,1,40,upi,Returned,9.95
TXN001101,CUST0324,PROD0084,2025-03-31,1,5,Debit Card,Shipped,160.82
TXN001102,CUST0063,PROD0063,2025-10-18,5,15,Credit Card,Pending,1877.73
TXN001103,CUST0141,PROD0089,2024-04-06,2,30, PayPal, SHIPPED ,23.21
TXN001104,CUST0153,PROD0074,2024-05-08,3,5,Cash,Processing,923.23
TXN001105,CUST0208,PROD0090,01-21-2024,5,50,Cash,Pending,368.38
TXN001106,CUST0033,PROD0067,21/08/2025,6,5,UPI,Shipped,
TXN001107,CUST0093,PROD0077,2025-12-12,1,50, PayPal,delivered,17.05
TXN001108,CUST0063,PROD0006,2024-05-11,2,10,Debit Card,Returned,434.32
TXN001109,CUST0436,PROD0097,2024-02-05,1,50,Bank Transfer,delivered,18.34
TXN001110,CUST0495,PROD0070,2024-06-24,6,0,UPI,Returned,434.16
TXN001111,CUST0024,PROD0067,2024/10/27,,40,PayPal,Pending,
TXN001112,CUST0356,PROD0041,2025-06-19,5,50,Cash,Cancelled,
TXN001113,CUST0340,PROD0006,30/08/2024,2,10,Bank Transfer,Cancelled,434.32
TXN001114,CUST0491,PROD0018,2025-09-08,2,60,credit card,Returned,94.7
TXN001115,CUST0066,PROD0094,2025-09-29,1,50,Bank Transfer,Returned,51.53
TXN001116,CUST0196,PROD0084,2024-06-16,4,5,Bank Transfer, SHIPPED ,643.26
TXN001117,CUST0482,PROD0089,2024-05-26,2,5,Bank Transfer,Cancelled,31.5
TXN001118,CUST0366,PROD0048,2025-07-31,6,50,PayPal, SHIPPED ,873.6
TXN001119,CUST0421,PROD0020,2024-11-19,4,0,UPI,Shipped,362.96
TXN001120,CUST0139,PROD0016,28/06/2025,6,50,upi,Shipped,119.31
TXN001121,CUST0169,PROD0082,2024-04-01,3,20,PayPal,Cancelled,363.24
TXN001122,CUST0051,PROD0049,2024/08/15,1,5,PayPal,Returned,123.29
TXN001123,CUST0302,PROD0063,2024-04-07,3,60,Bank Transfer,Returned,530.18
TXN001124,CUST0312,PROD0013,2024-02-19,3,30,PayPal,delivered,182.2
TXN001125,CUST0413,PROD0095,2025-11-25,5,60,upi,Pending,320.88
TXN001126,CUST0304,PROD0017,2024-09-22,6,50,PayPal,Processing,321.39
TXN001127,CUST0074,PROD0049,04/08/2025,3,0,credit card,Cancelled,389.34
TXN001128,CUST0348,PROD0078,2025-03-04,4,10, PayPal,delivered,244.01
TXN001129,CUST0409,PROD0060,2025-05-29,3,30,Cash,Cancelled,524.81
TXN001130,CUST0157,PROD0082,2024-03-30,4,25,,Shipped,170.44
TXN001131,CUST0123,PROD0012,2024-06-18,1,5,Bank Transfer,Pending,72.76
TXN001132,CUST0414,PROD0002,2025-03-10,5,10, PayPal,Pending,330.03
TXN001133,CUST0264,PROD0088,2025/11/24,6,5,upi,Delivered,2058.78
TXN001134,CUST0316,PROD0025,08/01/2024,4,50,credit card,Cancelled,1578.94
TXN001135,CUST0379,PROD0085,2025-06-24,5,0, PayPal,Processing,145.55
TXN001136,CUST0346,PROD0098,2025-06-20,2,5,credit card,Processing,478.42
TXN001137,CUST0264,PROD0046,2024-02-22,4,30,PayPal,delivered,516.38
TXN001138,CUST0497,PROD0015,2024-12-12,2,50,Debit Card,Returned,66.77
TXN001139,CUST0154,PROD0062,10-27-2024,2,0,upi,Cancelled,50.36
TXN001140,CUST0473,PROD0040,2025-10-20,1,40, PayPal,Delivered,33.08
TXN001141,CUST0183,PROD0001,22/09/2025,3,20,credit card,Shipped,422.57
TXN001142,CUST0003,PROD0045,2024-07-09,3,0,Debit Card, SHIPPED ,527.16
TXN001143,CUST0252,PROD0026,2024-03-27,5,10,upi,,318.96
TXN001144,CUST0468,PROD0063,2024/01/08,6,20,UPI,Pending,2120.74
TXN001145,CUST0203,PROD0048,2024-11-02,4,10,Cash,Returned,1048.32
TXN001146,CUST0056,PROD0057,2025-11-03,2,10,credit card, SHIPPED ,NaN
TXN001147,CUST0003,PROD0046,2025-12-27,1,15,Bank Transfer,Delivered,156.76
TXN001148,CUST0069,PROD0051,07/03/2025,3,0,PayPal,Cancelled,336.84
TXN001149,CUST0486,PROD0062,2025-11-12,1,30, PayPal,Pending,17.63
TXN001150,CUST0410,PROD0088,2024-05-10,4,50,upi,Processing,722.38
TXN001151,CUST0057,PROD0014,2024-01-22,2,25,Cash,Delivered,26.2
TXN001152,CUST0393,PROD0088,2024-08-30,6,25,upi,Delivered,1625.36
TXN001153,CUST0223,PROD0062,2024-10-23,4,5,upi,Cancelled,95.68
TXN001154,CUST0317,PROD0020,2025-06-07,2,20,Debit Card,Returned,145.18
TXN001155,CUST0359,PROD0032,13/11/2025,2,40,Debit Card,Processing,144.07
TXN001156,CUST0097,PROD0076,10-06-2025,2,15,Debit Card,Processing,49.81
TXN001157,CUST0206,PROD0005,2024-10-07,2,30,Credit Card,Cancelled,87.32
TXN001158,CUST0047,PROD0007,2025-01-24,5,20,UPI,Cancelled,911.88
TXN001159,CUST0173,PROD0055,2025-05-05,5,30,Credit Card,Returned,3676.4
TXN001160,CUST0057,PROD0035,2025-01-07,3,30,UPI,delivered,654.63
TXN001161,CUST0459,PROD0007,2024-07-05,1,0,credit card,Cancelled,227.97
TXN001162,CUST0147,PROD0061,13/10/2024,1,30,PayPal,Returned,130.32
TXN001163,CUST0486,PROD0063,2025-01-07,3,5,Debit Card,Delivered,1259.19
TXN001164,CUST0350,PROD0071,2024-05-13,3,500,Cash,delivered,1863.2
TXN001165,CUST0122,PROD0084,2024-10-09,5,30,Debit Card,Shipped,592.48
TXN001166,CUST0067,PROD0081,2025/09/08,1,60,UPI,Cancelled,24.94
TXN001167,CUST0361,PROD0058,2024-04-11,5,60,credit card,Returned,63.28
TXN001168,CUST0372,PROD0061,2024-07-25,6,10,Credit Card,Processing,1005.32
TXN001169,CUST0099,PROD0054,17/07/2025,3,50,credit card,delivered,291.24
TXN001170,CUST0230,PROD0081,2024-04-30,1,40,upi,Delivered,37.42
TXN001171,CUST0086,PROD0077,2024-10-07,2,20,Credit Card,Delivered,54.56
TXN001172,CUST0407,PROD0089,2024-07-13,4,40,Cash,Shipped,39.79
TXN001173,CUST0085,PROD0057,06-05-2025,5,30,upi,Returned,1603.42
TXN001174,CUST0106,PROD0024,2024-01-04,5,15,Credit Card,Pending,430.27
TXN001175,CUST0258,PROD0091,2025-06-21,3,15,Bank Transfer,Returned,1631.59
TXN001176,CUST0283,PROD0016,24/06/2024,1,50,UPI,Returned,19.89
TXN001177,CUST0021,PROD0082,2024/05/31,2,20,Credit Card,Cancelled,791.96
TXN001178,CUST0108,PROD0069,2024-04-28,6,25,credit card,delivered,251.06
TXN001179,CUST0043,PROD0091,2025-07-16,6,10,upi,Returned,3455.14
TXN001180,CUST0167,PROD0008,2025-10-02,3,15,Bank Transfer,Processing,249.67
TXN001181,CUST0132,PROD0003,2025-07-04,5,5,upi,Returned,171.52
TXN001182,CUST0446,PROD0081,2025-10-11,5,15, PayPal,Cancelled,265.03
TXN001183,CUST0167,PROD0035,27/07/2024,6,30,PayPal,Pending,1309.27
TXN001184,CUST0119,PROD0094,2025-03-20,2,40,Debit Card,Pending,123.67
TXN001185,CUST0093,PROD0059,2024-07-08,2,60, PayPal,Processing,43.38
TXN001186,CUST0332,PROD0037,2024-01-22,2,10,upi,Cancelled,55.53
TXN001187,CUST0036,PROD0019,2024-03-14,2,40,upi,Shipped,37.36
TXN001188,CUST0371,PROD0068,2024/05/20,1,60,Debit Card, SHIPPED ,21.1
TXN001189,CUST0197,PROD0003,2024-04-22,6,0,PayPal,Cancelled,216.66
TXN001190,CUST0395,PROD0011,01/10/2024,6,60,Credit Card,Delivered,193.82
TXN001191,CUST0491,PROD0014,2025-07-09,3,5,UPI,Processing,49.79
TXN001192,CUST0246,PROD0098,2025-07-30,NaN,20,credit card,Pending,402.88
TXN001193,CUST0080,PROD0032,2024-02-27,6,20,Cash,Shipped,576.29
TXN001194,CUST0011,PROD0006,2024-04-15,3,5,Cash, SHIPPED ,687.68
TXN001195,CUST0073,PROD0001,2024-08-17,2,30,upi,Processing,246.5
TXN001196,CUST0181,PROD0084,2024-10-20,6,30,Debit Card,Pending,710.98
TXN001197,CUST0087,PROD0015,17/08/2024,3,25,Debit Card,delivered,150.23
TXN001198,CUST0061,PROD0047,2024-03-27,5,10,PayPal, SHIPPED ,226.44
TXN001199,CUST0272,PROD0043,2025/09/06,6,30,PayPal,Returned,671.79
TXN001200,CUST0320,PROD0037,2024-12-22,3,40,credit card,Returned,55.53
TXN001201,CUST0416,PROD0092,2024-03-19,2,10,credit card,Processing,405.27
TXN001202,CUST0200,PROD0058,2025-05-04,1,60,upi,Returned,12.66
TXN001203,CUST0075,PROD0012,2024-11-26,2,30,credit card,delivered,107.23
TXN001204,CUST0254,PROD0055,07/05/2025,4,60,credit card,Processing,1680.64
TXN001205,CUST0411,PROD0084,2024-09-08,4,50, PayPal,Pending,338.56
TXN001206,CUST0273,PROD0069,2024-08-23,1,60,upi,Cancelled,22.32
TXN001207,CUST0360,PROD0012,08-28-2024,1,15,Credit Card,delivered,65.1
TXN001208,CUST0286,PROD0061,2024-05-16,1,25,credit card,Processing,139.63
TXN001209,CUST0151,PROD0059,2024-05-27,4,15,UPI,Cancelled,184.35
TXN001210,CUST0029,PROD0096,2024/05/21,6,10,upi,Delivered,103.09
TXN001211,CUST0357,PROD0055,15/01/2025,6,-10,Debit Card,Pending,5987.28
TXN001212,CUST0429,PROD0077,2024-06-10,,25,PayPal,Shipped,51.15
TXN001213,CUST0126,PROD0010,2024-01-13,4,10,PayPal,Pending,378.58
TXN001214,CUST0381,PROD0018,2025-06-24,3,40,upi,delivered,213.08
TXN001215,CUST0228,PROD0083,2025-12-12,3,5,PayPal,Delivered,-142.47
TXN001216,CUST0452,PROD0083,2024-02-02,2,50,PayPal,Delivered,-49.99
TXN001217,CUST0203,PROD0055,2025-11-27,5,20,Cash,Returned,4201.6
TXN001218,CUST0364,PROD0030,09/03/2025,3,5,Cash, SHIPPED ,173.19
TXN001219,CUST0487,PROD0017,2024-08-04,5,0,UPI, SHIPPED ,535.65
TXN001220,CUST0095,PROD0096,2025-07-26,1,40, PayPal,delivered,11.45
TXN001221,CUST0335,PROD0083,2025/02/18,2,0,credit card, SHIPPED ,-99.98
TXN001222,CUST0100,PROD0035,2024-04-21,1,25,credit card,Delivered,233.8
TXN001223,CUST0123,PROD0037,2024-06-15,1,5,UPI,Delivered,29.31
TXN001224,CUST0388,PROD0040,07-11-2024,2,0,UPI,Returned,110.28
TXN001225,CUST0044,PROD0073,01/08/2025,5,40,Credit Card,Delivered,329.07
TXN001226,CUST0162,PROD0012,2024-11-12,3,20,upi,Cancelled,183.82
TXN001227,CUST0162,PROD0097,2025-02-04,3,10,Debit Card,delivered,99.01
TXN001228,CUST0209,PROD0095,2025-05-30,5,10,Credit Card, SHIPPED ,721.98
TXN001229,CUST0245,PROD0076,2024-02-08,2,10, PayPal,Shipped,52.74
TXN001230,CUST0454,PROD0081,2024-04-05,2,15,PayPal,Processing,106.01
TXN001231,CUST0494,PROD0065,2025-06-12,5,50,credit card,Pending,77.45
TXN001232,CUST0403,PROD0017,13/12/2024,3,60,upi,Delivered,128.56
TXN001233,CUST0457,PROD0092,2025-11-30,2,15,Debit Card,Processing,382.75
TXN001234,CUST0291,PROD0081,2025-05-24,1,10,Bank Transfer,Shipped,56.12
TXN001235,CUST0256,PROD0013,2025-04-10,2,20,PayPal,Shipped,138.82
TXN001236,CUST0144,PROD0074,2025-01-07,1,5,PayPal,Pending,307.74
TXN001237,CUST0133,PROD0061,2024-09-19,6,10,Debit Card,Pending,1005.32
TXN001238,CUST0021,PROD0047,2024-10-20,4,60,PayPal,Pending,80.51
TXN001239,CUST0188,PROD0066,01/10/2025,3,5,upi,Pending,262.63
TXN001240,CUST0135,PROD0088,2024-02-13,6,0,UPI,Delivered,2167.14
TXN001241,CUST0080,PROD0014,10-24-2024,2,60,upi,Shipped,13.98
TXN001242,CUST0115,PROD0050,2025-04-18,1,25, PayPal,Pending,17.65
TXN001243,CUST0329,PROD0069,2025/04/21,1,10,, SHIPPED ,50.21
TXN001244,CUST0394,PROD0056,2024-07-23,3,5,credit card,delivered,1334.31
TXN001245,CUST0310,PROD0063,2024-08-05,6,40,Debit Card,Returned,1590.55
TXN001246,CUST0233,PROD0005,12/07/2025,4,10,UPI,delivered,224.53
TXN001247,CUST0291,PROD0005,2025-09-07,1,25,upi,Pending,46.78
TXN001248,CUST0110,PROD0007,2024-08-04,6,30,Bank Transfer,Returned,957.47
TXN001249,CUST0326,PROD0023,2024-03-26,1,20,upi,Shipped,423.22
TXN001250,CUST0153,PROD0092,2025-04-07,5,15,Bank Transfer,Processing,956.89
TXN001251,CUST0426,PROD0007,2024-04-04,3,20,PayPal,Cancelled,
TXN001252,CUST0179,PROD0054,2025-05-08,5,10,upi,delivered,873.72
TXN001253,CUST0468,PROD0089,07/08/2025,1,50,UPI,Shipped,8.29
TXN001254,CUST0371,PROD0086,2025/08/15,2,25,credit card,Delivered,1575.7
TXN001255,CUST0078,PROD0059,2024-05-31,3,5,upi,Returned,154.53
TXN001256,CUST0267,PROD0093,2024-01-04,2,40,Debit Card,Delivered,383.05
TXN001257,CUST0112,PROD0096,2024-07-11,6,50,PayPal, SHIPPED ,57.27
TXN001258,CUST0111,PROD0045,08-02-2024,6,60,Credit Card,delivered,421.73
TXN001259,CUST0417,PROD0047,2024-01-17,3,50,Debit Card,Pending,75.48
TXN001260,CUST0333,PROD0059,27/02/2025,3,25,Cash, SHIPPED ,122.0
TXN001261,CUST0268,PROD0098,2024-12-09,2,500,upi,delivered,302.16
TXN001262,CUST0091,PROD0071,2025-09-01,5,30,upi,Returned,2898.31
TXN001263,CUST0433,PROD0085,2025-12-06,4,20,Debit Card,Shipped,93.15
TXN001264,CUST0413,PROD0014,2024-04-01,1,60,upi,Shipped,6.99
TXN001265,CUST0255,PROD0096,2025/09/30,1,40,Cash,Delivered,11.45
TXN001266,CUST0342,PROD0038,2025-03-06,-3,40,Cash, SHIPPED ,86.62
TXN001267,CUST0059,PROD0026,25/04/2025,3,40,upi, SHIPPED ,127.58
TXN001268,CUST0004,PROD0048,2024-08-17,3,20,Bank Transfer,Returned,698.88
TXN001269,CUST0430,PROD0054,2025-11-20,1,30,Credit Card,Delivered,135.91
TXN001270,CUST0014,PROD0020,2025-01-18,6,60,credit card,,217.78
TXN001271,CUST0088,PROD0074,2025-03-16,5,30,UPI, SHIPPED ,1133.79
TXN001272,CUST0425,PROD0007,2025-08-14,2,30,PayPal, SHIPPED ,319.16
TXN001273,CUST0463,PROD0041,2025-06-13,4,15,Debit Card,Processing,890.95
TXN001274,CUST0324,PROD0074,05/02/2025,3,50,PayPal,delivered,485.91
TXN001275,CUST0105,PROD0012,04-05-2024,4,0,PayPal,Delivered,306.36
TXN001276,CUST0317,PROD0091,2025/07/10,5,30,Credit Card,Processing,2239.44
TXN001277,CUST0233,PROD0082,2025-10-08,2,15,UPI,Returned,192.16
TXN001278,CUST0431,PROD0032,2025-01-22,6,0,Bank Transfer,Shipped,720.36
TXN001279,CUST0479,PROD0019,2025-10-04,6,60,Debit Card,Shipped,74.71
TXN001280,CUST0236,PROD0077,2024-05-05,2,20,Bank Transfer,Processing,54.56
TXN001281,CUST0048,PROD0010,21/05/2025,2,30,Debit Card,Pending,147.22
TXN001282,CUST0408,PROD0003,2025-02-27,4,5,UPI, SHIPPED ,137.22
TXN001283,CUST0193,PROD0041,2025-10-10,2,10,Bank Transfer,Delivered,816.74
TXN001284,CUST0338,PROD0073,2025-10-08,1,5,credit card,delivered,104.21
TXN001285,CUST0248,PROD0079,2025-09-06,1,10,Cash,Returned,747.44
TXN001286,CUST0475,PROD0016,2024-07-16,1,50,Credit Card,Processing,19.89
TXN001287,CUST0111,PROD0047,2024/04/27,1,25,PayPal,Cancelled,37.74
TXN001288,CUST0043,PROD0094,09/12/2025,3,20, PayPal,Cancelled,247.34
TXN001289,CUST0489,PROD0012,2024-12-22,5,20, PayPal,Pending,306.36
TXN001290,CUST0224,PROD0066,2025-02-13,3,10,UPI,Returned,248.81
TXN001291,CUST0493,PROD0051,2024-04-15,5,20,PayPal,Cancelled,449.12
TXN001292,CUST0489,PROD0093,05-14-2025,4,30,Bank Transfer,delivered,893.79
TXN001293,CUST0319,PROD0014,2025-09-13,4,15,credit card,delivered,59.4
TXN001294,CUST0460,PROD0081,2024-03-06,2,0,Cash,Returned,124.72
TXN001295,CUST0301,PROD0053,27/10/2024,6,50,credit card, SHIPPED ,132.57
TXN001296,CUST0016,PROD0015,2024-07-03,4,10,credit card,Cancelled,240.37
TXN001297,CUST0038,PROD0028,2025-11-03,3,10,credit card,Shipped,2416.8
TXN001298,CUST0005,PROD0041,2025/12/05,6,25,UPI,Pending,1315.73
TXN001299,CUST0165,PROD0030,2025-07-29,4,20,UPI,Cancelled,194.46
TXN001300,CUST0053,PROD0072,2024-10-11,5,5,upi, SHIPPED ,910.43
TXN001301,CUST0163,PROD0041,2024-07-21,1,40, PayPal,Delivered,297.19
TXN001302,CUST0216,PROD0016,07/05/2024,2,60,credit card, SHIPPED ,31.82
TXN001303,CUST0122,PROD0074,2024-01-22,1,60,Credit Card,Pending,129.58
TXN001304,CUST0146,PROD0017,2025-02-16,5,50,Credit Card,delivered,267.82
TXN001305,CUST0331,PROD0003,2024-03-12,1,30,Bank Transfer,Returned,25.28
TXN001306,CUST0163,PROD0097,2024-12-20,1,50,credit card,Pending,18.34
TXN001307,CUST0314,PROD0007,2025-02-06,6,40, PayPal,Shipped,820.69
TXN001308,CUST0432,PROD0048,2025-09-24,1,15,Credit Card,Delivered,247.52
TXN001309,CUST0072,PROD0014,26/11/2024,6,30,UPI,Processing,73.37
TXN001310,CUST0046,PROD0025,2025-01-12,1,0,Bank Transfer,Delivered,789.47
TXN001311,CUST0057,PROD0007,2024-11-07,3,25,upi,Returned,512.93
TXN001312,CUST0358,PROD0022,2024-05-21,4,5,PayPal,delivered,682.97
TXN001313,CUST0442,PROD0019,2025-08-21,,40,Debit Card,Cancelled,112.07
TXN001314,CUST0296,PROD0062,2025-11-08,3,25, PayPal,Cancelled,56.65
TXN001315,CUST0048,PROD0034,2024-10-30,1,25,Cash,Cancelled,112.17
TXN001316,CUST0338,PROD0083,29/07/2024,1,5, PayPal,Delivered,-47.49
TXN001317,CUST0109,PROD0002,2025-11-17,4,30,UPI,Pending,205.35
TXN001318,CUST0054,PROD0044,2024-08-01,5,50,credit card,Returned,258.62
TXN001319,CUST0363,PROD0059,2025-11-02,5,5,PayPal,Cancelled,257.55
TXN001320,CUST0470,PROD0047,2025/01/29,5,50,UPI, SHIPPED ,125.8
TXN001321,CUST0097,PROD0009,2024-10-11,2,20,Debit Card,Processing,302.83
TXN001322,CUST0237,PROD0014,2024-04-22,1,40,PayPal,Returned,10.48
TXN001323,CUST0015,PROD0061,08/11/2025,4,25,Bank Transfer,Shipped,558.51
TXN001324,CUST0475,PROD0071,2024-03-27,4,15,PayPal, SHIPPED ,2815.51
TXN001325,CUST0258,PROD0056,2025-06-04,1,40,Bank Transfer,delivered,280.91
TXN001326,CUST0051,PROD0007,10-26-2025,6,30,UPI,Returned,957.47
TXN001327,CUST0097,PROD0052,2024-06-29,3,50, PayPal, SHIPPED ,25.52
TXN001328,CUST0056,PROD0088,2024-02-21,2,5,UPI,Shipped,686.26
TXN001329,CUST0028,PROD0005,2025-08-12,2,5,Cash,Shipped,118.5
TXN001330,CUST0142,PROD0029,27/09/2025,6,30,upi, SHIPPED ,611.73
TXN001331,CUST0052,PROD0029,2025/12/09,4,15,PayPal,Cancelled,495.21
TXN001332,CUST0178,PROD0082,2024-10-21,5,20,Credit Card,Shipped,435.35
TXN001333,CUST0465,PROD0090,2025-09-29,6,20,UPI,Processing,707.28
TXN001334,CUST0162,PROD0088,2024-03-12,2,25, PayPal,Processing,541.78
TXN001335,CUST0493,PROD0002,2025-11-13,4,25,Credit Card,Processing,220.02
TXN001336,CUST0499,PROD0034,2024-03-19,6,0,credit card,Pending,897.36
TXN001337,CUST0299,PROD0001,15/05/2025,4,5,Credit Card,Delivered,NaN
TXN001338,CUST0291,PROD0088,2024-10-24,5,50,PayPal,Processing,902.98
TXN001339,CUST0397,PROD0013,2024-04-12,6,25, PayPal,Pending,390.42
TXN001340,CUST0377,PROD0045,2025-07-12,6,40,Bank Transfer,delivered,632.59
TXN001341,CUST0235,PROD0002,2024-12-27,NaN,25,Cash,Pending,330.03
TXN001342,CUST0058,PROD0035,2025/12/03,6,0,PayPal, SHIPPED ,1870.38
TXN001343,CUST0439,PROD0029,11-06-2025,3,40,Credit Card,Cancelled,262.17
TXN001344,CUST0296,PROD0095,13/12/2025,3,15,Debit Card,Cancelled,409.12
TXN001345,CUST0472,PROD0049,2025-10-16,3,50, PayPal,Processing,194.67
TXN001346,CUST0136,PROD0087,2024-12-23,4,60,upi,Returned,117.79
TXN001347,CUST0159,PROD0025,2024-02-12,5,25,Debit Card, SHIPPED ,2960.51
TXN001348,CUST0408,PROD0059,2025-08-03,3,5,Credit Card,Pending,154.53
TXN001349,CUST0475,PROD0088,2024-05-30,6,10,Cash,Returned,1950.43
TXN001350,CUST0320,PROD0072,2025-11-11,3,40,Bank Transfer,Shipped,345.01
TXN001351,CUST0410,PROD0038,16/01/2024,1,15,Bank Transfer,Shipped,61.35
TXN001352,CUST0028,PROD0063,2024-11-09,4,25,Credit Card,Delivered,1325.46
TXN001353,CUST0129,PROD0018,2024/12/24,5,50,PayPal,Shipped,295.95
TXN001354,CUST0366,PROD0035,2024-05-26,2,30,Debit Card,Returned,436.42
TXN001355,CUST0113,PROD0005,2025-04-29,2,30,upi, SHIPPED ,87.32
TXN001356,CUST0496,PROD0013,2024-09-24,5,20,, SHIPPED ,347.04
TXN001357,CUST0348,PROD0042,2025-08-15,6,15,Bank Transfer,Processing,265.51
TXN001358,CUST0214,PROD0071,23/07/2024,3,500,Bank Transfer,Pending,2360.06
TXN001359,CUST0280,PROD0024,2025-01-19,1,10,Cash,Pending,91.12
TXN001360,CUST0356,PROD0041,05-30-2025,6,25, PayPal,delivered,1013.77
TXN001361,CUST0216,PROD0053,2025-04-17,5,0,upi,Shipped,220.95
TXN001362,CUST0387,PROD0018,2025-09-21,2,60,Cash,delivered,94.7
TXN001363,CUST0066,PROD0080,2025-07-10,3,0,upi,Processing,561.09
TXN001364,CUST0207,PROD0086,2024/01/07,5,40,Credit Card,Shipped,3151.41
TXN001365,CUST0029,PROD0035,27/10/2025,3,60,Debit Card,Returned,374.08
TXN001366,CUST0290,PROD0062,2025-12-08,1,5,Cash,Delivered,23.92
TXN001367,CUST0360,PROD0027,2025-06-12,5,40,PayPal,Cancelled,271.53
TXN001368,CUST0459,PROD0087,2025-10-17,3,20,Credit Card,Pending,176.69
TXN001369,CUST0320,PROD0089,2024-07-24,1,0,PayPal,Shipped,16.58
TXN001370,CUST0267,PROD0013,2024-09-10,1,40,Credit Card,Pending,52.06
TXN001371,CUST0201,PROD0008,2024-05-04,4,40,PayPal,Cancelled,234.98
TXN001372,CUST0431,PROD0070,23/09/2024,6,40,Debit Card, SHIPPED ,260.5
TXN001373,CUST0075,PROD0082,2024-01-23,2,15,PayPal,Cancelled,422.55
TXN001374,CUST0149,PROD0038,2025-11-14,5,40,credit card,Returned,216.54
TXN001375,CUST0201,PROD0050,2025/12/15,4,30,upi,Processing,65.88
TXN001376,CUST0015,PROD0037,2025-04-13,5,30,Credit Card,Returned,107.97
TXN001377,CUST0018,PROD0083,10-28-2025,5,40,Credit Card,delivered,-149.97
TXN001378,CUST0493,PROD0018,2025-04-24,4,20,Credit Card,Processing,378.82
TXN001379,CUST0184,PROD0065,30/05/2025,3,50,upi,Shipped,46.47
TXN001380,CUST0090,PROD0084,2024-06-04,6,60,credit card,Pending,406.27
TXN001381,CUST0367,PROD0018,2024-10-12,3,30,Debit Card,Pending,248.6
TXN001382,CUST0193,PROD0061,2025-09-12,2,60,Cash,Returned,148.94
TXN001383,CUST0067,PROD0090,2024-11-27,5,25,upi,Shipped,552.56
TXN001384,CUST0024,PROD0004,2024-06-11,1,-10, PayPal,Pending,46.64
TXN001385,CUST0166,PROD0098,2024-08-25,2,5,PayPal, SHIPPED ,478.42
TXN001386,CUST0387,PROD0054,06/03/2024,5,20,Debit Card,Delivered,776.64
TXN001387,CUST0434,PROD0096,2024-03-15,3,60,Credit Card,Processing,22.91
TXN001388,CUST0165,PROD0014,2025-12-16,4,10,Cash,Cancelled,62.89
TXN001389,CUST0101,PROD0033,2025-05-17,6,20,UPI,Cancelled,604.18
TXN001390,CUST0380,PROD0021,2025-03-20,2,5,Credit Card,Shipped,
TXN001391,CUST0105,PROD0005,2024-05-23,3,30,Cash,Shipped,130.98
TXN001392,CUST0175,PROD0024,2025-11-29,6,50, PayPal,Cancelled,303.72
TXN001393,CUST0427,PROD0027,07/08/2025,5,25,credit card,Processing,339.41
TXN001394,CUST0411,PROD0009,03-25-2025,6,30,Debit Card,Shipped,794.93
TXN001395,CUST0066,PROD0067,2024-11-01,1,40,UPI,Delivered,
TXN001396,CUST0308,PROD0070,2024-12-04,2,20,Bank Transfer, SHIPPED ,115.78
TXN001397,CUST0361,PROD0046,2024/03/10,3,5,Cash,,525.6
TXN001398,CUST0437,PROD0067,2025-09-17,3,30,Credit Card,Shipped,
TXN001399,CUST0299,PROD0061,2024-09-26,1,0,credit card, SHIPPED ,186.17
TXN001400,CUST0134,PROD0026,08/12/2024,2,15,Cash,delivered,120.5
TXN001401,CUST0474,PROD0097,2025-11-10,2,40,Debit Card,Delivered,44.0
TXN001402,CUST0178,PROD0010,2025-03-02,6,60,Debit Card,Pending,252.38
TXN001403,CUST0485,PROD0017,2024-10-04,1,5,Credit Card,Pending,101.77
TXN001404,CUST0260,PROD0029,2025-10-27,4,40,Bank Transfer,Cancelled,349.56
TXN001405,CUST0011,PROD0008,2024-01-27,5,60,upi,Delivered,195.82
TXN001406,CUST0283,PROD0062,2024-02-23,4,10,upi, SHIPPED ,90.65
TXN001407,CUST0282,PROD0018,28/04/2024,1,60,credit card,delivered,47.35
TXN001408,CUST0100,PROD0044,2025/03/23,2,15,Debit Card,Delivered,175.87
TXN001409,CUST0117,PROD0053,2025-07-03,1,0,UPI,Delivered,44.19
TXN001410,CUST0040,PROD0008,2024-05-09,2,20,Credit Card,delivered,156.66
TXN001411,CUST0180,PROD0078,11-01-2025,3,10,upi,Pending,183.01
TXN001412,CUST0337,PROD0016,2025-11-03,1,20,Cash,Cancelled,31.82
TXN001413,CUST0254,PROD0091,2024-12-31,4,20,credit card,Returned,2047.49
TXN001414,CUST0445,PROD0084,07/09/2024,,25,Cash,Shipped,380.88
TXN001415,CUST0028,PROD0045,2025-02-24,5,40,Bank Transfer,Shipped,527.16
TXN001416,CUST0105,PROD0018,2025-06-17,3,50,UPI,Shipped,177.57
TXN001417,CUST0191,PROD0093,2024-05-25,2,40, PayPal,Shipped,383.05
TXN001418,CUST0011,PROD0064,2024-02-04,3,60,upi,Returned,64.75
TXN001419,CUST0424,PROD0011,2024/03/02,5,30, PayPal,Delivered,282.66
TXN001420,CUST0442,PROD0049,2025-01-28,1,15,UPI, SHIPPED ,110.31
TXN001421,CUST0095,PROD0085,17/03/2025,1,20,Credit Card,delivered,23.29
TXN001422,CUST0480,PROD0004,2025-09-15,3,60,UPI,Delivered,58.92
TXN001423,CUST0175,PROD0093,2025-09-28,4,0,Debit Card, SHIPPED ,1276.84
TXN001424,CUST0488,PROD0093,2025-11-25,5,40,upi,Returned,957.63
TXN001425,CUST0084,PROD0049,2025-04-23,2,10,Credit Card,Returned,233.6
TXN001426,CUST0410,PROD0088,2024-10-07,2,50,Bank Transfer,delivered,361.19
TXN001427,CUST0293,PROD0051,2024-02-09,3,25,Bank Transfer,Returned,252.63
TXN001428,CUST0401,PROD0084,14/09/2025,1,20,credit card,Returned,135.42
TXN001429,CUST0434,PROD0023,2025-03-30,1,40,Credit Card,Pending,317.41
TXN001430,CUST0019,PROD0046,2025/05/06,5,15,upi,Delivered,783.78
TXN001431,CUST0297,PROD0011,2024-10-10,5,25,Debit Card,Pending,302.85
TXN001432,CUST0093,PROD0034,2024-10-09,4,10,UPI,Processing,538.42
TXN001433,CUST0076,PROD0080,2025-11-02,2,5,Credit Card,Processing,355.36
TXN001434,CUST0351,PROD0065,2025-03-26,3,0,Cash,Cancelled,92.94
TXN001435,CUST0032,PROD0092,22/09/2024,1,25,Cash,Delivered,168.86
TXN001436,CUST0308,PROD0031,2024-12-24,1,50, PayPal,Shipped,23.37
TXN001437,CUST0262,PROD0010,2024-08-30,3,60,credit card, SHIPPED ,126.19
TXN001438,CUST0037,PROD0083,2025-03-12,2,0,credit card,delivered,-99.98
TXN001439,CUST0172,PROD0053,2025-10-29,4,20,Credit Card,Processing,141.41
TXN001440,CUST0189,PROD0006,2024-10-24,5,0,Debit Card,Cancelled,1206.45
TXN001441,CUST0414,PROD0041,2025/06/07,6,50,credit card,Cancelled,605.53
TXN001442,CUST0299,PROD0005,03/11/2025,2,30,Debit Card,Shipped,87.32
TXN001443,CUST0491,PROD0029,2025-08-01,5,50,upi,Shipped,364.12
TXN001444,CUST0434,PROD0068,2024-02-22,4,50,Cash,Pending,105.48
TXN001445,CUST0163,PROD0035,07-18-2024,3,15,credit card,Cancelled,794.91
TXN001446,CUST0410,PROD0099,2025-01-05,4,25,Debit Card,Cancelled,116.1
TXN001447,CUST0228,PROD0094,2025-02-23,1,25,Cash,Shipped,77.3
TXN001448,CUST0469,PROD0047,2025-10-31,5,15, PayPal, SHIPPED ,213.86
TXN001449,CUST0118,PROD0073,08/05/2024,2,30,PayPal,Returned,153.57
TXN001450,CUST0408,PROD0037,2024-12-15,1,5,upi, SHIPPED ,29.31
TXN001451,CUST0259,PROD0019,2025-08-12,6,15,PayPal,Pending,158.76
TXN001452,CUST0008,PROD0022,2024/05/03,3,50, PayPal,Shipped,269.59
TXN001453,CUST0065,PROD0005,2025-03-17,6,10,Debit Card,Processing,336.8
TXN001454,CUST0264,PROD0068,2025-02-01,3,10,upi,Cancelled,142.4
TXN001455,CUST0365,PROD0038,2024-05-01,3,500,Debit Card,Delivered,86.62
TXN001456,CUST0038,PROD0095,29/12/2024,4,40,upi,Returned,385.06
TXN001457,CUST0388,PROD0062,2025-12-17,6,10,Cash,Shipped,135.97
TXN001458,CUST0078,PROD0001,2025-08-30,3,40,upi,delivered,316.93
TXN001459,CUST0225,PROD0023,2025-06-04,5,20,Debit Card,Cancelled,2116.08
TXN001460,CUST0153,PROD0064,2024-12-15,5,50,Cash, SHIPPED ,134.9
TXN001461,CUST0147,PROD0042,2025-01-28,2,10,Credit Card,Cancelled,93.71
TXN001462,CUST0221,PROD0067,10-11-2024,5,25,Debit Card,delivered,
TXN001463,CUST0146,PROD0022,01/05/2024,3,40, PayPal,Cancelled,323.51
TXN001464,CUST0454,PROD0022,2024-10-22,5,5,UPI,Returned,853.72
TXN001465,CUST0073,PROD0013,2024-07-30,5,10,Credit Card,Delivered,390.42
TXN001466,CUST0492,PROD0070,2025-07-04,1,40,Credit Card,delivered,43.42
TXN001467,CUST0105,PROD0037,2025-08-07,6,40,Cash,Processing,111.06
TXN001468,CUST0426,PROD0059,2024-10-29,6,5, PayPal, SHIPPED ,309.05
TXN001469,CUST0253,PROD0034,2024-03-29,3,5,,Shipped,426.25
TXN001470,CUST0382,PROD0029,17/03/2024,2,50,credit card,Returned,145.65
TXN001471,CUST0233,PROD0081,2025-06-09,1,25,Credit Card, SHIPPED ,46.77
TXN001472,CUST0052,PROD0091,2025-06-17,2,50,Credit Card,Delivered,639.84
TXN001473,CUST0126,PROD0018,2025-08-23,2,15,Bank Transfer,Pending,201.25
TXN001474,CUST0078,PROD0063,2024/07/10,4,20,PayPal,Cancelled,1413.82
TXN001475,CUST0326,PROD0012,2025-06-12,6,15,Credit Card, SHIPPED ,390.61
TXN001476,CUST0035,PROD0063,2025-07-25,2,10,Credit Card, SHIPPED ,795.28
TXN001477,CUST0353,PROD0034,20/09/2025,-3,60,UPI,delivered,358.94
TXN001478,CUST0248,PROD0068,2025-11-03,3,15,Bank Transfer,Pending,134.49
TXN001479,CUST0251,PROD0081,02-05-2025,3,50, PayPal,Returned,93.54
TXN001480,CUST0050,PROD0029,2024-04-25,4,40,credit card,Cancelled,349.56
TXN001481,CUST0340,PROD0055,2024-04-28,4,25,Debit Card,delivered,3151.2
TXN001482,CUST0357,PROD0051,2025-12-22,4,40,upi,Cancelled,269.47
TXN001483,CUST0015,PROD0038,2024-10-01,2,30,Credit Card,delivered,101.05
TXN001484,CUST0134,PROD0087,21/11/2024,4,40,upi, SHIPPED ,176.69
TXN001485,CUST0134,PROD0007,2024/10/01,6,15,credit card,Delivered,1162.65
TXN001486,CUST0158,PROD0058,2025-02-23,5,10,Cash,Cancelled,142.38
TXN001487,CUST0400,PROD0081,2024-04-22,5,25,PayPal,Delivered,233.85
TXN001488,CUST0487,PROD0093,2024-01-22,1,25,credit card,Shipped,239.41
TXN001489,CUST0336,PROD0007,2025-06-15,3,50,UPI,Processing,341.95
TXN001490,CUST0430,PROD0069,2025-02-09,NaN,20,PayPal,delivered,89.26
TXN001491,CUST0170,PROD0053,08/08/2024,6,15,Credit Card,Delivered,225.37
TXN001492,CUST0433,PROD0003,2025-06-23,5,30, PayPal,Delivered,126.39
TXN001493,CUST0081,PROD0037,2024-11-04,2,15,Credit Card,Returned,52.45
TXN001494,CUST0384,PROD0016,2025-01-21,4,10,Bank Transfer,Shipped,143.17
TXN001495,CUST0040,PROD0010,2025-05-31,6,30,Credit Card,Delivered,441.67
TXN001496,CUST0381,PROD0070,2025/09/11,1,60,upi,Cancelled,28.94
TXN001497,CUST0426,PROD0078,2024-11-15,4,50,Credit Card,Returned,135.56
TXN001498,CUST0141,PROD0059,26/07/2024,3,60, PayPal, SHIPPED ,65.06
TXN001499,CUST0150,PROD0055,2024-04-05,4,50,Bank Transfer,Pending,2100.8
TXN001500,CUST0146,PROD0090,2025-06-30,2,30,Credit Card,Pending,206.29
TXN001501,CUST0373,PROD0051,2025-01-16,6,5, PayPal,Cancelled,640.0
TXN001502,CUST0296,PROD0004,2025-02-10,4,25, PayPal,Shipped,147.3
TXN001503,CUST0330,PROD0040,2024-12-06,6,5,Debit Card,Processing,314.3
TXN001504,CUST0107,PROD0063,2025-08-30,1,10,upi,Pending,397.64
TXN001505,CUST0268,PROD0093,03/08/2025,1,40,Bank Transfer, SHIPPED ,191.53
TXN001506,CUST0160,PROD0095,2024-12-11,1,25,upi,Delivered,120.33
TXN001507,CUST0138,PROD0089,2024/08/02,4,50, PayPal,delivered,33.16
TXN001508,CUST0492,PROD0084,2024-08-29,4,40,Cash,Shipped,406.27
TXN001509,CUST0472,PROD0014,2025-03-11,1,30,PayPal,Delivered,12.23
TXN001510,CUST0083,PROD0067,2024-05-04,2,40,Debit Card,Delivered,
TXN001511,CUST0454,PROD0055,2025-05-22,6,50, PayPal,Processing,3151.2
TXN001512,CUST0384,PROD0071,04/03/2025,1,20,Debit Card, SHIPPED ,662.47
TXN001513,CUST0151,PROD0093,11-23-2025,5,25,credit card,Processing,1197.04
TXN001514,CUST0073,PROD0038,2025-06-19,2,60,credit card,Returned,57.74
TXN001515,CUST0242,PROD0060,2024-08-03,,10,PayPal,Pending,1349.51
TXN001516,CUST0006,PROD0041,2025-03-02,2,40,Debit Card,Delivered,203.62
TXN001517,CUST0097,PROD0026,2025-12-11,5,40,credit card,Shipped,212.64
TXN001518,CUST0032,PROD0080,2025/04/24,2,5,credit card,Cancelled,355.36
TXN001519,CUST0177,PROD0081,15/01/2024,3,20,upi,Returned,149.66
TXN001520,CUST0189,PROD0080,2025-02-16,5,50,UPI,Shipped,467.57
TXN001521,CUST0304,PROD0020,2024-04-15,2,20,PayPal,Returned,145.18
TXN001522,CUST0289,PROD0014,2024-05-09,5,30,credit card,Returned,61.14
TXN001523,CUST0495,PROD0095,2025-09-22,4,15,PayPal,Delivered,545.5
TXN001524,CUST0402,PROD0030,2024-08-09,5,10,PayPal,,273.47
TXN001525,CUST0244,PROD0001,2024-11-27,1,10,Cash,Pending,158.46
TXN001526,CUST0218,PROD0086,28/04/2025,3,50,Debit Card,Cancelled,1575.7
TXN001527,CUST0287,PROD0051,2025-01-21,6,40,credit card,Returned,404.21
TXN001528,CUST0430,PROD0067,2024-11-20,1,60,UPI,Processing,NaN
TXN001529,CUST0485,PROD0082,2024/10/11,2,30,Cash,Pending,
TXN001530,CUST0404,PROD0033,12-02-2025,5,30,credit card,Processing,440.55
TXN001531,CUST0013,PROD0047,2025-04-22,3,30,UPI,Cancelled,105.67
TXN001532,CUST0196,PROD0048,2024-07-02,1,15, PayPal,delivered,247.52
TXN001533,CUST0270,PROD0025,06/01/2024,3,25,Debit Card,delivered,1776.31
TXN001534,CUST0469,PROD0033,2025-05-29,5,20,Credit Card,Returned,503.48
TXN001535,CUST0329,PROD0062,2025-02-11,6,20,Bank Transfer,Delivered,120.86
TXN001536,CUST0498,PROD0074,2024-02-01,4,60, PayPal,Pending,518.3
TXN001537,CUST0089,PROD0061,2025-10-25,1,0,credit card,Delivered,186.17
TXN001538,CUST0314,PROD0092,2024-06-05,6,10,PayPal,Shipped,1215.81
TXN001539,CUST0215,PROD0016,2024-02-27,6,0,credit card,Shipped,238.62
TXN001540,CUST0440,PROD0070,11/10/2024,6,60,Credit Card,delivered,173.66
TXN001541,CUST0429,PROD0087,2024-11-20,2,60,credit card,Delivered,58.9
TXN001542,CUST0482,PROD0086,2025-02-16,6,0,Debit Card,Cancelled,6302.82
TXN001543,CUST0423,PROD0098,2025-05-28,6,20,Debit Card,Processing,1208.64
TXN001544,CUST0228,PROD0006,2024-10-09,2,50,upi,Processing,241.29
TXN001545,CUST0326,PROD0096,2024-01-04,3,50,credit card,Shipped,28.63
TXN001546,CUST0175,PROD0060,2025-08-04,1,60, PayPal,Shipped,99.96
TXN001547,CUST0060,PROD0012,05/07/2024,1,10,credit card,Delivered,68.93
TXN001548,CUST0393,PROD0022,2024-01-11,6,25, PayPal,Shipped,808.78
TXN001549,CUST0450,PROD0093,2024-09-09,6,15,PayPal,Returned,1627.97
TXN001550,CUST0028,PROD0049,2025-12-23,2,20,PayPal,delivered,207.65
TXN001551,CUST0212,PROD0029,2024/07/11,2,10,Bank Transfer,Returned,262.17
TXN001552,CUST0358,PROD0057,2024-09-27,4,500,credit card,delivered,1374.36
TXN001553,CUST0396,PROD0083,2025-06-19,6,10,Credit Card, SHIPPED ,-269.95
TXN001554,CUST0080,PROD0069,05/08/2025,6,30,credit card,Returned,234.32
TXN001555,CUST0107,PROD0044,2025-12-17,5,20,Debit Card,Cancelled,413.8
TXN001556,CUST0133,PROD0028,2025-04-23,1,5,Cash,Processing,850.35
TXN001557,CUST0244,PROD0018,2025-04-23,3,-10,upi,Delivered,266.36
TXN001558,CUST0166,PROD0090,2024-04-17,3,0,PayPal, SHIPPED ,442.05
TXN001559,CUST0244,PROD0043,2024-12-10,1,10,credit card,Returned,143.95
TXN001560,CUST0084,PROD0060,2025-07-13,1,40, PayPal, SHIPPED ,149.95
TXN001561,CUST0375,PROD0052,29/04/2025,3,25,credit card,Pending,38.27
TXN001562,CUST0348,PROD0052,2024/11/03,2,50,Debit Card, SHIPPED ,17.01
TXN001563,CUST0219,PROD0100,2024-10-02,4,60,Credit Card,Processing,177.94
TXN001564,CUST0263,PROD0022,11-03-2024,6,50,UPI,Processing,539.19
TXN001565,CUST0067,PROD0085,2024-12-07,1,20,PayPal,delivered,23.29
TXN001566,CUST0235,PROD0051,2024-06-18,1,10,UPI,Processing,101.05
TXN001567,CUST0155,PROD0040,2024-03-23,2,15,upi,Shipped,93.74
TXN001568,CUST0371,PROD0032,06/06/2024,5,25,Credit Card,Pending,450.22
TXN001569,CUST0082,PROD0045,2024-04-12,5,30,UPI,Pending,615.02
TXN001570,CUST0343,PROD0049,2025-04-19,2,5,upi,Processing,246.58
TXN001571,CUST0163,PROD0098,2024-05-16,3,20,upi, SHIPPED ,604.32
TXN001572,CUST0274,PROD0010,2024-12-21,6,60,Credit Card,Cancelled,252.38
TXN001573,CUST0454,PROD0078,2024/07/01,3,25,credit card,Delivered,152.5
TXN001574,CUST0313,PROD0077,2025-02-11,6,15,PayPal,Pending,173.91
TXN001575,CUST0097,PROD0006,04/08/2024,4,5,credit card, SHIPPED ,916.9
TXN001576,CUST0335,PROD0024,2025-03-11,3,20,upi,Pending,242.98
TXN001577,CUST0018,PROD0034,2025-03-07,2,30,Cash,Shipped,209.38
TXN001578,CUST0239,PROD0011,2024-12-20,6,5,upi,Delivered,460.33
TXN001579,CUST0083,PROD0041,2024-05-11,5,30, PayPal,Delivered,886.71
TXN001580,CUST0492,PROD0086,2025-02-15,1,20,upi,Returned,840.38
TXN001581,CUST0380,PROD0082,04-28-2024,4,50,credit card,Pending,723.54
TXN001582,CUST0433,PROD0069,08/01/2025,2,30,, SHIPPED ,78.11
TXN001583,CUST0446,PROD0087,2024-03-22,1,25,Bank Transfer,Cancelled,55.22
TXN001584,CUST0264,PROD0079,2025/04/10,1,40,Bank Transfer,Delivered,498.29
TXN001585,CUST0063,PROD0063,2025-04-16,1,60,credit card,Returned,176.73
TXN001586,CUST0218,PROD0044,2025-11-22,1,50,Bank Transfer,Processing,51.73
TXN001587,CUST0151,PROD0046,2025-03-03,4,25,Bank Transfer,Delivered,553.26
TXN001588,CUST0306,PROD0015,2024-12-31,1,50,upi,Cancelled,33.38
TXN001589,CUST0090,PROD0011,01/07/2025,2,10, PayPal, SHIPPED ,145.37
TXN001590,CUST0458,PROD0036,2024-12-19,6,60,UPI,Pending,506.78
TXN001591,CUST0021,PROD0010,2024-11-30,1,10,Debit Card, SHIPPED ,94.64
TXN001592,CUST0263,PROD0093,2024-03-21,6,20,upi, SHIPPED ,1532.21
TXN001593,CUST0012,PROD0024,2024-09-20,6,5,upi,Shipped,577.07
TXN001594,CUST0407,PROD0025,2025-08-07,3,60,Cash,Cancelled,947.36
TXN001595,CUST0356,PROD0007,2025/01/18,4,15,upi,Returned,775.1
TXN001596,CUST0383,PROD0089,09/07/2024,5,0,upi,Processing,82.9
TXN001597,CUST0348,PROD0037,2024-10-06,4,15,Credit Card, SHIPPED ,104.89
TXN001598,CUST0337,PROD0017,10-08-2024,4,60,credit card,Shipped,171.41
TXN001599,CUST0114,PROD0029,2024-01-19,3,15,Debit Card,Returned,371.41
TXN001600,CUST0373,PROD0092,2025-09-15,5,30,credit card, SHIPPED ,788.02
TXN001601,CUST0244,PROD0072,2024-01-13,3,25,credit card,Pending,431.26
TXN001602,CUST0078,PROD0060,2025-05-25,5,10,upi,Returned,1124.6
TXN001603,CUST0207,PROD0005,07/11/2025,1,40,Cash,delivered,37.42
TXN001604,CUST0043,PROD0027,2025-06-26,3,20,credit card,Pending,217.22
TXN001605,CUST0346,PROD0060,2024-01-31,5,60,PayPal,delivered,499.82
TXN001606,CUST0290,PROD0056,2025/03/01,3,50, PayPal,Cancelled,702.27
TXN001607,CUST0193,PROD0069,2024-05-14,5,5,Debit Card, SHIPPED ,265.0
TXN001608,CUST0112,PROD0028,2024-04-23,3,10,PayPal, SHIPPED ,2416.8
TXN001609,CUST0282,PROD0053,2024-12-26,4,60,Bank Transfer,delivered,70.7
TXN001610,CUST0395,PROD0047,07/10/2025,6,25,Cash, SHIPPED ,226.44
TXN001611,CUST0116,PROD0052,2025-05-21,3,40,PayPal,Processing,30.62
TXN001612,CUST0205,PROD0037,2024-01-04,3,40,PayPal,Shipped,55.53
TXN001613,CUST0197,PROD0075,2025-10-30,4,30,UPI,Delivered,113.82
TXN001614,CUST0317,PROD0029,2024-05-21,5,50,Debit Card, SHIPPED ,364.12
TXN001615,CUST0485,PROD0003,11-28-2024,2,10, PayPal,Shipped,65.0
TXN001616,CUST0488,PROD0048,2024-01-24,,30,Cash,Cancelled,1019.2
TXN001617,CUST0436,PROD0021,13/04/2025,6,15,PayPal,Pending,328.39
TXN001618,CUST0480,PROD0092,2024-07-23,2,20,Debit Card,Delivered,360.24
TXN001619,CUST0106,PROD0074,2025-04-17,2,60, PayPal,Cancelled,259.15
TXN001620,CUST0408,PROD0023,2025-04-17,6,5,credit card,Processing,3015.41
TXN001621,CUST0126,PROD0060,2024-03-12,6,0,upi,Pending,1499.46
TXN001622,CUST0442,PROD0050,2024-03-13,3,50,Debit Card,Delivered,35.3
TXN001623,CUST0225,PROD0062,2024-03-02,4,0,credit card, SHIPPED ,100.72
TXN001624,CUST0367,PROD0066,06/10/2025,4,30,Debit Card,Shipped,258.02
TXN001625,CUST0075,PROD0034,2025-08-16,6,10,credit card, SHIPPED ,807.62
TXN001626,CUST0337,PROD0044,2024-05-25,4,15,Bank Transfer,Shipped,351.73
TXN001627,CUST0169,PROD0083,2025-12-11,4,40,UPI,Returned,-119.98
TXN001628,CUST0176,PROD0038,2025/12/06,3,40,Bank Transfer,Returned,129.92
TXN001629,CUST0305,PROD0005,2024-05-23,5,20,Credit Card,Cancelled,249.48
TXN001630,CUST0451,PROD0048,2025-07-31,6,20,Bank Transfer,Processing,1397.76
TXN001631,CUST0291,PROD0082,08/11/2024,6,40,Bank Transfer,Processing,1357.17
TXN001632,CUST0356,PROD0017,05-30-2024,3,30,Bank Transfer,Cancelled,224.97
TXN001633,CUST0015,PROD0028,2025-08-20,2,60,Credit Card,Returned,716.09
TXN001634,CUST0187,PROD0093,2025-06-04,5,30, PayPal,Processing,1117.23
TXN001635,CUST0498,PROD0045,2025-10-21,5,50,credit card,delivered,439.3
TXN001636,CUST0194,PROD0063,2025-10-25,5,40,PayPal,Pending,1325.46
TXN001637,CUST0460,PROD0049,2024-01-15,1,25,UPI,Returned,97.34
TXN001638,CUST0106,PROD0029,02/06/2024,5,5,UPI,delivered,691.84
TXN001639,CUST0256,PROD0059,2025/08/06,NaN,50,UPI,Cancelled,27.11
TXN001640,CUST0187,PROD0086,2024-02-03,6,5,credit card,Shipped,5987.68
TXN001641,CUST0139,PROD0071,2025-07-01,5,5,Credit Card,Pending,3933.43
TXN001642,CUST0291,PROD0067,2024-09-10,3,10,UPI,Cancelled,
TXN001643,CUST0354,PROD0092,2025-04-12,1,60,Bank Transfer,Returned,90.06
TXN001644,CUST0047,PROD0096,2024-07-13,1,10,Cash,Returned,17.18
TXN001645,CUST0032,PROD0027,21/08/2024,5,60, PayPal,Pending,181.02
TXN001646,CUST0051,PROD0069,2024-02-22,6,5,UPI,Pending,318.0
TXN001647,CUST0060,PROD0057,2024-03-26,2,5,Cash,Cancelled,870.43
TXN001648,CUST0307,PROD0063,2024-11-03,1,60,upi,Shipped,176.73
TXN001649,CUST0369,PROD0057,10-20-2025,5,500, PayPal,Delivered,916.24
TXN001650,CUST0129,PROD0097,2025/02/20,3,40,PayPal,delivered,66.01
TXN001651,CUST0260,PROD0062,2025-06-10,6,20,Bank Transfer,,120.86
TXN001652,CUST0175,PROD0036,25/11/2025,5,20, PayPal,Shipped,844.64
TXN001653,CUST0388,PROD0024,2025-05-14,3,50, PayPal,Pending,151.86
TXN001654,CUST0084,PROD0023,2024-03-08,6,20,Debit Card,Pending,2539.3
TXN001655,CUST0176,PROD0082,2025-12-04,2,15,Debit Card,Cancelled,207.98
TXN001656,CUST0257,PROD0040,2024-11-23,4,5,Bank Transfer,Cancelled,209.53
TXN001657,CUST0293,PROD0087,2024-06-07,2,15,upi,Processing,125.15
TXN001658,CUST0437,PROD0021,2025-09-16,2,25,Cash,Pending,96.59
TXN001659,CUST0335,PROD0077,02/03/2025,3,15,Bank Transfer,Pending,86.96
TXN001660,CUST0479,PROD0039,2025-01-14,3,25,credit card,delivered,126.34
TXN001661,CUST0231,PROD0040,2025/03/11,4,30,Credit Card, SHIPPED ,154.39
TXN001662,CUST0029,PROD0053,2024-12-28,2,40,Bank Transfer,Delivered,53.03
TXN001663,CUST0420,PROD0091,2024-07-26,6,20,Bank Transfer,delivered,3071.23
TXN001664,CUST0013,PROD0042,2025-03-13,3,50,Cash,Cancelled,78.09
TXN001665,CUST0409,PROD0028,2025-09-24,4,20,Debit Card,Shipped,2864.35
TXN001666,CUST0125,PROD0021,29/11/2024,4,60, PayPal,Delivered,103.02
TXN001667,CUST0400,PROD0085,2025-02-03,6,40,UPI,Returned,104.8
TXN001668,CUST0311,PROD0076,2025-01-19,1,0,credit card,Returned,
TXN001669,CUST0276,PROD0048,2025-03-24,1,40,PayPal,Shipped,174.72
TXN001670,CUST0167,PROD0100,2025-02-27,2,60,Bank Transfer,Cancelled,88.97
TXN001671,CUST0288,PROD0012,2025-03-24,3,60,Cash,Returned,91.91
TXN001672,CUST0286,PROD0068,2024/10/25,1,10,Debit Card,delivered,47.47
TXN001673,CUST0491,PROD0047,01/04/2025,2,10,credit card,Pending,90.58
TXN001674,CUST0117,PROD0059,2025-01-05,2,20,Bank Transfer,Delivered,86.75
TXN001675,CUST0072,PROD0016,2025-10-19,4,30, PayPal,Delivered,111.36
TXN001676,CUST0426,PROD0068,2024-03-02,3,0,upi,Delivered,158.22
TXN001677,CUST0492,PROD0065,2024-11-30,4,20,credit card,Shipped,99.14
TXN001678,CUST0377,PROD0010,2025-08-01,5,5,Cash,Processing,499.51
TXN001679,CUST0409,PROD0066,2024-03-30,4,60,UPI,Shipped,147.44
TXN001680,CUST0393,PROD0088,17/03/2025,4,40,PayPal,delivered,866.86
TXN001681,CUST0038,PROD0024,2025-10-25,3,40,Cash, SHIPPED ,182.23
TXN001682,CUST0456,PROD0003,2025-02-15,3,0,upi,Delivered,108.33
TXN001683,CUST0005,PROD0029,2024/11/26,2,20,UPI,delivered,233.04
TXN001684,CUST0273,PROD0059,2025-10-31,2,60,credit card,Processing,43.38
TXN001685,CUST0097,PROD0099,2024-05-31,3,10,Debit Card,Delivered,104.49
TXN001686,CUST0274,PROD0078,2024-02-10,5,25,Debit Card,delivered,254.17
TXN001687,CUST0446,PROD0041,23/08/2024,2,15,Bank Transfer,Processing,380.22
TXN001688,CUST0139,PROD0030,2024-08-10,-3,10, PayPal,Shipped,54.69
TXN001689,CUST0428,PROD0049,2024-01-27,6,15,upi,Delivered,661.88
TXN001690,CUST0229,PROD0057,2025-02-12,2,30,Debit Card,Shipped,641.37
TXN001691,CUST0497,PROD0023,2025-06-02,6,50,Debit Card,Processing,1587.06
TXN001692,CUST0388,PROD0027,2024-05-03,6,60,credit card,delivered,217.22
TXN001693,CUST0213,PROD0025,2024-08-03,5,25, PayPal,Returned,2960.51
TXN001694,CUST0261,PROD0015,12/04/2025,1,30,upi, SHIPPED ,46.74
TXN001695,CUST0493,PROD0013,2024-12-29,3,5,,Returned,247.27
TXN001696,CUST0118,PROD0090,2024-03-27,6,30, PayPal,Delivered,618.87
TXN001697,CUST0488,PROD0036,2025-10-24,1,10,UPI,Processing,190.04
TXN001698,CUST0290,PROD0002,2024-05-11,2,10, PayPal,Delivered,132.01
TXN001699,CUST0032,PROD0077,2024-08-02,6,20,credit card, SHIPPED ,163.68
TXN001700,CUST0422,PROD0021,03-05-2025,2,50,PayPal,Processing,64.39
TXN001701,CUST0187,PROD0015,15/06/2024,4,15,Bank Transfer, SHIPPED ,227.02
TXN001702,CUST0321,PROD0048,2024-09-28,3,0,Credit Card,delivered,873.6
TXN001703,CUST0015,PROD0061,2024-02-05,2,30,Credit Card, SHIPPED ,260.64
TXN001704,CUST0391,PROD0077,2025-06-21,2,5,Credit Card,delivered,64.79
TXN001705,CUST0460,PROD0029,2024/04/04,1,5, PayPal,Pending,138.37
TXN001706,CUST0213,PROD0069,2025-03-26,5,0,Bank Transfer,Pending,278.95
TXN001707,CUST0241,PROD0033,2024-05-11,6,50,credit card,Shipped,377.61
TXN001708,CUST0245,PROD0064,07/08/2025,2,15,Cash,Processing,91.73
TXN001709,CUST0413,PROD0019,2024-08-18,1,5,upi,Returned,29.57
TXN001710,CUST0455,PROD0079,2024-04-17,2,20,PayPal,Returned,1328.78
TXN001711,CUST0169,PROD0091,2025-04-18,5,50,Cash,Returned,1599.6
TXN001712,CUST0390,PROD0017,2024-12-01,3,10,Credit Card, SHIPPED ,289.25
TXN001713,CUST0324,PROD0007,2024-07-21,1,10,Credit Card,Cancelled,205.17
TXN001714,CUST0083,PROD0051,2024-11-26,5,40, PayPal,delivered,336.84
TXN001715,CUST0097,PROD0081,14/08/2025,4,15, PayPal,Returned,212.02
TXN001716,CUST0280,PROD0057,2024/04/30,3,50,credit card,delivered,687.18
TXN001717,CUST0457,PROD0024,09-18-2024,,50, PayPal,Shipped,202.48
TXN001718,CUST0343,PROD0044,2025-06-15,1,25,upi,Delivered,77.59
TXN001719,CUST0494,PROD0070,2024-05-09,2,40,Debit Card,Shipped,NaN
TXN001720,CUST0282,PROD0092,2024-10-29,3,20, PayPal, SHIPPED ,540.36
TXN001721,CUST0284,PROD0011,2025-05-31,4,50,UPI,Processing,161.52
TXN001722,CUST0431,PROD0088,15/08/2024,2,25,Cash,Processing,541.78
TXN001723,CUST0289,PROD0068,2025-06-21,5,25,Cash,Cancelled,197.77
TXN001724,CUST0356,PROD0068,2024-06-19,2,5,PayPal,Cancelled,100.21
TXN001725,CUST0432,PROD0097,2024-06-04,5,30,UPI,Returned,128.34
TXN001726,CUST0026,PROD0052,2024-10-30,5,30, PayPal,Pending,59.54
TXN001727,CUST0165,PROD0018,2024/11/03,1,20,Cash,Returned,94.7
TXN001728,CUST0107,PROD0094,2025-09-19,1,0,upi,Processing,103.06
TXN001729,CUST0074,PROD0062,13/06/2024,4,10,upi, SHIPPED ,90.65
TXN001730,CUST0303,PROD0025,2024-09-11,1,-10,Bank Transfer,Processing,671.05
TXN001731,CUST0458,PROD0052,2024-05-06,6,60,PayPal,Cancelled,40.82
TXN001732,CUST0228,PROD0019,2025-11-19,3,0,Debit Card,Returned,93.39
TXN001733,CUST0269,PROD0014,2025-10-05,4,15, PayPal,Returned,59.4
TXN001734,CUST0421,PROD0016,07-08-2025,5,40,PayPal,Shipped,119.31
TXN001735,CUST0451,PROD0097,2024-12-15,1,30,Bank Transfer,Shipped,25.67
TXN001736,CUST0321,PROD0060,12/03/2025,2,40,Bank Transfer,Cancelled,299.89
TXN001737,CUST0268,PROD0014,2024-03-31,5,60,credit card,Cancelled,34.94
TXN001738,CUST0446,PROD0086,2025/05/21,4,30,Credit Card,Shipped,2941.32
TXN001739,CUST0443,PROD0099,2024-10-13,6,20,Bank Transfer,delivered,185.76
TXN001740,CUST0215,PROD0086,2024-09-14,1,0,Debit Card,Pending,1050.47
TXN001741,CUST0125,PROD0075,2025-05-21,5,30,Bank Transfer,Shipped,142.27
TXN001742,CUST0400,PROD0091,2025-05-14,5,60,upi, SHIPPED ,1279.68
TXN001743,CUST0022,PROD0078,20/04/2024,6,5,Debit Card,Shipped,386.35
TXN001744,CUST0495,PROD0098,2024-09-01,5,60,upi, SHIPPED ,503.6
TXN001745,CUST0368,PROD0096,2024-02-10,6,40, PayPal,Delivered,68.72
TXN001746,CUST0482,PROD0052,2025-10-05,4,500,UPI,Processing,68.04
TXN001747,CUST0013,PROD0081,2024-12-02,3,30,Credit Card,Pending,130.96
TXN001748,CUST0435,PROD0033,2025-01-02,3,25,UPI,Returned,283.21
TXN001749,CUST0229,PROD0007,2024/11/28,6,20,PayPal,Cancelled,1094.26
TXN001750,CUST0286,PROD0099,14/07/2025,3,30,credit card,Processing,81.27
TXN001751,CUST0433,PROD0064,04-01-2024,3,60,Cash,Cancelled,64.75
TXN001752,CUST0163,PROD0040,2024-04-13,1,30,credit card,Pending,38.6
TXN001753,CUST0328,PROD0024,2025-01-26,3,40,credit card,delivered,182.23
TXN001754,CUST0413,PROD0057,2025-01-05,2,25,Credit Card,Shipped,687.18
TXN001755,CUST0098,PROD0075,2024-11-13,6,50,Bank Transfer,Processing,121.95
TXN001756,CUST0204,PROD0080,2025-12-13,2,5,Debit Card, SHIPPED ,355.36
TXN001757,CUST0437,PROD0034,29/05/2024,3,50,credit card, SHIPPED ,224.34
TXN001758,CUST0069,PROD0050,2024-04-16,3,60,Debit Card,delivered,28.24
TXN001759,CUST0116,PROD0057,2024-02-11,5,10,Bank Transfer,Delivered,2061.54
TXN001760,CUST0254,PROD0029,2025/12/12,2,15, PayPal,Cancelled,247.6
TXN001761,CUST0075,PROD0002,2024-10-30,1,60, PayPal,Pending,29.34
TXN001762,CUST0213,PROD0072,2025-07-18,2,30,PayPal, SHIPPED ,268.34
TXN001763,CUST0322,PROD0074,2025-01-31,3,25,Bank Transfer, SHIPPED ,728.87
TXN001764,CUST0190,PROD0047,28/08/2024,5,25,Debit Card,Processing,188.7
TXN001765,CUST0165,PROD0090,2024-09-09,5,10,Debit Card,Pending,663.08
TXN001766,CUST0275,PROD0041,2024-04-17,2,25,Cash,Cancelled,365.01
TXN001767,CUST0295,PROD0007,2025-04-16,4,40,upi,Shipped,547.13
TXN001768,CUST0489,PROD0022,01-23-2024,4,50,Credit Card,delivered,359.46
TXN001769,CUST0245,PROD0091,2024-05-31,6,25,Debit Card,Returned,2879.28
TXN001770,CUST0292,PROD0033,2024-01-29,5,40,upi,Processing,377.61
TXN001771,CUST0203,PROD0028,08/11/2025,3,50,Bank Transfer,delivered,1342.66
TXN001772,CUST0120,PROD0073,2025-06-04,2,50,credit card,Delivered,109.69
TXN001773,CUST0498,PROD0079,2024-02-24,3,60,Debit Card,Shipped,996.59
TXN001774,CUST0315,PROD0009,2025-06-26,6,10,UPI,Cancelled,1022.06
TXN001775,CUST0308,PROD0100,2024-07-02,1,40,Debit Card,delivered,66.73
TXN001776,CUST0046,PROD0013,2025-02-17,6,30,upi, SHIPPED ,364.39
TXN001777,CUST0357,PROD0061,2024-05-21,2,5,Bank Transfer,delivered,353.72
TXN001778,CUST0091,PROD0091,16/03/2025,4,5,PayPal,,2431.39
TXN001779,CUST0206,PROD0026,2024-08-20,6,5,credit card,Pending,404.02
TXN001780,CUST0385,PROD0013,2025-06-20,1,60,Credit Card,Delivered,34.7
TXN001781,CUST0350,PROD0048,2024-04-07,1,50,Credit Card,Delivered,145.6
TXN001782,CUST0168,PROD0050,2024/11/09,5,60,credit card,Shipped,47.06
TXN001783,CUST0490,PROD0023,2024-07-12,5,40,PayPal,Cancelled,1587.06
TXN001784,CUST0500,PROD0045,2024-04-09,2,60,credit card,Processing,140.58
TXN001785,CUST0457,PROD0057,24/12/2025,5,10, PayPal,Delivered,2061.54
TXN001786,CUST0319,PROD0005,2025-07-04,3,20,Debit Card,delivered,149.69
TXN001787,CUST0350,PROD0024,2025-08-27,2,5, PayPal,Cancelled,192.36
TXN001788,CUST0309,PROD0020,2025-09-19,NaN,50,upi,Pending,181.48
TXN001789,CUST0484,PROD0015,2025-11-15,1,25,UPI,delivered,50.08
TXN001790,CUST0073,PROD0031,2025-05-17,4,0,credit card,Delivered,186.96
TXN001791,CUST0470,PROD0062,2025-11-06,5,5,Cash,Shipped,119.61
TXN001792,CUST0340,PROD0084,24/11/2024,5,60,Cash, SHIPPED ,338.56
TXN001793,CUST0388,PROD0070,2025/10/20,3,25,PayPal,Pending,162.81
TXN001794,CUST0391,PROD0026,2024-10-26,4,30,upi, SHIPPED ,198.46
TXN001795,CUST0043,PROD0063,2024-01-25,1,25,Cash,Pending,331.37
TXN001796,CUST0313,PROD0050,2024-11-09,3,0,Cash,Delivered,70.59
TXN001797,CUST0097,PROD0012,2024-11-10,6,60,Cash,Processing,183.82
TXN001798,CUST0329,PROD0041,2024-02-19,1,0,Bank Transfer, SHIPPED ,110.35
TXN001799,CUST0494,PROD0069,23/02/2024,4,50,Cash,Processing,111.58
TXN001800,CUST0261,PROD0048,2025-11-28,1,15,Debit Card,Pending,247.52
TXN001801,CUST0487,PROD0024,2024-08-14,3,5,UPI,Pending,288.53
TXN001802,CUST0106,PROD0074,10-17-2025,1,0,upi,Cancelled,323.94
TXN001803,CUST0461,PROD0089,2024-04-29,1,15,credit card,Processing,14.09
TXN001804,CUST0200,PROD0030,2025/01/15,1,10,PayPal,Cancelled,54.69
TXN001805,CUST0319,PROD0086,2024-09-21,6,60,Bank Transfer,Cancelled,2521.13
TXN001806,CUST0482,PROD0084,06/10/2024,6,0,upi, SHIPPED ,1015.68
TXN001807,CUST0194,PROD0036,2024-07-13,3,60,Credit Card, SHIPPED ,
TXN001808,CUST0022,PROD0090,2025-04-04,6,15,,Shipped,751.48
TXN001809,CUST0060,PROD0021,2025-05-15,2,50,credit card,Processing,64.39
TXN001810,CUST0484,PROD0095,2024-09-19,6,30,Bank Transfer,Returned,673.85
TXN001811,CUST0146,PROD0073,2024-09-24,1,30,UPI,Shipped,76.78
TXN001812,CUST0285,PROD0064,2024-07-24,5,0, PayPal,Pending,269.8
TXN001813,CUST0056,PROD0015,22/08/2024,4,10,Debit Card,Shipped,240.37
TXN001814,CUST0124,PROD0056,2025-09-22,4,10, PayPal,Delivered,1685.45
TXN001815,CUST0340,PROD0065,2024/07/12,6,25,Credit Card,Delivered,139.41
TXN001816,CUST0486,PROD0020,2024-12-15,2,25, PayPal,Cancelled,136.11
TXN001817,CUST0462,PROD0083,2024-02-27,4,10,Bank Transfer,Shipped,-179.96
TXN001818,CUST0116,PROD0024,2025-10-04,,40,Credit Card,Pending,182.23
TXN001819,CUST0036,PROD0032,09-08-2025,3,50,PayPal,Processing,180.09
TXN001820,CUST0281,PROD0041,28/02/2024,6,5,upi,Delivered,1806.45
TXN001821,CUST0087,PROD0093,2024-11-25,1,10,Debit Card,Cancelled,287.29
TXN001822,CUST0004,PROD0049,2024-01-04,1,30,Debit Card,Cancelled,90.85
TXN001823,CUST0391,PROD0081,2024-02-06,5,5,Credit Card,Pending,296.21
TXN001824,CUST0480,PROD0074,2025-10-22,3,60,upi,Pending,388.73
TXN001825,CUST0467,PROD0096,2024-08-31,4,60,Bank Transfer,delivered,30.54
TXN001826,CUST0326,PROD0059,2025/05/05,4,50,credit card,Cancelled,108.44
TXN001827,CUST0074,PROD0037,14/10/2025,2,30,Bank Transfer,Processing,43.19
TXN001828,CUST0189,PROD0095,2024-01-22,3,10,Credit Card,Pending,433.19
TXN001829,CUST0211,PROD0091,2025-07-08,4,10,credit card,Cancelled,2303.42
TXN001830,CUST0483,PROD0052,2025-03-07,4,40, PayPal, SHIPPED ,40.82
TXN001831,CUST0238,PROD0047,2024-12-11,6,30,PayPal,Cancelled,211.34
TXN001832,CUST0126,PROD0028,2025-12-30,5,15,credit card,Pending,3804.22
TXN001833,CUST0281,PROD0098,2025-02-22,6,20,UPI, SHIPPED ,1208.64
TXN001834,CUST0073,PROD0061,21/04/2024,6,40,Bank Transfer, SHIPPED ,670.21
TXN001835,CUST0027,PROD0026,2024-08-10,5,10,upi, SHIPPED ,318.96
TXN001836,CUST0093,PROD0057,01-25-2024,2,30,PayPal,Returned,641.37
TXN001837,CUST0382,PROD0088,2025/07/30,6,30,UPI,Processing,1517.0
TXN001838,CUST0211,PROD0041,2025-04-24,6,10, PayPal,delivered,1690.05
TXN001839,CUST0391,PROD0079,2025-06-27,6,0,Debit Card,Shipped,4982.94
TXN001840,CUST0044,PROD0003,2024-01-09,3,5,credit card,delivered,102.91
TXN001841,CUST0104,PROD0096,03/06/2024,3,5,credit card,delivered,54.41
TXN001842,CUST0299,PROD0058,2025-05-01,6,10,Bank Transfer,Returned,170.86
TXN001843,CUST0052,PROD0072,2024-06-12,2,500,Debit Card, SHIPPED ,268.34
TXN001844,CUST0082,PROD0072,2025-07-19,4,20,UPI,Shipped,613.34
TXN001845,CUST0340,PROD0019,2025-03-31,1,10,upi,Pending,28.02
TXN001846,CUST0195,PROD0062,2024-06-23,5,25, PayPal,Processing,94.43
TXN001847,CUST0230,PROD0003,2025-05-18,5,25,credit card,Shipped,135.41
TXN001848,CUST0454,PROD0048,11/03/2024,2,60,Bank Transfer, SHIPPED ,232.96
TXN001849,CUST0470,PROD0020,2024-04-23,2,25,Bank Transfer,Shipped,136.11
TXN001850,CUST0182,PROD0078,2025-05-21,5,60,upi,Processing,135.56
TXN001851,CUST0187,PROD0033,2024-07-15,3,50,Credit Card,Pending,188.81
TXN001852,CUST0164,PROD0022,2024-02-23,2,20,Bank Transfer,Pending,287.57
TXN001853,CUST0222,PROD0044,02-11-2024,6,40,Debit Card,delivered,372.42
TXN001854,CUST0283,PROD0005,2024-05-13,1,60,Credit Card,Returned,24.95
TXN001855,CUST0195,PROD0026,26/04/2025,4,0,Bank Transfer, SHIPPED ,283.52
TXN001856,CUST0172,PROD0047,2025-06-08,4,25,PayPal,delivered,150.96
TXN001857,CUST0369,PROD0034,2025-07-19,4,20,Bank Transfer,Shipped,478.59
TXN001858,CUST0468,PROD0058,2025-11-18,6,25,Cash,Shipped,142.38
TXN001859,CUST0012,PROD0017,2024/04/19,1,10,credit card,Shipped,96.42
TXN001860,CUST0079,PROD0074,2024-08-30,1,0,Credit Card,delivered,323.94
TXN001861,CUST0446,PROD0080,2024-03-13,5,40,credit card,Shipped,561.09
TXN001862,CUST0314,PROD0016,27/02/2024,2,15,Debit Card,Processing,67.61
TXN001863,CUST0047,PROD0092,2024-04-03,4,15,UPI,Delivered,765.51
TXN001864,CUST0368,PROD0011,2025-01-31,6,50,UPI,Pending,242.28
TXN001865,CUST0419,PROD0026,2025-12-26,5,10, PayPal,Returned,318.96
TXN001866,CUST0375,PROD0087,2025-08-29,4,10,Cash,Delivered,265.03
TXN001867,CUST0041,PROD0023,2024-07-21,2,50,UPI,Shipped,529.02
TXN001868,CUST0360,PROD0098,2024-03-18,2,25,UPI,Processing,377.7
TXN001869,CUST0203,PROD0082,29/08/2025,5,30,Cash,Returned,436.67
TXN001870,CUST0129,PROD0045,2024/09/03,1,20,Bank Transfer,Processing,140.58
TXN001871,CUST0034,PROD0008,2024-03-05,3,0,upi,Shipped,293.73
TXN001872,CUST0346,PROD0098,2025-04-01,6,5,credit card,delivered,1435.26
TXN001873,CUST0358,PROD0088,2025-09-12,1,60,Bank Transfer,delivered,144.48
TXN001874,CUST0231,PROD0046,2025-05-06,4,20, PayPal,delivered,590.14
TXN001875,CUST0280,PROD0096,2024-07-13,5,10,Credit Card,delivered,85.91
TXN001876,CUST0210,PROD0060,17/04/2025,4,40, PayPal,Pending,599.78
TXN001877,CUST0079,PROD0019,2025-01-29,1,10,credit card, SHIPPED ,28.02
TXN001878,CUST0446,PROD0081,2024-06-01,3,0,upi,Processing,187.08
TXN001879,CUST0078,PROD0076,2024-07-07,1,0,upi,Pending,29.3
TXN001880,CUST0077,PROD0035,2024-12-11,1,40,upi,Processing,187.04
TXN001881,CUST0156,PROD0071,2024/10/11,2,40, PayPal, SHIPPED ,993.71
TXN001882,CUST0223,PROD0021,2025-05-14,1,25,Debit Card,Shipped,48.29
TXN001883,CUST0488,PROD0042,23/12/2025,5,20,PayPal,Cancelled,208.24
TXN001884,CUST0266,PROD0064,2024-08-09,4,0,Bank Transfer,Processing,215.84
TXN001885,CUST0174,PROD0081,2024-11-14,5,30,Debit Card,Processing,218.26
TXN001886,CUST0272,PROD0037,2024-12-15,3,10,credit card,Pending,83.3
TXN001887,CUST0033,PROD0003,04-02-2025,4,15,UPI,delivered,122.77
TXN001888,CUST0353,PROD0030,2024-11-16,4,20,Cash,delivered,194.46
TXN001889,CUST0296,PROD0043,2025-12-16,2,25,UPI,Cancelled,239.92
TXN001890,CUST0417,PROD0032,15/05/2025,4,0,credit card,Shipped,480.24
TXN001891,CUST0197,PROD0097,2024-05-31,3,5,Cash,Pending,104.51
TXN001892,CUST0237,PROD0078,2024/09/29,4,30,UPI,Returned,189.78
TXN001893,CUST0365,PROD0019,2025-01-07,4,15,UPI,Delivered,105.84
TXN001894,CUST0168,PROD0046,2025-09-27,5,10,Bank Transfer,delivered,829.89
TXN001895,CUST0249,PROD0041,2025-09-11,2,15,Debit Card,Returned,632.47
TXN001896,CUST0377,PROD0025,2025-06-20,3,15,upi, SHIPPED ,2013.15
TXN001897,CUST0359,PROD0002,01/11/2024,2,10,Bank Transfer,Delivered,132.01
TXN001898,CUST0015,PROD0084,2025-10-21,1,25, PayPal,Processing,126.96
TXN001899,CUST0229,PROD0081,2025-01-26,-3,60, PayPal,delivered,49.89
TXN001900,CUST0056,PROD0036,2025-04-11,2,60, PayPal,Returned,168.93
TXN001901,CUST0084,PROD0076,2024-05-11,1,5,Credit Card,delivered,27.84
TXN001902,CUST0283,PROD0062,2025-01-12,3,30,Cash,Delivered,52.88
TXN001903,CUST0322,PROD0056,2025/10/23,4,-10,credit card,Delivered,1685.45
TXN001904,CUST0330,PROD0037,27/11/2024,5,0,Cash,Delivered,154.25
TXN001905,CUST0371,PROD0092,2025-12-31,4,5,Debit Card,,855.57
TXN001906,CUST0078,PROD0014,2025-06-19,6,15,Debit Card,delivered,89.1
TXN001907,CUST0498,PROD0046,2024-12-12,4,25,Debit Card,Pending,553.26
TXN001908,CUST0206,PROD0070,2024-03-04,4,30,PayPal,Shipped,202.61
TXN001909,CUST0417,PROD0027,2025-04-04,1,20,UPI,Cancelled,72.41
TXN001910,CUST0029,PROD0083,2025-11-30,1,0,UPI,Pending,NaN
TXN001911,CUST0022,PROD0006,12/08/2024,2,10,Cash,delivered,434.32
TXN001912,CUST0166,PROD0050,2025-10-11,4,0,Cash,Returned,94.12
TXN001913,CUST0253,PROD0004,2025-11-16,6,30,Cash,Shipped,206.22
TXN001914,CUST0021,PROD0026,2025/08/26,2,15, PayPal,Delivered,120.5
TXN001915,CUST0179,PROD0090,2024-03-23,3,50,PayPal, SHIPPED ,221.02
TXN001916,CUST0109,PROD0020,2025-07-03,6,60,Bank Transfer,Returned,217.78
TXN001917,CUST0285,PROD0048,2025-06-07,2,15,Bank Transfer,delivered,495.04
TXN001918,CUST0101,PROD0042,23/09/2024,1,20, PayPal,Delivered,41.65
TXN001919,CUST0229,PROD0078,2025-10-29,,30,UPI,Processing,237.23
TXN001920,CUST0058,PROD0006,2025-01-31,6,15,UPI,Returned,1230.58
TXN001921,CUST0427,PROD0089,11-21-2025,5,20,,Pending,66.32
TXN001922,CUST0028,PROD0083,2025-10-03,5,20,UPI,Delivered,-199.96
TXN001923,CUST0159,PROD0002,2024-08-09,3,15, PayPal, SHIPPED ,187.02
TXN001924,CUST0369,PROD0042,2025-04-13,5,10, PayPal,Pending,234.27
TXN001925,CUST0288,PROD0077,19/10/2024,2,5,Debit Card,Delivered,64.79
TXN001926,CUST0437,PROD0004,2025-09-26,1,20,Credit Card,Returned,39.28
TXN001927,CUST0228,PROD0049,2025-08-04,1,0,credit card,Cancelled,129.78
TXN001928,CUST0331,PROD0025,2025-03-09,3,5,Bank Transfer, SHIPPED ,2249.99
TXN001929,CUST0335,PROD0003,2024-10-31,1,20,PayPal,Returned,28.89
TXN001930,CUST0234,PROD0027,2024-05-03,6,0, PayPal,Processing,543.06
TXN001931,CUST0008,PROD0015,2024-03-29,2,40,Cash,Returned,80.12
TXN001932,CUST0139,PROD0003,20/12/2025,4,5,PayPal,Cancelled,137.22
TXN001933,CUST0034,PROD0051,2025-11-25,1,0, PayPal, SHIPPED ,112.28
TXN001934,CUST0426,PROD0060,2025-02-26,1,60,Credit Card,Shipped,99.96
TXN001935,CUST0492,PROD0099,2024-10-14,3,40,UPI,Returned,69.66
TXN001936,CUST0013,PROD0086,2024/10/05,2,40,Credit Card,Delivered,1260.56
TXN001937,CUST0448,PROD0073,2025-03-21,NaN,40,UPI,Delivered,394.88
TXN001938,CUST0147,PROD0047,03-31-2024,3,40, PayPal,Processing,90.58
TXN001939,CUST0192,PROD0085,15/01/2025,5,50,PayPal,delivered,72.78
TXN001940,CUST0377,PROD0082,2024-12-21,2,500,upi,delivered,195.51
TXN001941,CUST0178,PROD0099,2024-10-26,6,40,Cash, SHIPPED ,139.32
TXN001942,CUST0185,PROD0056,2024-03-29,3,10,credit card,delivered,1264.09
TXN001943,CUST0331,PROD0060,2025-04-06,6,10,Credit Card,delivered,1349.51
TXN001944,CUST0260,PROD0081,2024-05-28,3,50,PayPal,Processing,93.54
TXN001945,CUST0418,PROD0027,2025-12-10,1,30,Debit Card,Delivered,63.36
TXN001946,CUST0267,PROD0014,12/08/2025,3,50,PayPal,Cancelled,
TXN001947,CUST0351,PROD0091,2024/12/08,1,25,credit card, SHIPPED ,479.88
TXN001948,CUST0268,PROD0085,2025-02-06,5,25,upi,Shipped,109.16
TXN001949,CUST0116,PROD0082,2025-10-21,2,15,Credit Card,Shipped,438.09
TXN001950,CUST0469,PROD0010,2025-12-12,2,30,Bank Transfer,Cancelled,147.22
TXN001951,CUST0278,PROD0082,2024-04-08,1,0,Credit Card,Returned,78.12
TXN001952,CUST0096,PROD0100,2025-11-27,1,20, PayPal,Shipped,88.97
TXN001953,CUST0217,PROD0046,08/11/2025,1,60,Bank Transfer,delivered,73.77
TXN001954,CUST0199,PROD0048,2024-08-01,4,60, PayPal,Delivered,465.92
TXN001955,CUST0348,PROD0063,02-02-2024,3,25,Credit Card,Returned,994.1
TXN001956,CUST0359,PROD0061,2025-01-27,1,30,credit card,Pending,130.32
TXN001957,CUST0014,PROD0049,2024-02-09,1,40,Bank Transfer,Shipped,77.87
TXN001958,CUST0043,PROD0032,2025/10/08,4,30,credit card,Cancelled,336.17
TXN001959,CUST0310,PROD0061,2024-02-05,3,50, PayPal,Cancelled,279.25
TXN001960,CUST0315,PROD0053,07/04/2024,6,10,Credit Card,Pending,238.63
TXN001961,CUST0036,PROD0065,2024-07-04,3,60,upi,Delivered,37.18
TXN001962,CUST0130,PROD0075,2024-04-30,5,40,PayPal,Pending,121.95
TXN001963,CUST0151,PROD0021,2024-02-10,5,25,upi,Shipped,241.46
TXN001964,CUST0352,PROD0020,2024-03-19,4,40,UPI,Delivered,217.78
TXN001965,CUST0199,PROD0100,2025-10-31,4,0,Bank Transfer,Processing,444.84
TXN001966,CUST0115,PROD0044,2025-11-30,4,15, PayPal,Shipped,351.73
TXN001967,CUST0052,PROD0022,22/05/2024,6,60,Credit Card,Pending,431.35
TXN001968,CUST0255,PROD0047,2025-12-16,1,50,credit card,Shipped,25.16
TXN001969,CUST0215,PROD0061,2024/02/04,4,50,upi,Shipped,372.34
TXN001970,CUST0034,PROD0012,2024-09-26,3,40,upi,Cancelled,137.86
TXN001971,CUST0465,PROD0018,2024-05-03,2,5,PayPal,Cancelled,224.92
TXN001972,CUST0229,PROD0085,07-13-2025,5,20, PayPal,Shipped,116.44
TXN001973,CUST0498,PROD0085,2024-07-08,4,5,Cash,Delivered,110.62
TXN001974,CUST0119,PROD0026,30/05/2024,2,30,Credit Card,delivered,99.23
TXN001975,CUST0031,PROD0066,2024-01-13,5,20,Cash,Delivered,368.6
TXN001976,CUST0156,PROD0018,2024-11-23,4,15,UPI,Pending,402.49
TXN001977,CUST0245,PROD0062,2024-08-07,2,30,Cash,Shipped,35.25
TXN001978,CUST0075,PROD0086,2024-05-10,2,5, PayPal,Shipped,1995.89
TXN001979,CUST0290,PROD0022,2024-09-09,4,25,UPI,Returned,539.19
TXN001980,CUST0209,PROD0008,2025/03/18,3,30,Credit Card,Cancelled,205.61
TXN001981,CUST0344,PROD0093,17/01/2025,4,60,UPI,Processing,510.74
TXN001982,CUST0246,PROD0079,2025-06-05,6,10,UPI,Returned,4484.65
TXN001983,CUST0255,PROD0099,2024-03-17,5,0,upi,Shipped,193.5
TXN001984,CUST0288,PROD0011,2025-12-22,6,0,credit card,Returned,484.56
TXN001985,CUST0202,PROD0036,2025-04-20,3,20,Cash,delivered,506.78
TXN001986,CUST0471,PROD0040,2025-04-26,4,30,Cash,Processing,154.39
TXN001987,CUST0241,PROD0044,2024-04-03,4,25,Cash,Shipped,310.35
TXN001988,CUST0129,PROD0081,01/10/2024,3,60,Cash,Cancelled,74.83
TXN001989,CUST0161,PROD0042,09-02-2024,2,25,Bank Transfer,Cancelled,78.09
TXN001990,CUST0423,PROD0043,2025-06-14,4,20,Bank Transfer, SHIPPED ,511.84
TXN001991,CUST0343,PROD0085,2024/07/11,2,20,UPI,delivered,46.58
TXN001992,CUST0365,PROD0070,2025-07-20,2,40,Cash,Processing,86.83
TXN001993,CUST0061,PROD0093,2024-10-25,2,15,credit card,Processing,542.66
TXN001994,CUST0455,PROD0083,2025-05-23,2,30, PayPal,Returned,-69.99
TXN001995,CUST0478,PROD0073,15/04/2025,3,10,Bank Transfer,Shipped,296.16
TXN001996,CUST0130,PROD0016,2025-01-20,4,0,Debit Card,Cancelled,159.08
TXN001997,CUST0416,PROD0033,2025-05-21,5,60,Bank Transfer, SHIPPED ,251.74
TXN001998,CUST0102,PROD0035,2024-02-22,6,40,Debit Card,Pending,1122.23
TXN001999,CUST0224,PROD0050,2024-11-16,2,10,Debit Card,delivered,42.35
TXN002000,CUST0390,PROD0007,2024-02-12,3,5,Cash,Returned,649.71
TXN002001,CUST0066,PROD0013,2025-12-04,2,0,Credit Card,Delivered,173.52
TXN002002,CUST0058,PROD0044,01/10/2025,3,20,upi,Cancelled,248.28
TXN002003,CUST0119,PROD0029,2025-09-25,5,20,Cash,delivered,582.6
TXN002004,CUST0431,PROD0031,2024-06-04,5,60,credit card,Cancelled,93.48
TXN002005,CUST0088,PROD0050,2024-07-27,5,0,PayPal,Shipped,117.65
TXN002006,CUST0293,PROD0095,09-20-2025,4,5,Debit Card,Cancelled,609.67
TXN002007,CUST0433,PROD0053,2024-08-14,4,60,PayPal,Processing,70.7
TXN002008,CUST0470,PROD0029,2024-10-13,1,15,Bank Transfer, SHIPPED ,123.8
TXN002009,CUST0297,PROD0077,30/01/2025,2,15,Debit Card,Shipped,57.97
TXN002010,CUST0210,PROD0092,2025-03-30,2,30,upi,Delivered,315.21
TXN002011,CUST0278,PROD0098,2024-10-05,6,40,upi,delivered,906.48
TXN002012,CUST0165,PROD0003,2025-05-26,5,30, PayPal,Cancelled,126.39
TXN002013,CUST0191,PROD0019,2025/12/21,5,30,PayPal, SHIPPED ,108.95
TXN002014,CUST0107,PROD0028,2024-11-17,4,20,UPI,Returned,2864.35
TXN002015,CUST0461,PROD0030,2025-01-23,4,0,UPI,Shipped,243.08
TXN002016,CUST0232,PROD0092,23/01/2024,5,25,credit card, SHIPPED ,844.31
TXN002017,CUST0011,PROD0063,2025-03-22,4,30,Debit Card, SHIPPED ,1237.1
TXN002018,CUST0131,PROD0045,2024-08-22,3,20, PayPal,Processing,421.73
TXN002019,CUST0087,PROD0029,2025-08-22,5,60,Cash,Cancelled,291.3
TXN002020,CUST0434,PROD0005,2025-01-25,,15,Debit Card,Processing,53.01
TXN002021,CUST0048,PROD0079,2025-12-13,1,20,Debit Card,Returned,664.39
TXN002022,CUST0232,PROD0020,2024-10-27,4,20,PayPal,Cancelled,290.37
TXN002023,CUST0210,PROD0040,19/06/2024,1,15,Debit Card,Delivered,46.87
TXN002024,CUST0294,PROD0084,2024/06/29,5,40,upi,Processing,507.84
TXN002025,CUST0121,PROD0003,2024-07-19,6,5,Debit Card,Shipped,205.83
TXN002026,CUST0138,PROD0023,2025-06-30,4,50,credit card,Processing,1058.04
TXN002027,CUST0079,PROD0069,2024-07-10,1,25,PayPal,Returned,41.84
TXN002028,CUST0263,PROD0003,2025-05-27,1,30,PayPal,Processing,25.28
TXN002029,CUST0025,PROD0061,2024-06-08,2,60,credit card,Returned,148.94
TXN002030,CUST0237,PROD0032,10/04/2025,6,5,UPI,Processing,684.34
TXN002031,CUST0328,PROD0078,2024-02-13,4,10,Credit Card,Returned,244.01
TXN002032,CUST0236,PROD0068,2025-05-16,4,50,Cash,,105.48
TXN002033,CUST0456,PROD0068,2025-04-22,5,25,upi,Returned,197.77
TXN002034,CUST0269,PROD0053,2024-06-19,4,10,,Cancelled,159.08
TXN002035,CUST0038,PROD0077,2025/01/11,1,60,upi, SHIPPED ,13.64
TXN002036,CUST0193,PROD0039,2025-01-17,3,40,UPI,Delivered,101.07
TXN002037,CUST0111,PROD0056,15/10/2025,4,500,PayPal,Returned,749.09
TXN002038,CUST0203,PROD0032,2024-05-25,2,40,Bank Transfer,Pending,144.07
TXN002039,CUST0205,PROD0060,2025-12-30,3,15, PayPal,Processing,637.27
TXN002040,CUST0213,PROD0007,09-08-2024,6,5,Bank Transfer,delivered,1299.43
TXN002041,CUST0028,PROD0045,2025-04-21,6,30,Debit Card,Returned,738.02
TXN002042,CUST0182,PROD0066,2025-07-18,1,40,Debit Card,delivered,55.29
TXN002043,CUST0170,PROD0025,2024-11-13,2,0,Debit Card,Processing,1578.94
TXN002044,CUST0382,PROD0092,29/07/2025,1,0,Cash,Cancelled,225.15
TXN002045,CUST0323,PROD0067,2025-01-15,4,30,credit card,Pending,
TXN002046,CUST0178,PROD0080,2024/11/30,3,0,Cash,Shipped,561.09
TXN002047,CUST0453,PROD0057,2025-05-14,5,0,Cash,Shipped,2290.6
TXN002048,CUST0496,PROD0020,2025-01-21,6,40,Bank Transfer,Processing,326.66
TXN002049,CUST0073,PROD0098,2024-07-20,5,30,Bank Transfer, SHIPPED ,881.3
TXN002050,CUST0113,PROD0006,2024-02-15,1,10,UPI, SHIPPED ,217.16
TXN002051,CUST0292,PROD0025,03/03/2025,4,50,Bank Transfer,Cancelled,1578.94
TXN002052,CUST0001,PROD0009,2024-06-16,3,40,Debit Card,Cancelled,340.69
TXN002053,CUST0240,PROD0022,2025-11-19,1,5, PayPal,delivered,170.74
TXN002054,CUST0316,PROD0094,2025-01-16,3,60,Cash,delivered,123.67
TXN002055,CUST0324,PROD0086,2024-11-30,2,60,Cash,Returned,840.38
TXN002056,CUST0413,PROD0077,2024-09-08,1,30, PayPal,Returned,23.87
TXN002057,CUST0169,PROD0066,2024/11/03,6,30,Credit Card,Returned,387.03
TXN002058,CUST0411,PROD0033,19/04/2024,5,15,UPI,Cancelled,534.95
TXN002059,CUST0238,PROD0020,2024-04-10,5,50,credit card, SHIPPED ,226.85
TXN002060,CUST0381,PROD0052,2025-03-05,3,20,Debit Card,Cancelled,40.82
TXN002061,CUST0084,PROD0080,2025-05-07,1,25,Credit Card, SHIPPED ,140.27
TXN002062,CUST0208,PROD0056,2024-06-06,4,0,credit card,delivered,1872.72
TXN002063,CUST0061,PROD0040,2024-08-29,4,30,UPI, SHIPPED ,154.39
TXN002064,CUST0221,PROD0031,2024-10-20,5,10,credit card,Processing,210.33
TXN002065,CUST0307,PROD0042,30/08/2025,1,5,Debit Card,Shipped,49.46
TXN002066,CUST0408,PROD0095,2024-01-09,5,30, PayPal,Shipped,561.54
TXN002067,CUST0479,PROD0090,2025-10-25,1,0, PayPal,Processing,147.35
TXN002068,CUST0017,PROD0018,2024/10/25,6,25,Debit Card,Delivered,532.71
TXN002069,CUST0085,PROD0040,2024-12-04,1,60,Debit Card,Delivered,22.06
TXN002070,CUST0315,PROD0001,2024-07-15,4,40,Debit Card,Returned,422.57
TXN002071,CUST0304,PROD0038,2025-09-22,1,60,Bank Transfer,Processing,28.87
TXN002072,CUST0034,PROD0060,12/09/2025,2,50,Debit Card,Pending,249.91
TXN002073,CUST0311,PROD0029,2025-12-06,1,30,credit card,Processing,101.95
TXN002074,CUST0356,PROD0061,04-08-2025,5,20,Bank Transfer, SHIPPED ,744.68
TXN002075,CUST0215,PROD0031,2024-11-12,3,15,UPI,Pending,119.19
TXN002076,CUST0077,PROD0091,2024-06-07,1,-10,Debit Card,Processing,639.84
TXN002077,CUST0056,PROD0058,2024-05-09,6,5,Bank Transfer,delivered,180.35
TXN002078,CUST0353,PROD0041,2025-08-16,6,40,upi, SHIPPED ,283.88
TXN002079,CUST0330,PROD0086,18/11/2025,6,60,Bank Transfer,Cancelled,2521.13
TXN002080,CUST0459,PROD0061,2025-11-02,3,10,upi,Cancelled,502.66
TXN002081,CUST0177,PROD0009,2024-02-20,3,30,PayPal,Pending,397.47
TXN002082,CUST0238,PROD0085,2025-02-11,3,40,PayPal,delivered,52.4
TXN002083,CUST0382,PROD0091,2025-03-08,3,60,PayPal,Delivered,767.81
TXN002084,CUST0446,PROD0022,2024-09-13,1,40,credit card,Processing,107.84
TXN002085,CUST0022,PROD0018,2024-09-02,5,40,Bank Transfer,Cancelled,
TXN002086,CUST0370,PROD0024,03/03/2025,NaN,25,credit card,delivered,75.93
TXN002087,CUST0173,PROD0001,2024-04-17,5,15,UPI,Processing,748.3
TXN002088,CUST0171,PROD0088,2025-11-05,6,50,Bank Transfer, SHIPPED ,1083.57
TXN002089,CUST0456,PROD0068,2025-08-27,5,15,upi,Delivered,224.14
TXN002090,CUST0233,PROD0093,2025/08/28,3,50, PayPal,Delivered,478.81
TXN002091,CUST0146,PROD0043,01-19-2024,5,5, PayPal, SHIPPED ,759.76
TXN002092,CUST0476,PROD0060,2025-09-15,2,25,UPI,Pending,374.87
TXN002093,CUST0136,PROD0039,29/10/2025,2,60,Bank Transfer, SHIPPED ,44.92
TXN002094,CUST0136,PROD0001,2025-06-27,1,15, PayPal,Cancelled,149.66
TXN002095,CUST0204,PROD0001,2025-03-16,1,20,Cash, SHIPPED ,140.86
TXN002096,CUST0009,PROD0065,2025-10-17,5,0, PayPal,Cancelled,154.9
TXN002097,CUST0274,PROD0085,2025-07-19,1,15,upi,delivered,24.74
TXN002098,CUST0091,PROD0070,2025-11-02,1,30,Debit Card,delivered,50.65
TXN002099,CUST0332,PROD0032,2025-05-06,1,10,Bank Transfer,Processing,108.05
TXN002100,CUST0337,PROD0038,18/11/2025,4,10,upi,Cancelled,259.85
TXN002101,CUST0374,PROD0021,2025/01/05,3,20,Cash,Shipped,NaN
TXN002102,CUST0040,PROD0020,2024-05-04,2,5,Bank Transfer,Processing,172.41
TXN002103,CUST0059,PROD0098,2025-04-07,1,50,Cash,Pending,125.9
TXN002104,CUST0262,PROD0016,2025-05-07,5,20,Debit Card,delivered,159.08
TXN002105,CUST0404,PROD0012,2024-12-27,4,15,Cash,Returned,260.41
TXN002106,CUST0372,PROD0003,2025-09-27,1,10,PayPal,delivered,32.5
TXN002107,CUST0083,PROD0067,07/12/2025,2,40,credit card,Delivered,
TXN002108,CUST0175,PROD0050,03-18-2025,5,30,UPI,Processing,82.36
TXN002109,CUST0098,PROD0080,2025-10-14,5,5,UPI,Pending,888.39
TXN002110,CUST0286,PROD0099,2025-04-13,-3,25,UPI,Delivered,87.08
TXN002111,CUST0019,PROD0058,2024-07-11,5,25,Credit Card,delivered,118.65
TXN002112,CUST0333,PROD0044,2025/03/01,1,25, PayPal,Shipped,77.59
TXN002113,CUST0069,PROD0013,2025-08-31,5,5,PayPal,Pending,412.11
TXN002114,CUST0254,PROD0071,18/07/2025,3,5,Credit Card,delivered,2360.06
TXN002115,CUST0126,PROD0040,2025-07-03,3,0,Debit Card,Delivered,165.42
TXN002116,CUST0481,PROD0039,2025-11-11,6,20,upi,Processing,269.52
TXN002117,CUST0144,PROD0044,2025-02-25,5,25,Debit Card,Pending,387.94
TXN002118,CUST0158,PROD0095,2024-11-03,1,0,Bank Transfer,delivered,160.44
TXN002119,CUST0095,PROD0092,2024-04-05,5,60,Debit Card,delivered,450.3
TXN002120,CUST0059,PROD0013,2024-09-27,3,5,PayPal,Cancelled,247.27
TXN002121,CUST0299,PROD0011,25/08/2024,,20,Cash,Shipped,193.82
TXN002122,CUST0416,PROD0092,2025-07-16,6,50,Bank Transfer,Returned,675.45
TXN002123,CUST0052,PROD0052,2024/02/11,4,5,credit card,Returned,64.64
TXN002124,CUST0380,PROD0007,2024-05-20,1,60,Credit Card,Shipped,91.19
TXN002125,CUST0457,PROD0062,02-13-2024,3,30,Cash,Shipped,52.88
TXN002126,CUST0136,PROD0021,2025-08-28,2,5,credit card,Processing,122.34
TXN002127,CUST0095,PROD0084,2025-08-05,1,0, PayPal,Cancelled,169.28
TXN002128,CUST0374,PROD0091,09/05/2024,6,50,UPI, SHIPPED ,1919.52
TXN002129,CUST0003,PROD0088,2025-06-19,5,15, PayPal,Cancelled,1535.06
TXN002130,CUST0031,PROD0056,2024-08-04,6,30,UPI,Returned,1966.36
TXN002131,CUST0177,PROD0018,2025-02-18,4,60,Bank Transfer,Returned,189.41
TXN002132,CUST0128,PROD0079,2024-05-07,4,20, PayPal,Delivered,2657.57
TXN002133,CUST0059,PROD0052,2025-08-27,6,20,PayPal,Processing,81.65
TXN002134,CUST0417,PROD0083,2025/08/17,6,500,PayPal,Delivered,-254.95
TXN002135,CUST0119,PROD0032,17/02/2024,1,30,PayPal,Cancelled,84.04
TXN002136,CUST0142,PROD0015,2025-08-11,6,15,Debit Card,Delivered,340.53
TXN002137,CUST0212,PROD0014,2024-12-15,4,10,PayPal,Shipped,62.89
TXN002138,CUST0445,PROD0048,2024-11-28,4,50,Bank Transfer,Pending,582.4
TXN002139,CUST0340,PROD0026,2025-10-12,2,30,credit card,Cancelled,99.23
TXN002140,CUST0446,PROD0086,2025-11-09,4,40,Bank Transfer, SHIPPED ,2521.13
TXN002141,CUST0026,PROD0033,2024-01-04,4,10,Credit Card,Delivered,453.13
TXN002142,CUST0384,PROD0059,20/06/2025,2,30,Debit Card,Returned,75.91
TXN002143,CUST0073,PROD0037,2024-10-13,4,0, PayPal,Shipped,123.4
TXN002144,CUST0301,PROD0059,2024-12-22,6,15, PayPal,Cancelled,276.52
TXN002145,CUST0353,PROD0036,2025/05/03,3,10, PayPal,Cancelled,570.13
TXN002146,CUST0225,PROD0018,2024-01-18,6,40,upi,Cancelled,426.17
TXN002147,CUST0486,PROD0071,2025-06-05,2,5,,delivered,1573.37
TXN002148,CUST0268,PROD0033,2025-12-07,3,50,Bank Transfer, SHIPPED ,188.81
TXN002149,CUST0011,PROD0009,03/08/2025,2,20,Bank Transfer,Cancelled,302.83
TXN002150,CUST0388,PROD0086,2025-07-23,5,50,PayPal,Pending,2626.18
TXN002151,CUST0271,PROD0001,2024-06-01,3,50,upi,delivered,264.11
TXN002152,CUST0001,PROD0062,2024-07-17,1,20,upi,Returned,20.14
TXN002153,CUST0357,PROD0035,2025-08-23,6,30,credit card,Shipped,1309.27
TXN002154,CUST0195,PROD0061,2025-10-01,2,25,Credit Card,delivered,279.25
TXN002155,CUST0183,PROD0061,2024-09-03,3,40,UPI, SHIPPED ,335.11
TXN002156,CUST0491,PROD0072,17/01/2024,1,5,PayPal,Cancelled,182.09
TXN002157,CUST0211,PROD0006,2024-07-28,4,50,Debit Card,Shipped,482.58
TXN002158,CUST0349,PROD0071,2025-03-27,2,15,UPI,Cancelled,1407.75
TXN002159,CUST0190,PROD0013,02-07-2024,1,60,upi,,34.7
TXN002160,CUST0144,PROD0083,2025-08-25,2,5,credit card,Cancelled,-94.98
TXN002161,CUST0314,PROD0016,2024-04-05,5,50,UPI,Delivered,99.43
TXN002162,CUST0244,PROD0089,2024-10-10,2,0, PayPal,Cancelled,33.16
TXN002163,CUST0408,PROD0053,04/12/2024,1,50,UPI,Returned,22.09
TXN002164,CUST0001,PROD0055,2025-12-14,3,40,Cash,Processing,1890.72
TXN002165,CUST0014,PROD0095,2024-04-09,5,0,Bank Transfer,Cancelled,802.2
TXN002166,CUST0089,PROD0021,2024-08-27,1,10,UPI,Cancelled,57.95
TXN002167,CUST0102,PROD0017,2024/10/29,1,40,UPI,Processing,64.28
TXN002168,CUST0017,PROD0016,2024-07-28,6,20,upi,Processing,190.9
TXN002169,CUST0353,PROD0009,2024-06-11,4,0,PayPal,delivered,757.08
TXN002170,CUST0018,PROD0069,28/06/2024,4,5,Debit Card,Processing,212.0
TXN002171,CUST0109,PROD0010,2024-06-06,1,30,UPI,Processing,73.61
TXN002172,CUST0137,PROD0092,2025-06-16,5,50,credit card,Pending,562.88
TXN002173,CUST0081,PROD0077,2025-06-29,5,15, PayPal, SHIPPED ,144.92
TXN002174,CUST0089,PROD0079,2025-03-31,3,20,UPI,Delivered,1993.18
TXN002175,CUST0101,PROD0052,2024-10-29,5,40,Debit Card,Shipped,51.03
TXN002176,CUST0408,PROD0089,05-09-2024,2,50,Debit Card,Pending,16.58
TXN002177,CUST0203,PROD0084,17/08/2025,6,10,Credit Card,Processing,914.11
TXN002178,CUST0276,PROD0030,2024/05/09,1,50,Cash,Shipped,30.39
TXN002179,CUST0124,PROD0069,2025-07-19,3,50,Cash,Shipped,83.69
TXN002180,CUST0133,PROD0034,2024-12-06,2,10,Credit Card, SHIPPED ,269.21
TXN002181,CUST0252,PROD0027,2024-05-23,6,5,Cash,Processing,515.91
TXN002182,CUST0320,PROD0057,2024-03-14,6,50,Debit Card,delivered,1374.36
TXN002183,CUST0236,PROD0022,2025-11-28,3,0,Credit Card,Delivered,539.19
TXN002184,CUST0400,PROD0004,11/11/2025,1,0,Debit Card,delivered,49.1
TXN002185,CUST0085,PROD0097,2025-10-14,1,5,UPI,Pending,34.84
TXN002186,CUST0488,PROD0013,2025-03-25,6,25,Credit Card,Delivered,390.42
TXN002187,CUST0369,PROD0020,2024-12-27,4,5,Cash,Returned,344.81
TXN002188,CUST0386,PROD0038,2024-09-24,1,50,PayPal,Pending,36.09
TXN002189,CUST0148,PROD0063,2025/06/18,2,10,Bank Transfer,Delivered,795.28
TXN002190,CUST0161,PROD0049,2025-04-25,5,30, PayPal,Delivered,454.23
TXN002191,CUST0023,PROD0077,20/02/2024,6,20,UPI, SHIPPED ,163.68
TXN002192,CUST0177,PROD0082,2024-12-15,3,50,Bank Transfer,Processing,321.73
TXN002193,CUST0289,PROD0016,08-29-2024,2,20,Cash,Cancelled,63.63
TXN002194,CUST0165,PROD0048,2025-11-08,3,20,PayPal, SHIPPED ,698.88
TXN002195,CUST0374,PROD0006,2025-07-19,1,40,Credit Card, SHIPPED ,144.77
TXN002196,CUST0107,PROD0031,2025-02-24,5,50, PayPal,delivered,116.85
TXN002197,CUST0403,PROD0003,2025-10-01,5,10,PayPal,Shipped,162.5
TXN002198,CUST0032,PROD0035,18/02/2024,4,20,Cash,Shipped,997.54
TXN002199,CUST0456,PROD0072,2025-06-25,1,20,Bank Transfer,Processing,153.34
TXN002200,CUST0281,PROD0061,2025/05/25,5,15,upi,Cancelled,791.22
TXN002201,CUST0271,PROD0083,2024-03-06,3,15,PayPal,Shipped,-127.47
TXN002202,CUST0073,PROD0090,2025-02-13,6,20,PayPal,Returned,707.28
TXN002203,CUST0209,PROD0039,2024-06-11,2,30,PayPal,delivered,78.61
TXN002204,CUST0370,PROD0093,2025-06-25,2,5,Bank Transfer,Returned,606.5
TXN002205,CUST0043,PROD0060,11/02/2024,3,30,PayPal,delivered,524.81
TXN002206,CUST0485,PROD0097,2025-01-17,1,10,upi,Cancelled,33.0
TXN002207,CUST0370,PROD0087,2025-01-12,5,10,Bank Transfer,Cancelled,331.29
TXN002208,CUST0492,PROD0094,2024-01-24,1,40,upi,Returned,61.84
TXN002209,CUST0211,PROD0036,2024-10-24,5,50,Cash,Delivered,527.9
TXN002210,CUST0396,PROD0029,04-21-2024,2,50,Cash,Processing,145.65
TXN002211,CUST0426,PROD0036,2024/12/05,2,40,Credit Card,delivered,253.39
TXN002212,CUST0020,PROD0038,04/12/2025,1,20,UPI,Cancelled,57.74
TXN002213,CUST0470,PROD0028,2024-08-01,2,50,Bank Transfer,delivered,895.11
TXN002214,CUST0453,PROD0091,2024-05-05,6,15,PayPal,Shipped,3263.18
TXN002215,CUST0047,PROD0013,2025-12-29,4,50, PayPal,Shipped,173.52
TXN002216,CUST0279,PROD0007,2025-09-13,2,60,Debit Card,Cancelled,182.38
TXN002217,CUST0253,PROD0028,2024-05-17,6,25,UPI,Delivered,4027.99
TXN002218,CUST0452,PROD0053,2024-02-05,1,5,Cash,Pending,41.98
TXN002219,CUST0389,PROD0042,02/02/2025,4,50,upi,Delivered,104.12
TXN002220,CUST0006,PROD0024,2024-08-01,1,60,Debit Card,delivered,40.5
TXN002221,CUST0399,PROD0054,2024-04-24,2,60,Cash,Delivered,155.33
TXN002222,CUST0126,PROD0089,2025/01/21,,40,Bank Transfer,Returned,39.79
TXN002223,CUST0422,PROD0077,2024-05-02,4,0,UPI, SHIPPED ,136.4
TXN002224,CUST0189,PROD0079,2024-12-20,1,5,Bank Transfer,Shipped,
TXN002225,CUST0414,PROD0016,2025-06-22,5,20,Debit Card,Returned,159.08
TXN002226,CUST0116,PROD0030,10/02/2025,4,25,Credit Card,Processing,182.31
TXN002227,CUST0388,PROD0053,07-18-2024,6,10,UPI,Processing,238.63
TXN002228,CUST0038,PROD0031,2025-04-07,3,25,upi,Shipped,105.16
TXN002229,CUST0048,PROD0033,2024-02-07,6,20,PayPal, SHIPPED ,604.18
TXN002230,CUST0482,PROD0096,2024-02-13,6,0,credit card,Cancelled,114.54
TXN002231,CUST0253,PROD0051,2025-03-14,6,500,Cash,Shipped,673.68
TXN002232,CUST0060,PROD0096,2024-05-11,1,0,UPI,Delivered,19.09
TXN002233,CUST0267,PROD0027,04/01/2025,4,60,Debit Card,Delivered,144.82
TXN002234,CUST0198,PROD0020,2025-12-02,1,25,UPI,Shipped,68.05
TXN002235,CUST0488,PROD0023,2024-08-11,NaN,25,Credit Card, SHIPPED ,1190.3
TXN002236,CUST0261,PROD0071,2024-07-06,5,5, PayPal,Pending,3933.43
TXN002237,CUST0218,PROD0098,2025-07-28,2,60,UPI,Returned,201.44
TXN002238,CUST0149,PROD0096,2024-02-11,2,20,Cash,Delivered,30.54
TXN002239,CUST0407,PROD0068,2025-04-03,3,20,UPI,Pending,126.58
TXN002240,CUST0442,PROD0086,17/07/2025,5,10,upi,Delivered,4727.12
TXN002241,CUST0109,PROD0030,2025-10-22,5,5,Credit Card,Shipped,288.66
TXN002242,CUST0342,PROD0048,2025-04-07,6,0,Credit Card,delivered,1747.2
TXN002243,CUST0290,PROD0075,2025-12-25,3,20,PayPal,Delivered,97.56
TXN002244,CUST0366,PROD0058,2024/09/18,2,30,upi, SHIPPED ,44.3
TXN002245,CUST0446,PROD0100,2025-11-03,5,60, PayPal,Shipped,222.42
TXN002246,CUST0456,PROD0067,2024-10-29,5,25,upi,Cancelled,
TXN002247,CUST0076,PROD0043,01/08/2025,3,0,Cash,Returned,479.85
TXN002248,CUST0292,PROD0080,2024-07-18,2,5,PayPal,Cancelled,355.36
TXN002249,CUST0151,PROD0100,2024-05-24,4,-10,Cash,Delivered,177.94
TXN002250,CUST0209,PROD0080,2025-12-17,5,40,PayPal, SHIPPED ,561.09
TXN002251,CUST0328,PROD0016,2025-04-13,1,40,PayPal,Cancelled,23.86
TXN002252,CUST0159,PROD0072,2024-08-21,5,15,credit card,delivered,814.6
TXN002253,CUST0333,PROD0032,2025-06-16,6,50,Credit Card,Returned,360.18
TXN002254,CUST0424,PROD0001,18/12/2024,6,5,PayPal, SHIPPED ,1003.6
TXN002255,CUST0175,PROD0004,2025/07/16,4,60,credit card,Processing,78.56
TXN002256,CUST0223,PROD0085,2024-09-29,5,30,upi,delivered,101.89
TXN002257,CUST0209,PROD0081,2024-03-15,1,50, PayPal, SHIPPED ,31.18
TXN002258,CUST0051,PROD0087,2025-12-03,2,50,credit card,delivered,73.62
TXN002259,CUST0473,PROD0097,2024-05-03,2,20,upi,Processing,58.67
TXN002260,CUST0124,PROD0076,2024-11-14,3,0,,Processing,87.9
TXN002261,CUST0245,PROD0097,17/08/2024,1,50,upi, SHIPPED ,18.34
TXN002262,CUST0465,PROD0050,2024-03-05,1,30,Cash,Cancelled,16.47
TXN002263,CUST0039,PROD0011,2025-11-15,5,25,Credit Card,Delivered,302.85
TXN002264,CUST0485,PROD0009,2025-01-19,1,60,Bank Transfer,Shipped,75.71
TXN002265,CUST0151,PROD0081,2025-09-13,6,25,Credit Card,Pending,280.62
TXN002266,CUST0209,PROD0100,2024/06/30,5,15, PayPal, SHIPPED ,472.64
TXN002267,CUST0322,PROD0019,2024-02-21,3,15,Bank Transfer,Returned,79.38
TXN002268,CUST0009,PROD0064,27/03/2025,5,20,upi,Processing,215.84
TXN002269,CUST0030,PROD0092,2025-04-04,6,30,upi,Processing,945.63
TXN002270,CUST0306,PROD0018,2024-12-18,5,5, PayPal,Pending,562.3
TXN002271,CUST0473,PROD0050,2024-02-18,5,60,Debit Card,Returned,47.06
TXN002272,CUST0012,PROD0051,2025-06-20,5,20,Debit Card,Cancelled,449.12
TXN002273,CUST0102,PROD0026,2025-04-09,1,10,credit card,delivered,63.79
TXN002274,CUST0367,PROD0022,2024-07-26,4,5, PayPal,Shipped,682.97
TXN002275,CUST0238,PROD0002,28/07/2024,6,5,Debit Card,Processing,418.04
TXN002276,CUST0001,PROD0049,2024-04-25,4,15,Cash,delivered,441.25
TXN002277,CUST0068,PROD0060,2025/05/22,5,25,upi,Shipped,937.16
TXN002278,CUST0098,PROD0028,04-03-2025,6,50,Bank Transfer,Returned,2685.33
TXN002279,CUST0136,PROD0076,2024-02-20,2,60,credit card,Delivered,23.44
TXN002280,CUST0073,PROD0051,2024-10-28,1,5,upi,Returned,106.67
TXN002281,CUST0146,PROD0007,2024-08-30,2,20,Debit Card, SHIPPED ,364.75
TXN002282,CUST0241,PROD0069,20/04/2024,4,40,Cash,Processing,133.9
TXN002283,CUST0469,PROD0024,2024-03-17,2,5, PayPal,Processing,192.36
TXN002284,CUST0053,PROD0081,2024-07-17,5,30,PayPal,delivered,218.26
TXN002285,CUST0377,PROD0063,2025-12-04,4,15,upi,Cancelled,1502.19
TXN002286,CUST0448,PROD0070,2024-09-05,5,10,Cash,,325.62
TXN002287,CUST0210,PROD0004,2024-12-12,5,40,Credit Card,Pending,147.3
TXN002288,CUST0403,PROD0090,2025/08/25,6,30,upi,Shipped,618.87
TXN002289,CUST0233,PROD0062,17/12/2025,4,40,UPI, SHIPPED ,60.43
TXN002290,CUST0266,PROD0100,2024-05-30,3,0,upi,Processing,333.63
TXN002291,CUST0044,PROD0085,2024-06-24,2,25,credit card,Processing,43.66
TXN002292,CUST0045,PROD0051,2025-11-26,3,0,credit card,Pending,NaN
TXN002293,CUST0480,PROD0014,2025-12-04,4,60,PayPal,Shipped,27.95
TXN002294,CUST0268,PROD0084,2024-06-27,5,10,credit card, SHIPPED ,761.76
TXN002295,CUST0497,PROD0059,08-31-2025,5,60,Cash,Returned,108.44
TXN002296,CUST0121,PROD0056,30/09/2025,5,20,Cash,Delivered,1872.72
TXN002297,CUST0488,PROD0021,2024-05-09,3,0,UPI, SHIPPED ,193.17
TXN002298,CUST0500,PROD0093,2025-09-04,6,20,Cash,Returned,1532.21
TXN002299,CUST0332,PROD0017,2024/11/01,3,60,Cash,Shipped,128.56
TXN002300,CUST0332,PROD0011,2024-10-17,4,50,Cash,Pending,161.52
TXN002301,CUST0493,PROD0097,2024-02-06,6,40,Debit Card,delivered,132.01
TXN002302,CUST0473,PROD0023,2024-08-28,4,40,upi,Pending,1269.65
TXN002303,CUST0101,PROD0070,03/11/2025,1,60, PayPal,Returned,28.94
TXN002304,CUST0195,PROD0100,2024-03-20,1,40, PayPal,Pending,66.73
TXN002305,CUST0197,PROD0070,2024-06-02,5,30,Cash,Pending,253.26
TXN002306,CUST0368,PROD0020,2024-05-12,5,60,UPI,Pending,181.48
TXN002307,CUST0384,PROD0005,2025-10-20,3,50,Credit Card, SHIPPED ,93.55
TXN002308,CUST0330,PROD0024,2025-11-29,2,25,Credit Card,Returned,151.86
TXN002309,CUST0453,PROD0004,2025-11-10,4,30,credit card,Pending,137.48
TXN002310,CUST0292,PROD0005,01/02/2024,1,10,Bank Transfer,Processing,56.13
TXN002311,CUST0399,PROD0096,2024-12-16,3,20,PayPal, SHIPPED ,45.82
TXN002312,CUST0236,PROD0076,02-07-2025,2,25,Bank Transfer,Processing,43.95
TXN002313,CUST0327,PROD0032,2025-10-11,6,50,Bank Transfer, SHIPPED ,360.18
TXN002314,CUST0426,PROD0029,2024-07-18,5,5,credit card, SHIPPED ,691.84
TXN002315,CUST0085,PROD0034,2024-03-22,6,25,PayPal,delivered,673.02
TXN002316,CUST0370,PROD0062,2024-07-01,4,10,PayPal, SHIPPED ,90.65
TXN002317,CUST0485,PROD0076,14/08/2024,2,25,Cash,delivered,43.95
TXN002318,CUST0053,PROD0029,2025-05-31,5,30,credit card,delivered,509.77
TXN002319,CUST0014,PROD0083,2025-05-16,3,30,Cash,delivered,-104.98
TXN002320,CUST0009,PROD0079,2024-11-24,6,20,Bank Transfer,Cancelled,3986.35
TXN002321,CUST0004,PROD0025,2024/11/09,-3,5,Cash,Shipped,3749.98
TXN002322,CUST0475,PROD0015,2025-05-07,4,10,Credit Card,Cancelled,240.37
TXN002323,CUST0268,PROD0091,2024-12-07,,20,Credit Card,Shipped,1023.74
TXN002324,CUST0430,PROD0047,03/08/2024,3,5,credit card,Returned,143.41
TXN002325,CUST0233,PROD0014,2024-11-30,2,5,UPI,Processing,33.19
TXN002326,CUST0188,PROD0080,2024-08-07,4,50,Debit Card,Cancelled,374.06
TXN002327,CUST0409,PROD0055,2025-04-03,1,0,Bank Transfer,Processing,1050.4
TXN002328,CUST0357,PROD0083,2024-04-21,1,500,credit card,Processing,-49.99
TXN002329,CUST0234,PROD0050,09-22-2025,1,60,Cash,Pending,9.41
TXN002330,CUST0288,PROD0008,2025-09-11,2,40,Credit Card,Returned,117.49
TXN002331,CUST0185,PROD0017,28/08/2024,5,50,credit card, SHIPPED ,267.82
TXN002332,CUST0084,PROD0018,2024/12/04,4,30,Credit Card,delivered,331.46
TXN002333,CUST0443,PROD0099,2025-08-20,4,40,Cash,Pending,92.88
TXN002334,CUST0144,PROD0039,2024-06-20,4,25,Cash,delivered,168.45
TXN002335,CUST0380,PROD0086,2024-10-13,6,25,upi,delivered,4727.11
TXN002336,CUST0408,PROD0041,2025-12-30,3,10,Cash,Processing,448.69
TXN002337,CUST0315,PROD0016,2024-03-25,4,25,Credit Card,Processing,119.31
TXN002338,CUST0478,PROD0001,10/02/2024,2,20,credit card,Cancelled,281.71
TXN002339,CUST0301,PROD0083,2024-08-25,2,10,Debit Card,delivered,-89.98
TXN002340,CUST0445,PROD0041,2024-03-11,1,25,credit card,Pending,27.16
TXN002341,CUST0105,PROD0082,2025-10-10,5,10,Debit Card,Returned,745.05
TXN002342,CUST0436,PROD0067,2025-06-21,4,30, PayPal,Processing,
TXN002343,CUST0256,PROD0089,2024/08/15,4,40,Bank Transfer, SHIPPED ,39.79
TXN002344,CUST0077,PROD0096,2024-01-07,3,50,PayPal,delivered,28.63
TXN002345,CUST0148,PROD0027,12/03/2024,2,10,Cash,Shipped,162.92
TXN002346,CUST0378,PROD0018,07-13-2024,2,15,PayPal,Delivered,201.25
TXN002347,CUST0321,PROD0040,2025-10-01,1,30,Credit Card,Shipped,38.6
TXN002348,CUST0267,PROD0032,2025-03-01,4,10,UPI,Pending,432.22
TXN002349,CUST0177,PROD0004,2025-06-29,4,30,Cash,Shipped,137.48
TXN002350,CUST0341,PROD0059,2024-06-30,3,40, PayPal,delivered,97.6
TXN002351,CUST0134,PROD0096,2025-01-06,6,20, PayPal,Processing,91.63
TXN002352,CUST0195,PROD0020,07/08/2025,3,10,Debit Card,Pending,245.0
TXN002353,CUST0196,PROD0085,2025-07-21,6,5,upi,Delivered,165.93
TXN002354,CUST0282,PROD0024,2025/03/26,6,40,PayPal,Shipped,364.46
TXN002355,CUST0235,PROD0088,2024-08-08,4,15,PayPal,Delivered,1228.05
TXN002356,CUST0167,PROD0024,2024-06-25,5,60,UPI, SHIPPED ,202.48
TXN002357,CUST0452,PROD0022,2024-04-13,4,25,Debit Card,Returned,539.19
TXN002358,CUST0121,PROD0071,2025-07-17,2,10,credit card,delivered,1490.56
TXN002359,CUST0360,PROD0032,14/08/2025,2,25,Cash,Returned,180.09
TXN002360,CUST0137,PROD0054,2024-05-05,6,40, PayPal,Cancelled,698.98
TXN002361,CUST0083,PROD0051,2024-10-23,1,60,credit card,Returned,44.91
TXN002362,CUST0444,PROD0033,2025-08-14,5,5,PayPal,Pending,597.88
TXN002363,CUST0310,PROD0075,03-25-2025,2,60,PayPal,Pending,
TXN002364,CUST0036,PROD0021,2024-02-26,2,60, PayPal,Pending,51.51
TXN002365,CUST0369,PROD0015,2024/08/07,6,25,PayPal,Cancelled,300.47
TXN002366,CUST0067,PROD0020,29/01/2024,1,10,credit card, SHIPPED ,81.67
TXN002367,CUST0374,PROD0093,2024-02-25,2,10,Credit Card,Delivered,574.58
TXN002368,CUST0136,PROD0098,2025-07-21,5,40,Cash,Pending,755.4
TXN002369,CUST0179,PROD0088,2024-08-03,6,25,Cash,delivered,1625.36
TXN002370,CUST0095,PROD0031,2025-10-14,4,0,Credit Card,Cancelled,186.96
TXN002371,CUST0009,PROD0036,2024-11-05,4,5,credit card,Shipped,802.41
TXN002372,CUST0236,PROD0009,2024-12-21,2,60,Debit Card,Delivered,151.42
TXN002373,CUST0399,PROD0020,20/10/2025,2,60,,Delivered,72.59
TXN002374,CUST0048,PROD0039,2024-07-22,3,50,UPI,Delivered,84.22
TXN002375,CUST0314,PROD0026,2024-01-06,4,40,Debit Card,Cancelled,170.11
TXN002376,CUST0352,PROD0076,2025/05/26,5,5,PayPal, SHIPPED ,139.17
TXN002377,CUST0025,PROD0082,2024-06-03,2,5,UPI,Processing,145.69
TXN002378,CUST0352,PROD0090,2025-04-16,4,10,Credit Card,Shipped,530.46
TXN002379,CUST0311,PROD0099,2025-11-20,1,5,upi, SHIPPED ,36.77
TXN002380,CUST0054,PROD0017,04/07/2024,1,60,Credit Card,Pending,42.85
TXN002381,CUST0070,PROD0093,2024-12-17,6,50, PayPal,Cancelled,957.63
TXN002382,CUST0102,PROD0080,2024-08-07,3,60,UPI, SHIPPED ,224.44
TXN002383,CUST0195,PROD0044,2024-08-01,1,10, PayPal,Returned,93.11
TXN002384,CUST0398,PROD0067,2024-04-16,NaN,10,Debit Card,Shipped,
TXN002385,CUST0146,PROD0003,2025-07-25,4,50,PayPal,delivered,72.22
TXN002386,CUST0441,PROD0002,2025-08-13,3,10,PayPal,Returned,198.02
TXN002387,CUST0193,PROD0017,18/01/2024,2,25,credit card, SHIPPED ,160.69
TXN002388,CUST0430,PROD0009,2025-11-01,2,60,credit card,Processing,151.42
TXN002389,CUST0399,PROD0089,2025-08-20,1,5,UPI,Pending,15.75
TXN002390,CUST0061,PROD0019,2024-10-09,4,25,Cash,delivered,93.39
TXN002391,CUST0277,PROD0047,2025-01-31,2,15,Credit Card,Returned,85.54
TXN002392,CUST0483,PROD0010,2024-06-08,2,40,Credit Card, SHIPPED ,126.19
TXN002393,CUST0064,PROD0047,2025-09-20,4,15,Cash,Pending,171.09
TXN002394,CUST0143,PROD0008,19/06/2024,5,0, PayPal,Shipped,489.55
TXN002395,CUST0221,PROD0055,2025-08-27,4,15,PayPal,Processing,3571.36
TXN002396,CUST0441,PROD0037,2025-06-27,1,25,credit card,Returned,23.14
TXN002397,CUST0488,PROD0021,12-01-2025,6,0,UPI,Returned,386.34
TXN002398,CUST0017,PROD0032,2024/03/01,1,60,credit card, SHIPPED ,48.02
TXN002399,CUST0490,PROD0064,2025-07-31,4,25,upi,Returned,161.88
TXN002400,CUST0319,PROD0009,2025-01-14,5,25,credit card,Returned,709.76
TXN002401,CUST0218,PROD0023,09/09/2024,4,5,PayPal,Returned,2010.28
TXN002402,CUST0237,PROD0056,2024-01-03,1,50,Credit Card,Shipped,234.09
TXN002403,CUST0409,PROD0066,2024-05-05,2,0,upi,Cancelled,184.3
TXN002404,CUST0052,PROD0058,2025-02-12,1,40,PayPal, SHIPPED ,18.98
TXN002405,CUST0265,PROD0006,2025-07-11,5,5,credit card,Pending,1146.13
TXN002406,CUST0055,PROD0019,2025-08-29,6,5,credit card,Delivered,177.44
TXN002407,CUST0238,PROD0011,2024-07-19,1,30, PayPal,Shipped,56.53
TXN002408,CUST0127,PROD0007,18/04/2025,2,25,Debit Card,Delivered,341.95
TXN002409,CUST0417,PROD0037,2025/01/04,3,40,Bank Transfer,Cancelled,55.53
TXN002410,CUST0411,PROD0052,2024-06-28,6,15,Credit Card,Delivered,86.75
TXN002411,CUST0290,PROD0056,2024-07-05,5,50,credit card,Pending,1170.45
TXN002412,CUST0219,PROD0091,2025-03-15,3,40,Credit Card,Cancelled,1151.71
TXN002413,CUST0062,PROD0072,2024-01-06,2,15,upi,,325.84
TXN002414,CUST0422,PROD0057,09-17-2024,4,30,PayPal,Shipped,1282.74
TXN002415,CUST0181,PROD0075,06/03/2024,2,10, PayPal,Delivered,73.17
TXN002416,CUST0017,PROD0008,2024-09-29,4,30,Debit Card,Returned,274.15
TXN002417,CUST0495,PROD0043,2025-10-03,1,5,Debit Card,Delivered,151.95
TXN002418,CUST0229,PROD0076,2025-05-12,4,5,Bank Transfer,Delivered,111.34
TXN002419,CUST0011,PROD0096,2025-11-01,5,15,Cash,Shipped,81.13
TXN002420,CUST0421,PROD0092,2025/07/30,6,20,Credit Card,delivered,1080.72
TXN002421,CUST0128,PROD0086,2025-12-25,3,10,Credit Card,Returned,2836.27
TXN002422,CUST0313,PROD0078,28/05/2025,5,-10, PayPal, SHIPPED ,271.12
TXN002423,CUST0402,PROD0078,2025-06-25,6,15,Debit Card,Cancelled,345.68
TXN002424,CUST0238,PROD0076,2025-03-25,,30,upi,Returned,20.51
TXN002425,CUST0053,PROD0053,2025-01-26,2,500, PayPal,Returned,75.12
TXN002426,CUST0488,PROD0007,2025-05-11,5,20,UPI,Cancelled,911.88
TXN002427,CUST0426,PROD0023,2024-11-26,2,15,Cash,Returned,899.33
TXN002428,CUST0299,PROD0073,2024-04-26,4,0,Debit Card,Returned,438.76
TXN002429,CUST0085,PROD0056,07/11/2025,1,15, PayPal,Delivered,397.95
TXN002430,CUST0264,PROD0059,2025-07-07,1,5,upi,Delivered,51.51
TXN002431,CUST0431,PROD0021,2025/11/07,6,0,Bank Transfer,Shipped,386.34
TXN002432,CUST0436,PROD0070,2024-03-26,3,60,Cash,Pending,86.83
TXN002433,CUST0462,PROD0019,2024-04-24,4,0,Cash,Returned,124.52
TXN002434,CUST0476,PROD0085,2025-06-04,1,50,upi,Returned,14.55
TXN002435,CUST0156,PROD0069,2024-05-21,1,40,credit card,Cancelled,33.47
TXN002436,CUST0293,PROD0057,03/06/2025,4,0,Cash,Processing,1832.48
TXN002437,CUST0032,PROD0004,2024-09-22,1,30, PayPal,delivered,34.37
TXN002438,CUST0243,PROD0086,2024-04-05,2,30,Debit Card,Returned,1470.66
TXN002439,CUST0305,PROD0052,2024-04-03,6,5,PayPal,Pending,96.96
TXN002440,CUST0346,PROD0076,2024-10-03,5,30,Cash,Processing,102.55
TXN002441,CUST0238,PROD0093,2025-02-05,6,40,Credit Card,Returned,1149.16
TXN002442,CUST0023,PROD0076,2024/12/29,6,5,Bank Transfer,Shipped,167.01
TXN002443,CUST0405,PROD0075,09/03/2025,3,30,Credit Card,Pending,85.36
TXN002444,CUST0461,PROD0071,2025-10-19,2,40,Bank Transfer,Cancelled,993.71
TXN002445,CUST0171,PROD0093,2025-01-21,1,40,upi,Processing,191.53
TXN002446,CUST0150,PROD0082,2024-02-16,4,20,upi, SHIPPED ,903.88
TXN002447,CUST0369,PROD0034,2025-09-18,1,20, PayPal,Returned,119.65
TXN002448,CUST0078,PROD0009,03-30-2025,2,50,credit card,Shipped,189.27
TXN002449,CUST0198,PROD0019,2024-06-12,5,15,upi,Returned,132.3
TXN002450,CUST0278,PROD0070,08/05/2024,5,60,UPI,Returned,144.72
TXN002451,CUST0274,PROD0052,2025-06-29,5,15,Credit Card, SHIPPED ,72.29
TXN002452,CUST0071,PROD0034,2025-02-08,2,50, PayPal,Shipped,149.56
TXN002453,CUST0218,PROD0003,2025/09/30,1,20,Debit Card,Cancelled,28.89
TXN002454,CUST0425,PROD0015,2025-08-23,2,25,PayPal,Cancelled,100.16
TXN002455,CUST0366,PROD0053,2024-04-20,2,40,upi,Delivered,53.03
TXN002456,CUST0175,PROD0024,2024-09-11,3,25,Cash,Shipped,227.79
TXN002457,CUST0206,PROD0043,18/12/2025,2,25,Bank Transfer,Returned,239.92
TXN002458,CUST0254,PROD0019,2024-09-25,5,5,upi,delivered,147.87
TXN002459,CUST0333,PROD0005,2024-07-16,3,20,Credit Card, SHIPPED ,149.69
TXN002460,CUST0206,PROD0009,2025-04-26,4,5,Cash,Processing,719.23
TXN002461,CUST0359,PROD0034,2025-08-31,5,50,Credit Card,Delivered,373.9
TXN002462,CUST0444,PROD0052,2025-04-17,2,5,Bank Transfer,Shipped,32.32
TXN002463,CUST0227,PROD0035,2025-02-27,1,15,credit card,Processing,264.97
TXN002464,CUST0471,PROD0051,03/10/2025,3,50,upi,Cancelled,168.42
TXN002465,CUST0358,PROD0075,02-09-2025,5,50, PayPal,Returned,101.62
TXN002466,CUST0477,PROD0065,2025-01-25,3,5,credit card,delivered,88.29
TXN002467,CUST0302,PROD0034,2024-11-17,1,5,Debit Card,Processing,142.08
TXN002468,CUST0370,PROD0077,2025-11-26,1,40,credit card,Cancelled,20.46
TXN002469,CUST0357,PROD0049,2025-12-12,3,5,Debit Card,Pending,369.87
TXN002470,CUST0041,PROD0055,2025-11-30,1,15,Cash, SHIPPED ,892.84
TXN002471,CUST0107,PROD0054,17/11/2024,4,10,Debit Card,Returned,698.98
TXN002472,CUST0168,PROD0048,2025-09-05,4,40,Credit Card,Delivered,698.88
TXN002473,CUST0013,PROD0077,2025-11-02,5,20,PayPal,Returned,136.4
TXN002474,CUST0272,PROD0075,2024-09-13,1,20,upi, SHIPPED ,32.52
TXN002475,CUST0350,PROD0036,2025/07/24,4,30, PayPal, SHIPPED ,591.25
TXN002476,CUST0026,PROD0042,2025-03-22,2,0,Bank Transfer,delivered,104.12
TXN002477,CUST0217,PROD0047,2025-05-16,3,50,Credit Card,Pending,75.48
TXN002478,CUST0401,PROD0040,22/11/2024,2,50,Credit Card, SHIPPED ,55.14
TXN002479,CUST0067,PROD0032,2025-01-13,4,30,PayPal,Processing,336.17
TXN002480,CUST0395,PROD0054,2024-12-10,3,0,Debit Card, SHIPPED ,582.48
TXN002481,CUST0324,PROD0043,2025-09-10,3,15,Credit Card,Delivered,407.87
TXN002482,CUST0356,PROD0087,03-11-2025,2,5,PayPal,Processing,139.88
TXN002483,CUST0151,PROD0024,2025-04-07,4,40,Bank Transfer, SHIPPED ,NaN
TXN002484,CUST0069,PROD0098,2024-11-19,1,30,Credit Card,Shipped,176.26
TXN002485,CUST0041,PROD0023,14/10/2024,1,5,credit card,Returned,502.57
TXN002486,CUST0274,PROD0067,2025/10/16,1,0,,Delivered,
TXN002487,CUST0056,PROD0061,2025-08-25,4,40, PayPal,Processing,446.81
TXN002488,CUST0101,PROD0011,2024-06-26,5,25, PayPal,Delivered,302.85
TXN002489,CUST0477,PROD0035,2025-04-01,6,30,Bank Transfer,Processing,1309.27
TXN002490,CUST0327,PROD0055,2024-03-18,6,5,PayPal,Delivered,5987.28
TXN002491,CUST0105,PROD0068,2024-09-14,6,40,credit card,Cancelled,189.86
TXN002492,CUST0221,PROD0045,14/12/2025,6,30,Cash,Delivered,738.02
TXN002493,CUST0237,PROD0071,2024-12-24,2,25,Bank Transfer,Processing,1242.13
TXN002494,CUST0159,PROD0017,2024-05-06,5,15,Cash,delivered,455.3
TXN002495,CUST0450,PROD0033,2025-01-05,1,0,upi,Returned,125.87
TXN002496,CUST0157,PROD0084,2025-01-11,6,40,credit card,Processing,609.41
TXN002497,CUST0446,PROD0026,2024/03/19,2,15,PayPal,Pending,120.5
TXN002498,CUST0147,PROD0099,2025-07-04,6,40,Debit Card,Pending,139.32
TXN002499,CUST0225,PROD0100,11/02/2025,2,20,PayPal,Pending,177.94
TXN002500,CUST0087,PROD0004,2024-07-15,5,30,PayPal,Shipped,171.85
TXN002501,CUST0460,PROD0061,2024-12-28,1,50,Credit Card,Shipped,93.08
TXN002502,CUST0311,PROD0050,2024-09-09,3,25,UPI,Delivered,
TXN002503,CUST0198,PROD0078,2024-08-23,6,50,Cash,Processing,203.34
TXN002504,CUST0137,PROD0080,2024-08-22,2,20,Credit Card,Delivered,299.25
TXN002505,CUST0440,PROD0090,2025-10-11,1,50,Debit Card, SHIPPED ,73.67
TXN002506,CUST0226,PROD0061,01/06/2025,5,5,upi,delivered,884.31
TXN002507,CUST0089,PROD0036,2024-09-17,6,25,Bank Transfer,Returned,950.22
TXN002508,CUST0219,PROD0007,2025/06/28,5,25,Debit Card,Pending,854.89
TXN002509,CUST0309,PROD0080,2024-08-10,6,50,Debit Card,Delivered,561.09
TXN002510,CUST0329,PROD0088,2025-10-28,6,25,UPI,Shipped,1625.36
TXN002511,CUST0076,PROD0069,2025-04-12,5,20,Cash, SHIPPED ,223.16
TXN002512,CUST0412,PROD0080,2025-08-04,4,60,Cash,Processing,299.25
TXN002513,CUST0454,PROD0098,08/12/2025,1,20,credit card,Pending,201.44
TXN002514,CUST0297,PROD0090,2024-05-16,1,20, PayPal,Processing,117.88
TXN002515,CUST0130,PROD0049,2024-08-26,1,60,Cash, SHIPPED ,51.91
TXN002516,CUST0364,PROD0033,06-28-2024,2,15,Cash,Cancelled,213.98
TXN002517,CUST0304,PROD0058,2024-06-15,2,15,Debit Card,Processing,53.79
TXN002518,CUST0500,PROD0015,2025-10-23,5,40,Credit Card, SHIPPED ,200.31
TXN002519,CUST0472,PROD0021,2025/08/03,2,50,Cash,Delivered,64.39
TXN002520,CUST0365,PROD0074,24/07/2025,2,10,Debit Card,Delivered,583.09
TXN002521,CUST0418,PROD0015,2024-01-16,2,10,Credit Card,Delivered,120.19
TXN002522,CUST0033,PROD0089,2025-06-18,4,500,upi,Shipped,46.42
TXN002523,CUST0024,PROD0004,2025-06-04,5,50, PayPal, SHIPPED ,122.75
TXN002524,CUST0063,PROD0002,2025-07-14,3,15,credit card, SHIPPED ,187.02
TXN002525,CUST0408,PROD0012,2024-10-22,,15,Cash,Returned,390.61
TXN002526,CUST0476,PROD0041,2025-10-27,6,5,Cash,Delivered,2264.96
TXN002527,CUST0142,PROD0054,17/07/2025,2,15,credit card,Returned,330.07
TXN002528,CUST0210,PROD0076,2024-11-19,1,0,Credit Card,Cancelled,29.3
TXN002529,CUST0376,PROD0099,2024-01-18,4,10,Credit Card,delivered,139.32
TXN002530,CUST0419,PROD0036,2024/12/03,5,30, PayPal,Shipped,739.06
TXN002531,CUST0170,PROD0003,2025-12-06,4,30,upi, SHIPPED ,101.11
TXN002532,CUST0138,PROD0012,2024-03-16,-3,30,credit card,Returned,321.68
TXN002533,CUST0445,PROD0012,12-26-2025,NaN,15,Bank Transfer,Delivered,390.61
TXN002534,CUST0414,PROD0058,08/07/2025,1,30,Bank Transfer,Pending,22.15
TXN002535,CUST0022,PROD0067,2025-09-21,3,50,UPI, SHIPPED ,
TXN002536,CUST0215,PROD0071,2024-07-26,5,10,upi, SHIPPED ,3726.4
TXN002537,CUST0082,PROD0050,2025-09-13,1,50,UPI, SHIPPED ,11.77
TXN002538,CUST0286,PROD0072,2025-06-16,5,5, PayPal,Pending,910.43
TXN002539,CUST0401,PROD0079,2024-03-15,1,25,upi,Processing,622.87
TXN002540,CUST0186,PROD0059,2024-03-20,4,30,Credit Card,,151.82
TXN002541,CUST0065,PROD0003,30/03/2024,4,25, PayPal,Processing,108.33
TXN002542,CUST0195,PROD0002,2024-11-05,5,0,credit card,Processing,366.7
TXN002543,CUST0482,PROD0010,2025-04-17,3,50,credit card,Shipped,157.74
TXN002544,CUST0236,PROD0063,2025-04-12,6,5,PayPal,Pending,2518.37
TXN002545,CUST0152,PROD0050,2025-09-08,1,5,Cash,Processing,22.35
TXN002546,CUST0144,PROD0012,2025-09-15,5,30,PayPal, SHIPPED ,268.06
TXN002547,CUST0137,PROD0023,2024-06-15,5,40,credit card,Shipped,1587.06
TXN002548,CUST0231,PROD0007,25/12/2025,6,25,Bank Transfer,Processing,1025.87
TXN002549,CUST0054,PROD0071,2024-12-20,3,25, PayPal,Delivered,1863.2
TXN002550,CUST0164,PROD0056,06-01-2025,1,60,PayPal,Processing,187.27
TXN002551,CUST0433,PROD0047,2025-05-23,6,60,Credit Card,Delivered,120.77
TXN002552,CUST0033,PROD0081,2025/02/12,6,25,upi,Returned,280.62
TXN002553,CUST0487,PROD0007,2025-04-15,2,10,Bank Transfer,Pending,410.35
TXN002554,CUST0091,PROD0065,2024-06-15,5,25,Bank Transfer,Delivered,116.18
TXN002555,CUST0030,PROD0012,12/05/2025,6,50,PayPal,Processing,229.77
TXN002556,CUST0353,PROD0034,2025-04-08,1,10,upi,Shipped,134.6
TXN002557,CUST0200,PROD0070,2025-01-17,4,5,Credit Card,delivered,274.97
TXN002558,CUST0483,PROD0072,2025-10-18,1,5,Debit Card,delivered,182.09
TXN002559,CUST0500,PROD0001,2025-09-17,4,5,Debit Card,delivered,669.07
TXN002560,CUST0096,PROD0055,2024-03-23,1,25,UPI,Pending,787.8
TXN002561,CUST0028,PROD0073,2024-05-19,1,0, PayPal,Shipped,109.69
TXN002562,CUST0415,PROD0056,30/08/2025,6,0,Credit Card,Pending,2809.08
TXN002563,CUST0132,PROD0090,2025/10/31,5,60,Bank Transfer,delivered,294.7
TXN002564,CUST0358,PROD0038,2024-08-20,2,60,Cash,Pending,57.74
TXN002565,CUST0212,PROD0076,2025-07-22,2,30,credit card,Processing,41.02
TXN002566,CUST0305,PROD0033,2024-10-12,1,30,Debit Card,Processing,88.11
TXN002567,CUST0243,PROD0026,11-14-2024,1,15,Debit Card,Delivered,60.25
TXN002568,CUST0133,PROD0043,2024-02-16,3,50,upi,Cancelled,239.92
TXN002569,CUST0351,PROD0024,11/03/2024,3,15,credit card,Pending,258.16
TXN002570,CUST0132,PROD0068,2024-09-04,2,30,Cash,Delivered,73.84
TXN002571,CUST0208,PROD0035,2025-07-12,1,30, PayPal,Cancelled,218.21
TXN002572,CUST0302,PROD0071,2024-08-12,3,20,Cash,Cancelled,1987.42
TXN002573,CUST0281,PROD0039,2024-06-30,2,30,Bank Transfer, SHIPPED ,78.61
TXN002574,CUST0469,PROD0018,2025/07/07,3,25,Credit Card,Pending,266.36
TXN002575,CUST0418,PROD0057,2024-10-10,1,30,credit card,Pending,320.68
TXN002576,CUST0318,PROD0043,26/12/2024,3,30,PayPal,Cancelled,335.89
TXN002577,CUST0290,PROD0024,2024-01-10,1,50,credit card,delivered,50.62
TXN002578,CUST0055,PROD0006,2025-05-20,6,20,Credit Card,Shipped,1158.19
TXN002579,CUST0456,PROD0030,2024-04-12,1,40,Cash, SHIPPED ,36.46
TXN002580,CUST0049,PROD0077,2025-12-04,2,25,Bank Transfer,Pending,51.15
TXN002581,CUST0350,PROD0050,2024-02-25,6,10,PayPal,Delivered,127.06
TXN002582,CUST0208,PROD0092,2025-09-27,2,25,Bank Transfer,Shipped,337.73
TXN002583,CUST0350,PROD0023,01/01/2024,6,10,PayPal,Pending,2856.71
TXN002584,CUST0462,PROD0041,08-02-2025,1,0,PayPal, SHIPPED ,384.58
TXN002585,CUST0359,PROD0007,2024/03/21,1,25,UPI,Processing,170.98
TXN002586,CUST0465,PROD0045,2025-11-01,6,60,Bank Transfer,Pending,421.73
TXN002587,CUST0325,PROD0080,2024-12-13,4,20,Credit Card,Pending,598.5
TXN002588,CUST0052,PROD0098,2025-03-29,2,10, PayPal,Delivered,453.24
TXN002589,CUST0477,PROD0046,2025-12-26,5,25,Credit Card,Cancelled,691.57
TXN002590,CUST0342,PROD0097,08/03/2024,1,30,Bank Transfer,Cancelled,25.67
TXN002591,CUST0497,PROD0039,2024-01-13,6,60,Debit Card,Delivered,134.76
TXN002592,CUST0143,PROD0045,2024-05-09,2,30,Credit Card,Returned,246.01
TXN002593,CUST0033,PROD0010,2025-07-09,6,60,Debit Card,Cancelled,252.38
TXN002594,CUST0335,PROD0044,2025-09-22,2,50,credit card,delivered,103.45
TXN002595,CUST0390,PROD0097,2024-09-06,6,-10,credit card,Processing,88.01
TXN002596,CUST0024,PROD0047,2025/02/01,1,0,upi,Pending,50.32
TXN002597,CUST0292,PROD0074,14/01/2024,1,30,upi,Delivered,226.76
TXN002598,CUST0038,PROD0070,2025-01-31,4,40,Bank Transfer,Delivered,173.66
TXN002599,CUST0399,PROD0090,2024-09-04,5,20,,Cancelled,589.4
TXN002600,CUST0340,PROD0025,2025-08-06,3,60,credit card,Cancelled,947.36
TXN002601,CUST0011,PROD0001,02-06-2025,4,30,PayPal,delivered,493.0
TXN002602,CUST0168,PROD0002,2024-08-11,6,25,Credit Card,Shipped,330.03
TXN002603,CUST0253,PROD0028,2025-01-23,3,10,upi,Processing,2416.8
TXN002604,CUST0147,PROD0014,15/04/2025,3,10,Credit Card,Processing,47.17
TXN002605,CUST0339,PROD0074,2025-12-20,2,15,Bank Transfer,delivered,550.7
TXN002606,CUST0439,PROD0013,2024-03-12,6,0,Credit Card, SHIPPED ,520.56
TXN002607,CUST0430,PROD0087,2024/02/17,2,0,Cash, SHIPPED ,147.24
TXN002608,CUST0262,PROD0033,2024-09-05,2,5,Debit Card, SHIPPED ,239.15
TXN002609,CUST0202,PROD0057,2024-08-13,5,0,Bank Transfer,delivered,2290.6
TXN002610,CUST0491,PROD0059,2024-12-08,5,50, PayPal,delivered,135.55
TXN002611,CUST0439,PROD0073,09/07/2024,2,60,upi,Returned,87.75
TXN002612,CUST0086,PROD0051,2024-02-17,2,30,PayPal,Delivered,157.19
TXN002613,CUST0453,PROD0089,2024-05-24,3,25,Cash,Processing,37.3
TXN002614,CUST0040,PROD0033,2025-04-18,1,60,PayPal,Delivered,50.35
TXN002615,CUST0465,PROD0057,2024-04-27,3,10,UPI,Delivered,1236.92
TXN002616,CUST0093,PROD0025,2025-03-17,2,5,PayPal,Shipped,1499.99
TXN002617,CUST0181,PROD0068,2024-05-07,5,40,Credit Card,delivered,158.22
TXN002618,CUST0290,PROD0013,20/03/2025,1,50,upi,Cancelled,43.38
TXN002619,CUST0275,PROD0048,2024-12-06,5,500,credit card,Pending,1383.2
TXN002620,CUST0354,PROD0061,2024-06-20,6,5,upi,Delivered,1061.17
TXN002621,CUST0363,PROD0007,2024-12-13,4,50,UPI,Shipped,455.94
TXN002622,CUST0281,PROD0049,2025-09-15,5,60, PayPal,Processing,259.56
TXN002623,CUST0412,PROD0066,2024-10-09,3,0,Debit Card,Processing,276.45
TXN002624,CUST0087,PROD0093,2025-05-03,1,0,PayPal,Cancelled,319.21
TXN002625,CUST0315,PROD0038,03/07/2025,6,15,PayPal,Processing,368.12
TXN002626,CUST0031,PROD0033,2024-03-31,,40,Bank Transfer,Cancelled,226.57
TXN002627,CUST0375,PROD0017,2025-06-21,1,5,upi,delivered,101.77
TXN002628,CUST0296,PROD0078,2025-12-28,6,0,PayPal,Delivered,406.68
TXN002629,CUST0066,PROD0005,2025/10/11,1,20,PayPal,Cancelled,49.9
TXN002630,CUST0437,PROD0017,2024-05-13,4,40,credit card,Processing,257.11
TXN002631,CUST0357,PROD0014,2024-09-06,6,15,Credit Card,Processing,89.1
TXN002632,CUST0258,PROD0012,03/03/2025,1,30,Bank Transfer, SHIPPED ,53.61
TXN002633,CUST0101,PROD0001,2025-11-29,3,60,UPI,Pending,211.28
TXN002634,CUST0234,PROD0059,2024-12-30,5,5,Cash,Cancelled,257.55
TXN002635,CUST0068,PROD0099,03-13-2024,1,10,Debit Card, SHIPPED ,34.83
TXN002636,CUST0350,PROD0088,2024-03-16,3,30,Credit Card,Processing,758.5
TXN002637,CUST0299,PROD0096,2025-06-27,1,0,Bank Transfer,Cancelled,19.09
TXN002638,CUST0432,PROD0095,2025-07-08,1,60,upi, SHIPPED ,64.18
TXN002639,CUST0084,PROD0020,04/08/2025,2,5,upi,Pending,172.41
TXN002640,CUST0008,PROD0065,2024/02/27,4,50,credit card, SHIPPED ,61.96
TXN002641,CUST0431,PROD0051,2025-04-16,4,15,upi,Processing,
TXN002642,CUST0044,PROD0074,2025-06-08,3,25,Credit Card,Returned,728.87
TXN002643,CUST0298,PROD0037,2024-09-17,6,0, PayPal, SHIPPED ,185.1
TXN002644,CUST0201,PROD0026,2025-12-02,5,15,UPI, SHIPPED ,301.24
TXN002645,CUST0177,PROD0002,2024-11-05,5,30,PayPal,Pending,256.69
TXN002646,CUST0098,PROD0017,21/06/2024,2,30,Debit Card,Shipped,149.98
TXN002647,CUST0152,PROD0019,2024-09-18,4,10,credit card,delivered,112.07
TXN002648,CUST0137,PROD0087,2024-06-03,6,50,Cash,Delivered,220.86
TXN002649,CUST0274,PROD0095,2025-05-19,6,60,Debit Card, SHIPPED ,385.06
TXN002650,CUST0076,PROD0082,2024-09-02,3,5,upi,Returned,358.79
TXN002651,CUST0287,PROD0044,2024/09/02,6,20, PayPal,Processing,496.56
TXN002652,CUST0456,PROD0047,11-13-2025,3,50,UPI,Cancelled,75.48
TXN002653,CUST0126,PROD0034,26/07/2024,6,15,Debit Card,Shipped,762.76
TXN002654,CUST0362,PROD0047,2025-11-15,4,30,Credit Card,delivered,140.9
TXN002655,CUST0369,PROD0035,2025-01-13,6,30,Bank Transfer,Pending,1309.27
TXN002656,CUST0170,PROD0059,2025-02-15,6,20,credit card,Cancelled,260.26
TXN002657,CUST0185,PROD0031,2025-03-23,5,40,Bank Transfer, SHIPPED ,140.22
TXN002658,CUST0198,PROD0094,2025-08-31,4,5,upi,Cancelled,391.63
TXN002659,CUST0464,PROD0036,2024-05-09,2,25,Bank Transfer,delivered,316.74
TXN002660,CUST0012,PROD0069,15/12/2025,5,25,Bank Transfer,Shipped,209.21
TXN002661,CUST0418,PROD0044,2024-07-08,5,10,credit card,delivered,465.53
TXN002662,CUST0295,PROD0049,2025/02/10,4,10,Debit Card,Cancelled,467.21
TXN002663,CUST0007,PROD0059,2024-10-09,2,25,Debit Card,Returned,81.33
TXN002664,CUST0093,PROD0050,2024-05-05,1,20,Cash,Cancelled,18.82
TXN002665,CUST0127,PROD0021,2025-03-01,3,25,Bank Transfer,Cancelled,144.88
TXN002666,CUST0368,PROD0008,2025-04-08,4,15, PayPal,Cancelled,332.89
TXN002667,CUST0054,PROD0088,19/01/2024,5,5, PayPal,,1715.65
TXN002668,CUST0471,PROD0022,2024-05-25,1,25,Cash,Pending,134.8
TXN002669,CUST0048,PROD0072,10-14-2024,2,15,credit card,Returned,325.84
TXN002670,CUST0379,PROD0023,2025-03-19,4,20,Bank Transfer,Pending,1692.86
TXN002671,CUST0025,PROD0015,2025-05-24,6,10,Credit Card, SHIPPED ,360.56
TXN002672,CUST0408,PROD0044,2024-05-31,4,40, PayPal,Processing,248.28
TXN002673,CUST0296,PROD0056,2025/02/13,3,30,UPI,Cancelled,983.18
TXN002674,CUST0240,PROD0001,24/04/2024,1,0,credit card,Processing,NaN
TXN002675,CUST0417,PROD0057,2025-07-03,1,25,credit card,Delivered,343.59
TXN002676,CUST0019,PROD0004,2024-06-04,6,10,PayPal,Shipped,265.14
TXN002677,CUST0159,PROD0024,2024-11-23,6,15,Debit Card, SHIPPED ,516.32
TXN002678,CUST0014,PROD0078,2024-11-04,5,5,UPI, SHIPPED ,321.95
TXN002679,CUST0271,PROD0081,2025-12-11,4,10,Credit Card,Cancelled,224.5
TXN002680,CUST0063,PROD0026,2025-01-22,3,25,PayPal, SHIPPED ,159.48
TXN002681,CUST0091,PROD0093,28/01/2024,6,10, PayPal,Cancelled,1723.73
TXN002682,CUST0177,PROD0017,2025-01-17,NaN,15,UPI,Processing,273.18
TXN002683,CUST0087,PROD0020,2025-10-17,4,15,UPI,Processing,308.52
TXN002684,CUST0001,PROD0037,2025/01/07,6,15,credit card,Cancelled,157.34
TXN002685,CUST0067,PROD0030,2025-03-09,1,50,credit card,Delivered,30.39
TXN002686,CUST0241,PROD0051,04-03-2024,5,40,Credit Card,Processing,336.84
TXN002687,CUST0200,PROD0078,2025-05-24,5,10,UPI, SHIPPED ,305.01
TXN002688,CUST0020,PROD0013,15/01/2024,1,10,upi,Shipped,78.08
TXN002689,CUST0182,PROD0083,2025-07-20,5,50,PayPal,Shipped,-124.98
TXN002690,CUST0494,PROD0064,2025-11-13,4,20,Cash,Returned,172.67
TXN002691,CUST0400,PROD0052,2025-05-04,3,40,Bank Transfer,Processing,30.62
TXN002692,CUST0075,PROD0027,2024-08-09,2,10,PayPal,Delivered,162.92
TXN002693,CUST0325,PROD0014,2025-09-14,3,10,credit card,Processing,47.17
TXN002694,CUST0368,PROD0086,2025-12-02,2,10,credit card, SHIPPED ,1890.85
TXN002695,CUST0030,PROD0049,06/07/2024,3,15,credit card,Delivered,330.94
TXN002696,CUST0461,PROD0050,2024-09-05,6,40,UPI,Shipped,84.71
TXN002697,CUST0438,PROD0083,2024-04-27,1,20,upi,Pending,-39.99
TXN002698,CUST0142,PROD0014,2024-08-29,4,25,UPI,Returned,52.41
TXN002699,CUST0396,PROD0016,2025-10-30,3,10,Credit Card,Shipped,107.38
TXN002700,CUST0113,PROD0100,2025-01-29,4,0,Cash,Returned,444.84
TXN002701,CUST0340,PROD0052,2024-08-22,6,40,credit card, SHIPPED ,61.24
TXN002702,CUST0033,PROD0041,10/10/2024,1,25,credit card,Returned,219.72
TXN002703,CUST0410,PROD0023,10-03-2025,1,25,Debit Card, SHIPPED ,396.76
TXN002704,CUST0369,PROD0035,2024-03-14,5,25,credit card, SHIPPED ,1168.99
TXN002705,CUST0140,PROD0003,2025-08-06,1,60,upi,Cancelled,14.44
TXN002706,CUST0303,PROD0042,2025/04/06,4,25,PayPal,Delivered,156.18
TXN002707,CUST0245,PROD0001,2024-05-20,3,10,upi,Processing,475.39
TXN002708,CUST0342,PROD0002,2024-03-13,6,40,Debit Card,Processing,264.02
TXN002709,CUST0374,PROD0085,01/04/2024,3,5,UPI,Cancelled,82.96
TXN002710,CUST0385,PROD0092,2025-03-16,4,40,Cash,Pending,540.36
TXN002711,CUST0208,PROD0005,2025-08-02,4,15,Debit Card,Processing,212.06
TXN002712,CUST0219,PROD0063,2025-05-10,1,60,,Processing,176.73
TXN002713,CUST0225,PROD0084,2025-02-02,1,40,credit card,Pending,101.57
TXN002714,CUST0333,PROD0070,2025-03-06,2,15,Bank Transfer,Cancelled,123.01
TXN002715,CUST0060,PROD0078,2024-04-03,4,25,Bank Transfer,Cancelled,203.34
TXN002716,CUST0016,PROD0066,19/11/2025,5,500,PayPal,Cancelled,345.56
TXN002717,CUST0064,PROD0019,2024/02/16,1,60,Debit Card,delivered,12.45
TXN002718,CUST0432,PROD0004,2024-12-23,4,20,Bank Transfer,Pending,157.12
TXN002719,CUST0410,PROD0037,2025-05-06,6,0,Credit Card,Processing,185.1
TXN002720,CUST0216,PROD0072,04-20-2025,3,20,Cash, SHIPPED ,460.01
TXN002721,CUST0255,PROD0052,2024-10-31,4,60, PayPal,Returned,27.22
TXN002722,CUST0454,PROD0012,2025-03-05,4,25,upi,Delivered,229.77
TXN002723,CUST0132,PROD0043,03/02/2024,4,15,credit card,delivered,543.83
TXN002724,CUST0358,PROD0029,2025-04-26,1,60,upi,Returned,58.26
TXN002725,CUST0290,PROD0055,2025-09-23,4,40,Debit Card,Shipped,2520.96
TXN002726,CUST0452,PROD0082,2025-08-02,3,10,upi,Cancelled,470.14
TXN002727,CUST0026,PROD0089,2025-01-14,,0,PayPal,delivered,66.32
TXN002728,CUST0180,PROD0015,2024/06/14,2,40,upi,Cancelled,80.12
TXN002729,CUST0219,PROD0039,2024-08-28,3,60,Bank Transfer,delivered,67.38
TXN002730,CUST0314,PROD0051,23/12/2024,4,30,UPI,Returned,314.38
TXN002731,CUST0498,PROD0043,2024-09-25,6,15,Bank Transfer,Returned,815.74
TXN002732,CUST0403,PROD0010,2024-11-08,1,30,UPI,Cancelled,73.61
TXN002733,CUST0427,PROD0091,2024-09-21,5,40,Bank Transfer,Cancelled,1919.52
TXN002734,CUST0295,PROD0035,2025-02-23,1,50,Cash,Processing,155.87
TXN002735,CUST0075,PROD0029,2024-02-18,3,50,upi,Processing,218.48
TXN002736,CUST0310,PROD0093,2025-05-03,2,60,Cash,Returned,255.37
TXN002737,CUST0052,PROD0032,10/06/2024,1,60, PayPal,Processing,48.02
TXN002738,CUST0032,PROD0089,2024-06-26,4,0, PayPal,delivered,66.32
TXN002739,CUST0155,PROD0067,2024/12/22,3,30,credit card,delivered,
TXN002740,CUST0242,PROD0075,2024-05-15,1,15,Credit Card,Delivered,34.55
TXN002741,CUST0155,PROD0036,2025-08-03,3,30,Debit Card,Processing,443.44
TXN002742,CUST0371,PROD0079,2024-08-16,1,0,PayPal,delivered,830.49
TXN002743,CUST0055,PROD0018,2024-04-27,-3,40,credit card, SHIPPED ,426.17
TXN002744,CUST0443,PROD0046,25/06/2025,5,30,UPI,delivered,645.47
TXN002745,CUST0299,PROD0044,2025-10-05,4,0,Cash, SHIPPED ,413.8
TXN002746,CUST0498,PROD0011,2025-08-10,2,5,Bank Transfer,delivered,153.44
TXN002747,CUST0283,PROD0039,2024-07-12,6,25,upi, SHIPPED ,252.67
TXN002748,CUST0114,PROD0011,2024-03-15,5,50,credit card,Delivered,201.9
TXN002749,CUST0454,PROD0027,2024-10-30,2,30,PayPal,Processing,126.71
TXN002750,CUST0018,PROD0032,2024/07/18,4,20,PayPal,Returned,384.19
TXN002751,CUST0209,PROD0027,02/11/2025,1,20,UPI,Pending,72.41
TXN002752,CUST0366,PROD0075,2025-03-01,6,30,Cash,Delivered,170.73
TXN002753,CUST0017,PROD0071,2025-10-28,6,10,Bank Transfer, SHIPPED ,4471.69
TXN002754,CUST0386,PROD0075,02-21-2024,6,5, PayPal,Pending,231.7
TXN002755,CUST0456,PROD0037,2024-03-06,3,15,Credit Card,Returned,78.67
TXN002756,CUST0107,PROD0041,2024-02-29,2,50,credit card,Delivered,98.42
TXN002757,CUST0418,PROD0072,2025-09-16,4,30,credit card,Processing,536.68
TXN002758,CUST0230,PROD0097,10/12/2024,2,15,UPI,Processing,62.34
TXN002759,CUST0267,PROD0020,2025-09-30,1,10,Credit Card,Processing,81.67
TXN002760,CUST0170,PROD0052,2025-08-10,2,15,Credit Card,Cancelled,28.92
TXN002761,CUST0012,PROD0029,2024/07/21,4,40, PayPal,Shipped,349.56
TXN002762,CUST0376,PROD0089,2024-05-05,4,40,credit card,Delivered,39.79
TXN002763,CUST0225,PROD0055,2024-05-25,5,60,credit card,delivered,2100.8
TXN002764,CUST0128,PROD0096,2024-02-28,3,25,UPI,Delivered,42.95
TXN002765,CUST0041,PROD0023,24/08/2024,5,50,Bank Transfer,Pending,1322.55
TXN002766,CUST0088,PROD0031,2024-01-30,3,10,Credit Card,Processing,126.2
TXN002767,CUST0277,PROD0038,2025-04-14,5,0,Debit Card,Pending,360.9
TXN002768,CUST0368,PROD0021,2024-06-16,2,-10,Credit Card,delivered,103.02
TXN002769,CUST0030,PROD0057,2025-02-27,6,50, PayPal,Shipped,1374.36
TXN002770,CUST0426,PROD0061,2025-10-19,6,40,credit card,Returned,670.21
TXN002771,CUST0212,PROD0014,09-29-2025,2,20,Credit Card, SHIPPED ,27.95
TXN002772,CUST0185,PROD0082,08/07/2025,5,40,PayPal,Pending,965.65
TXN002773,CUST0174,PROD0065,2024-03-06,2,25,Credit Card,delivered,46.47
TXN002774,CUST0198,PROD0051,2025-06-30,6,20,Cash,Processing,538.94
TXN002775,CUST0485,PROD0032,2025-05-12,6,15, PayPal,Shipped,612.31
TXN002776,CUST0407,PROD0024,2024-04-12,1,5,Credit Card,Shipped,96.18
TXN002777,CUST0272,PROD0059,2025-06-09,2,25,Cash, SHIPPED ,81.33
TXN002778,CUST0414,PROD0096,2025-09-20,6,5, PayPal,Delivered,108.81
TXN002779,CUST0442,PROD0063,25/10/2024,1,15,PayPal,delivered,375.55
TXN002780,CUST0054,PROD0076,2025-09-26,3,25,PayPal,delivered,
TXN002781,CUST0377,PROD0098,2024-04-22,1,10,PayPal,Processing,226.62
TXN002782,CUST0464,PROD0064,2025-02-01,3,15,UPI,Pending,137.6
TXN002783,CUST0094,PROD0021,2024/01/22,3,10,PayPal,Shipped,173.85
TXN002784,CUST0193,PROD0023,2025-01-20,3,20,upi,Cancelled,1269.65
TXN002785,CUST0466,PROD0025,2024-01-02,5,15,UPI,Returned,3355.25
TXN002786,CUST0151,PROD0039,29/03/2025,3,50,Cash,Pending,84.22
TXN002787,CUST0261,PROD0077,2025-08-17,1,20, PayPal,Delivered,27.28
TXN002788,CUST0412,PROD0022,01-11-2024,5,30,Cash,delivered,629.05
TXN002789,CUST0037,PROD0079,2024-11-16,6,40, PayPal,Returned,2989.76
TXN002790,CUST0320,PROD0090,2024-07-05,4,15,PayPal,delivered,500.99
TXN002791,CUST0213,PROD0030,2024-10-01,4,40, PayPal,delivered,145.85
TXN002792,CUST0407,PROD0022,2024-06-12,5,10,Credit Card, SHIPPED ,808.78
TXN002793,CUST0042,PROD0052,23/12/2024,1,10,PayPal,Delivered,15.31
TXN002794,CUST0335,PROD0048,2025/08/09,2,10,Bank Transfer,,524.16
TXN002795,CUST0037,PROD0042,2025-02-24,1,10,credit card,delivered,46.85
TXN002796,CUST0388,PROD0086,2025-12-18,4,15,upi,Cancelled,3571.6
TXN002797,CUST0238,PROD0086,2024-06-06,4,10,Bank Transfer,Processing,3781.69
TXN002798,CUST0022,PROD0056,2025-01-21,3,20,Cash,Delivered,1123.63
TXN002799,CUST0331,PROD0086,2025-07-18,1,15,UPI,Shipped,892.9
TXN002800,CUST0115,PROD0084,05/07/2025,1,20,Cash,Cancelled,135.42
TXN002801,CUST0361,PROD0021,2024-03-06,1,10,PayPal,Shipped,57.95
TXN002802,CUST0487,PROD0023,2024-03-19,6,20,Cash,Shipped,2539.3
TXN002803,CUST0365,PROD0048,2025-07-05,4,50,upi,Pending,582.4
TXN002804,CUST0206,PROD0039,2024-01-09,5,5,Cash,delivered,266.71
TXN002805,CUST0135,PROD0072,2025/07/04,4,20,Bank Transfer,Processing,613.34
TXN002806,CUST0429,PROD0087,2024-01-01,4,10,Cash,Pending,265.03
TXN002807,CUST0227,PROD0082,21/06/2025,2,25,Cash,delivered,588.68
TXN002808,CUST0492,PROD0050,2025-10-15,3,30,Bank Transfer,Shipped,49.41
TXN002809,CUST0306,PROD0056,2024-05-12,3,10,Debit Card,Processing,1264.09
TXN002810,CUST0367,PROD0056,2024-05-28,1,15,PayPal,Delivered,397.95
TXN002811,CUST0157,PROD0089,2024-03-06,3,10,Bank Transfer,Cancelled,44.77
TXN002812,CUST0408,PROD0015,2024-10-15,4,50,Debit Card,Shipped,133.54
TXN002813,CUST0242,PROD0079,2025-04-02,4,500,Bank Transfer,Shipped,1328.78
TXN002814,CUST0334,PROD0021,10/06/2025,2,5,Cash,Delivered,122.34
TXN002815,CUST0030,PROD0029,2025-03-18,4,0,PayPal,Delivered,582.6
TXN002816,CUST0032,PROD0001,2024/12/22,6,10,Cash,delivered,950.78
TXN002817,CUST0100,PROD0070,2025-02-09,1,0,credit card,Delivered,72.36
TXN002818,CUST0168,PROD0023,2024-10-03,5,15,Cash,Delivered,2248.34
TXN002819,CUST0479,PROD0046,2025-07-20,2,30,PayPal,Delivered,258.19
TXN002820,CUST0031,PROD0058,2025-02-11,6,30,PayPal,Pending,132.89
TXN002821,CUST0388,PROD0056,06/09/2024,2,50,UPI, SHIPPED ,468.18
TXN002822,CUST0345,PROD0027,08-07-2024,4,5,Cash,delivered,343.94
TXN002823,CUST0326,PROD0015,2025-10-08,4,10,upi,Pending,240.37
TXN002824,CUST0054,PROD0032,2025-03-20,3,5,Credit Card,Shipped,342.17
TXN002825,CUST0098,PROD0020,2025-11-10,2,15,,Processing,154.26
TXN002826,CUST0051,PROD0087,2025-07-07,6,15,credit card,Processing,375.46
TXN002827,CUST0237,PROD0095,2025/09/06,1,50, PayPal,delivered,80.22
TXN002828,CUST0363,PROD0098,18/12/2025,,40, PayPal, SHIPPED ,604.32
TXN002829,CUST0049,PROD0084,2024-02-14,6,25,PayPal,Delivered,761.76
TXN002830,CUST0326,PROD0069,2025-06-19,6,20,UPI,Shipped,267.79
TXN002831,CUST0319,PROD0017,2025-04-23,NaN,30,Debit Card,Pending,299.96
TXN002832,CUST0471,PROD0065,2025-12-12,3,60,upi,Cancelled,37.18
TXN002833,CUST0278,PROD0089,2024-11-02,6,40,PayPal,Delivered,59.69
TXN002834,CUST0367,PROD0094,2024-06-03,4,30,credit card, SHIPPED ,288.57
TXN002835,CUST0274,PROD0050,23/06/2024,3,60,Debit Card,Processing,28.24
TXN002836,CUST0166,PROD0058,2024-07-28,5,50,PayPal,delivered,79.1
TXN002837,CUST0167,PROD0029,2025-09-08,6,30,Credit Card,Pending,611.73
TXN002838,CUST0378,PROD0039,2024/05/19,5,0, PayPal,Returned,280.75
TXN002839,CUST0322,PROD0061,05-26-2024,4,30,Bank Transfer,Shipped,521.28
TXN002840,CUST0392,PROD0057,2025-08-10,4,40,Credit Card,Delivered,1099.49
TXN002841,CUST0284,PROD0077,2025-04-13,6,40,Bank Transfer,delivered,122.76
TXN002842,CUST0352,PROD0080,07/08/2025,4,20,Debit Card,Cancelled,598.5
TXN002843,CUST0411,PROD0078,2025-05-31,1,30, PayPal,Cancelled,47.45
TXN002844,CUST0148,PROD0059,2025-06-15,3,15,upi,Shipped,138.26
TXN002845,CUST0195,PROD0038,2025-08-21,1,20,Bank Transfer,delivered,57.74
TXN002846,CUST0006,PROD0078,2024-06-19,6,50,upi,Delivered,203.34
TXN002847,CUST0168,PROD0022,2024-05-01,2,30,PayPal,Pending,251.62
TXN002848,CUST0021,PROD0051,2025-02-13,5,60,Credit Card,Delivered,224.56
TXN002849,CUST0431,PROD0070,02/07/2024,5,20,credit card,Shipped,289.44
TXN002850,CUST0395,PROD0029,2024-01-01,5,60,Cash,Cancelled,291.3
TXN002851,CUST0448,PROD0086,2024-02-12,4,20,Cash,Cancelled,3361.5
TXN002852,CUST0317,PROD0077,2025-04-30,6,5,Cash,delivered,194.37
TXN002853,CUST0213,PROD0031,2024-01-15,4,25,Credit Card,Delivered,140.22
TXN002854,CUST0001,PROD0028,2024-02-17,3,30,upi,Shipped,1879.73
TXN002855,CUST0304,PROD0100,2025-09-02,6,15,Credit Card,delivered,567.17
TXN002856,CUST0199,PROD0038,09/04/2024,3,60,UPI,Pending,86.62
TXN002857,CUST0278,PROD0086,2024-10-28,4,60,Credit Card,Pending,1680.75
TXN002858,CUST0468,PROD0093,2024-01-20,1,50, PayPal,Processing,159.6
TXN002859,CUST0213,PROD0083,2024-02-05,1,15,upi,delivered,-42.49
TXN002860,CUST0455,PROD0089,2024/05/05,2,20,Bank Transfer,Returned,26.53
TXN002861,CUST0487,PROD0033,2024-05-14,5,0,upi,Pending,629.35
TXN002862,CUST0141,PROD0086,2024-12-17,5,30,credit card,Processing,3676.64
TXN002863,CUST0155,PROD0005,21/01/2025,2,5,credit card,delivered,118.5
TXN002864,CUST0313,PROD0077,2025-03-22,2,25,upi,Processing,51.15
TXN002865,CUST0095,PROD0024,2024-05-07,1,25,UPI,Cancelled,NaN
TXN002866,CUST0478,PROD0082,2025-10-25,3,40,Credit Card,Returned,467.05
TXN002867,CUST0246,PROD0050,2024-11-06,3,25,credit card,Cancelled,52.94
TXN002868,CUST0308,PROD0056,2024-11-30,1,15,Cash,Cancelled,397.95
TXN002869,CUST0161,PROD0001,2025-05-15,2,20,credit card,delivered,281.71
TXN002870,CUST0112,PROD0014,19/06/2024,5,0,Credit Card,Cancelled,87.35
TXN002871,CUST0202,PROD0017,2025/11/05,1,5, PayPal,Cancelled,101.77
TXN002872,CUST0473,PROD0100,2025-10-17,6,40, PayPal,Processing,400.36
TXN002873,CUST0218,PROD0099,10-04-2024,6,50,UPI,delivered,116.1
TXN002874,CUST0285,PROD0042,2025-12-30,3,50,credit card,Processing,78.09
TXN002875,CUST0093,PROD0075,2025-11-15,2,25,PayPal,delivered,60.97
TXN002876,CUST0052,PROD0052,2024-04-28,3,40,credit card,Shipped,30.62
TXN002877,CUST0230,PROD0009,26/02/2024,1,50,Credit Card,delivered,94.64
TXN002878,CUST0158,PROD0077,2024-04-04,4,40,Bank Transfer,Returned,81.84
TXN002879,CUST0242,PROD0030,2025-01-09,2,25,PayPal,Returned,91.16
TXN002880,CUST0225,PROD0068,2024-10-29,4,5,credit card,Returned,200.41
TXN002881,CUST0360,PROD0074,2025-04-15,3,20,UPI,Delivered,777.46
TXN002882,CUST0171,PROD0030,2025/05/15,5,0,UPI,Cancelled,303.85
TXN002883,CUST0064,PROD0068,2024-08-10,1,5,UPI,Cancelled,50.1
TXN002884,CUST0423,PROD0083,17/06/2025,2,30,Credit Card,Pending,-69.99
TXN002885,CUST0260,PROD0069,2024-06-28,1,25,PayPal,Pending,41.84
TXN002886,CUST0279,PROD0061,2024-07-20,3,50,upi,Processing,279.25
TXN002887,CUST0162,PROD0088,2024-03-05,2,5, PayPal,Returned,686.26
TXN002888,CUST0210,PROD0042,2025-11-07,3,15, PayPal,Delivered,132.75
TXN002889,CUST0052,PROD0066,2025-08-01,3,30, PayPal,Cancelled,193.52
TXN002890,CUST0150,PROD0036,01-25-2025,1,40, PayPal, SHIPPED ,126.7
TXN002891,CUST0478,PROD0021,29/08/2025,5,5,Bank Transfer,Cancelled,305.85
TXN002892,CUST0108,PROD0051,2024-05-19,5,60,Bank Transfer, SHIPPED ,224.56
TXN002893,CUST0323,PROD0056,2024/09/25,1,60,Credit Card,Delivered,187.27
TXN002894,CUST0058,PROD0007,2025-06-29,5,25, PayPal,Cancelled,854.89
TXN002895,CUST0296,PROD0003,2025-06-28,6,25,PayPal,Shipped,162.5
TXN002896,CUST0361,PROD0011,2025-07-07,4,50,Bank Transfer,Returned,161.52
TXN002897,CUST0088,PROD0084,2024-10-28,3,50,Cash,Returned,253.92
TXN002898,CUST0318,PROD0097,17/11/2025,6,40,credit card,Pending,132.01
TXN002899,CUST0088,PROD0072,2025-01-14,3,60,credit card,Processing,230.0
TXN002900,CUST0485,PROD0067,2024-04-23,1,10,PayPal,Shipped,
TXN002901,CUST0226,PROD0096,2025-08-20,6,50,Debit Card,Processing,57.27
TXN002902,CUST0154,PROD0068,2025-07-07,6,60, PayPal,Shipped,126.58
TXN002903,CUST0237,PROD0002,2024-12-02,5,20,Bank Transfer,delivered,293.36
TXN002904,CUST0416,PROD0013,2024/09/29,4,40,PayPal, SHIPPED ,208.22
TXN002905,CUST0268,PROD0014,25/03/2024,6,15,Credit Card,Cancelled,89.1
TXN002906,CUST0271,PROD0065,2024-12-15,5,5,Debit Card,Cancelled,147.16
TXN002907,CUST0313,PROD0063,07-05-2025,3,25,Credit Card,Delivered,994.1
TXN002908,CUST0378,PROD0080,2025-11-03,5,10,Debit Card,Pending,841.63
TXN002909,CUST0240,PROD0074,2024-02-18,3,10,Cash, SHIPPED ,874.64
TXN002910,CUST0474,PROD0055,2025-08-22,2,500,Debit Card,delivered,1575.6
TXN002911,CUST0382,PROD0065,2025-07-05,6,40,Credit Card,delivered,111.53
TXN002912,CUST0100,PROD0017,20/11/2025,1,5,Debit Card,Cancelled,101.77
TXN002913,CUST0404,PROD0075,2024-03-22,2,50,PayPal,Pending,40.65
TXN002914,CUST0158,PROD0018,2025-10-23,3,5,UPI, SHIPPED ,337.38
TXN002915,CUST0022,PROD0074,2024/03/01,5,25,Cash,Shipped,1214.78
TXN002916,CUST0439,PROD0065,2024-05-05,3,25,Credit Card,Processing,69.7
TXN002917,CUST0154,PROD0028,2025-04-17,4,5,credit card,Pending,3401.42
TXN002918,CUST0106,PROD0049,2025-02-15,4,5,UPI,delivered,493.16
TXN002919,CUST0261,PROD0093,05/09/2025,5,15,UPI,delivered,
TXN002920,CUST0124,PROD0080,2024-03-02,1,25,Cash,delivered,140.27
TXN002921,CUST0500,PROD0097,2025-03-16,3,20, PayPal,,88.01
TXN002922,CUST0045,PROD0084,2024-12-08,4,15, PayPal,Processing,575.55
TXN002923,CUST0183,PROD0045,2024-04-28,4,20,UPI, SHIPPED ,562.3
TXN002924,CUST0490,PROD0087,09-20-2025,6,10,Cash,Cancelled,397.55
TXN002925,CUST0242,PROD0063,2024-07-05,1,10,Cash, SHIPPED ,397.64
TXN002926,CUST0393,PROD0084,22/01/2025,1,25,UPI,Returned,126.96
TXN002927,CUST0091,PROD0067,2024-03-25,3,20,Debit Card, SHIPPED ,
TXN002928,CUST0040,PROD0005,2024-04-17,6,40,credit card,Cancelled,224.53
TXN002929,CUST0172,PROD0069,2025-10-12,,20,Credit Card,delivered,178.53
TXN002930,CUST0494,PROD0016,2024-02-08,6,50,Cash,Delivered,119.31
TXN002931,CUST0070,PROD0063,2024-08-07,3,10, PayPal, SHIPPED ,1192.91
TXN002932,CUST0107,PROD0055,2024-05-17,1,20,Bank Transfer,Returned,840.32
TXN002933,CUST0233,PROD0015,25/06/2025,2,60,credit card,Cancelled,53.42
TXN002934,CUST0475,PROD0003,2025-08-12,5,0,upi,Pending,180.55
TXN002935,CUST0206,PROD0034,2025-12-12,5,0,PayPal,Processing,747.8
TXN002936,CUST0259,PROD0069,2024-10-11,5,40,Bank Transfer,delivered,167.37
TXN002937,CUST0387,PROD0045,2024/04/24,2,25,Cash,Pending,263.58
TXN002938,CUST0070,PROD0063,2024-05-06,3,15,, SHIPPED ,1126.64
TXN002939,CUST0413,PROD0071,2025-07-27,1,30,Bank Transfer,Delivered,579.66
TXN002940,CUST0104,PROD0040,01/08/2024,5,50,Debit Card,Pending,137.85
TXN002941,CUST0106,PROD0071,04-26-2025,6,-10,Cash,Cancelled,3726.4
TXN002942,CUST0375,PROD0030,2024-08-07,3,40, PayPal,Delivered,109.39
TXN002943,CUST0425,PROD0033,2024-04-06,6,0,Credit Card,Shipped,755.22
TXN002944,CUST0483,PROD0045,2024-07-16,6,30,Credit Card,Processing,738.02
TXN002945,CUST0280,PROD0017,2025-02-09,3,20,PayPal,Delivered,257.11
TXN002946,CUST0474,PROD0034,2024-03-10,2,15,Debit Card,Delivered,254.25
TXN002947,CUST0371,PROD0084,30/12/2024,4,10,Credit Card,Returned,609.41
TXN002948,CUST0389,PROD0036,2024/03/08,1,40,Bank Transfer,Shipped,126.7
TXN002949,CUST0290,PROD0028,2024-06-12,3,15,Cash,Shipped,2282.53
TXN002950,CUST0031,PROD0080,2025-05-09,5,20,Debit Card,Processing,748.12
TXN002951,CUST0074,PROD0097,2024-10-10,4,0,Cash,Pending,146.68
TXN002952,CUST0078,PROD0096,2025-02-03,5,30,UPI,Processing,66.81
TXN002953,CUST0091,PROD0048,2024-03-21,3,10,PayPal,Returned,786.24
TXN002954,CUST0008,PROD0034,11/12/2025,-3,15,PayPal, SHIPPED ,762.76
TXN002955,CUST0052,PROD0014,2025-06-30,1,0,UPI,Returned,17.47
TXN002956,CUST0196,PROD0068,2025-03-17,6,30,UPI,Delivered,221.51
TXN002957,CUST0244,PROD0002,2024-06-01,4,40,PayPal,Delivered,176.02
TXN002958,CUST0479,PROD0020,02-05-2024,5,25,UPI, SHIPPED ,340.27
TXN002959,CUST0458,PROD0054,2024/05/18,5,25,UPI, SHIPPED ,728.1
TXN002960,CUST0491,PROD0070,2025-08-20,1,25, PayPal,Pending,54.27
TXN002961,CUST0310,PROD0041,31/01/2024,1,40,UPI,Processing,108.06
TXN002962,CUST0409,PROD0073,2024-01-13,4,15, PayPal,Shipped,372.95
TXN002963,CUST0098,PROD0097,2024-02-05,4,10,PayPal,Shipped,132.01
TXN002964,CUST0056,PROD0027,2025-07-07,5,0,Cash,Pending,452.55
TXN002965,CUST0453,PROD0010,2025-11-01,4,10,PayPal,Shipped,378.58
TXN002966,CUST0013,PROD0033,2024-11-19,3,30,Debit Card,Pending,264.33
TXN002967,CUST0057,PROD0073,2024-06-20,1,40,Credit Card,Pending,65.81
TXN002968,CUST0132,PROD0040,07/09/2024,1,10,UPI,Returned,49.63
TXN002969,CUST0151,PROD0017,2024-07-07,2,5,upi,Delivered,203.55
TXN002970,CUST0074,PROD0044,2024/07/04,5,20,Debit Card,Processing,413.8
TXN002971,CUST0489,PROD0094,2025-11-11,1,60,Bank Transfer,Returned,41.22
TXN002972,CUST0380,PROD0058,2025-04-30,4,60,Credit Card,Cancelled,50.62
TXN002973,CUST0346,PROD0024,2025-03-06,6,25,credit card,Shipped,455.58
TXN002974,CUST0116,PROD0017,2025-04-26,1,40,Bank Transfer,Delivered,64.28
TXN002975,CUST0497,PROD0087,17/05/2024,3,25,Cash,delivered,165.65
TXN002976,CUST0058,PROD0049,2024-02-07,1,5,Debit Card,delivered,123.29
TXN002977,CUST0490,PROD0069,2025-08-18,2,30,Cash, SHIPPED ,78.11
TXN002978,CUST0388,PROD0090,2024-10-19,5,50,upi,Returned,368.38
TXN002979,CUST0246,PROD0072,2025-03-14,6,30,PayPal,Cancelled,805.01
TXN002980,CUST0238,PROD0049,2024-03-01,NaN,50,Bank Transfer,Returned,324.45
TXN002981,CUST0234,PROD0034,2024/01/25,6,15, PayPal,Shipped,762.76
TXN002982,CUST0290,PROD0015,08/08/2025,4,20,PayPal,Shipped,213.66
TXN002983,CUST0224,PROD0039,2024-02-14,4,60,Cash,Cancelled,89.84
TXN002984,CUST0202,PROD0078,2025-10-02,2,25,UPI,Returned,101.67
TXN002985,CUST0277,PROD0035,2025-06-06,3,40,Credit Card,Processing,561.11
TXN002986,CUST0061,PROD0029,2025-08-10,4,25,Bank Transfer, SHIPPED ,436.95
TXN002987,CUST0096,PROD0019,2024-01-10,1,10,UPI,Pending,28.02
TXN002988,CUST0352,PROD0096,2024-05-31,3,25,Credit Card,Cancelled,42.95
TXN002989,CUST0390,PROD0028,03/01/2024,1,0,Cash, SHIPPED ,895.11
TXN002990,CUST0128,PROD0038,2025-02-16,2,60,Debit Card,Delivered,57.74
TXN002991,CUST0002,PROD0067,2025-06-17,5,5,Debit Card,Returned,
TXN002992,CUST0061,PROD0052,2024/01/03,5,5,upi,Processing,80.8
TXN002993,CUST0421,PROD0031,2024-05-22,4,15, PayPal,Pending,158.92
TXN002994,CUST0379,PROD0092,2025-09-24,4,0,Cash,delivered,900.6
TXN002995,CUST0154,PROD0070,2024-03-25,4,40,Bank Transfer, SHIPPED ,173.66
TXN002996,CUST0126,PROD0006,21/02/2024,5,60,Cash,Returned,482.58
TXN002997,CUST0351,PROD0029,2024-09-12,1,5,UPI,Pending,138.37
TXN002998,CUST0043,PROD0013,2025-06-19,3,5,Cash,delivered,247.27
TXN002999,CUST0356,PROD0034,2024-12-03,2,60,Bank Transfer,Processing,119.65
TXN003000,CUST0499,PROD0003,2024-07-12,3,0,Debit Card,delivered,108.33
TXN003001,CUST0105,PROD0042,2024-09-01,4,30,Credit Card,Pending,145.77
TXN003002,CUST0165,PROD0049,2025-08-11,5,20,Bank Transfer,Returned,519.12
TXN003003,CUST0442,PROD0052,18/03/2025,2,0,Debit Card,Delivered,34.02
TXN003004,CUST0282,PROD0018,2024-09-30,6,0,PayPal,Shipped,710.28
TXN003005,CUST0353,PROD0065,2024-06-04,6,15,Cash,Pending,158.0
TXN003006,CUST0306,PROD0099,2024-10-22,2,30,PayPal,Delivered,54.18
TXN003007,CUST0272,PROD0045,2025-05-27,4,500,credit card,Processing,562.3
TXN003008,CUST0240,PROD0030,2025-01-02,2,30,Bank Transfer,Processing,85.08
TXN003009,CUST0487,PROD0029,12-18-2024,1,0,Bank Transfer,Shipped,145.65
TXN003010,CUST0082,PROD0080,06/04/2024,2,50,credit card,Shipped,187.03
TXN003011,CUST0282,PROD0015,2025-12-04,1,10,credit card,delivered,60.09
TXN003012,CUST0290,PROD0003,2024-10-20,4,5,Credit Card,Delivered,137.22
TXN003013,CUST0238,PROD0078,2024-06-26,1,20,upi, SHIPPED ,54.22
TXN003014,CUST0013,PROD0007,2024/03/28,5,15,Cash,Processing,968.87
TXN003015,CUST0235,PROD0012,2024-01-31,6,10,UPI,Processing,413.59
TXN003016,CUST0291,PROD0095,2025-10-04,1,25,Debit Card,Processing,120.33
TXN003017,CUST0016,PROD0084,27/09/2024,6,25,Credit Card,Pending,761.76
TXN003018,CUST0377,PROD0055,2025-03-21,2,20,Bank Transfer, SHIPPED ,1680.64
TXN003019,CUST0372,PROD0006,2024-11-08,2,10, PayPal, SHIPPED ,434.32
TXN003020,CUST0113,PROD0082,2024-11-03,1,5,Debit Card,delivered,126.89
TXN003021,CUST0188,PROD0064,2025-10-02,6,20, PayPal,Processing,259.01
TXN003022,CUST0133,PROD0031,2024-12-24,4,5, PayPal, SHIPPED ,177.61
TXN003023,CUST0274,PROD0022,2024-06-16,1,10, PayPal,Processing,161.76
TXN003024,CUST0202,PROD0058,04/01/2024,4,30,upi,delivered,88.59
TXN003025,CUST0478,PROD0090,2025/02/13,2,20,Debit Card,Pending,235.76
TXN003026,CUST0453,PROD0053,07-12-2025,5,20,Bank Transfer,Pending,176.76
TXN003027,CUST0240,PROD0011,2025-11-09,5,0,UPI,delivered,403.8
TXN003028,CUST0008,PROD0005,2025-02-26,5,20,Cash,Pending,249.48
TXN003029,CUST0155,PROD0019,2024-05-08,3,20,UPI,Returned,74.71
TXN003030,CUST0028,PROD0040,2025-03-05,,50,PayPal,Shipped,110.28
TXN003031,CUST0078,PROD0012,10/12/2024,4,20,credit card,Processing,245.09
TXN003032,CUST0183,PROD0033,2025-08-11,1,30,Bank Transfer,Returned,88.11
TXN003033,CUST0330,PROD0012,2024-05-06,6,60, PayPal,Cancelled,183.82
TXN003034,CUST0280,PROD0071,2024-03-23,2,40,UPI,Delivered,993.71
TXN003035,CUST0439,PROD0086,2025-03-15,3,15,credit card,Returned,2678.7
TXN003036,CUST0257,PROD0065,2024/07/02,1,50,Cash,Returned,15.49
TXN003037,CUST0301,PROD0054,2025-07-03,4,30,Bank Transfer,Delivered,543.65
TXN003038,CUST0178,PROD0013,13/04/2024,2,5,PayPal,delivered,164.84
TXN003039,CUST0160,PROD0026,2025-11-03,3,5,PayPal,Cancelled,202.01
TXN003040,CUST0442,PROD0004,2024-05-01,4,0,Bank Transfer, SHIPPED ,196.4
TXN003041,CUST0003,PROD0031,2025-05-23,1,50,upi,Delivered,23.37
TXN003042,CUST0030,PROD0026,2024-06-16,6,15,Debit Card,Pending,361.49
TXN003043,CUST0282,PROD0076,09-29-2025,1,5,Debit Card,Returned,27.84
TXN003044,CUST0017,PROD0002,2024-08-02,4,5,UPI,Shipped,278.69
TXN003045,CUST0385,PROD0089,23/05/2025,1,60, PayPal, SHIPPED ,6.63
TXN003046,CUST0024,PROD0100,2024-04-17,4,10,credit card,Delivered,400.36
TXN003047,CUST0370,PROD0065,2024/09/21,5,20, PayPal,delivered,123.92
TXN003048,CUST0445,PROD0047,2024-01-10,1,5,UPI,,47.8
TXN003049,CUST0175,PROD0029,2024-12-11,2,5,Credit Card,Pending,276.74
TXN003050,CUST0473,PROD0022,2025-07-25,6,40,Cash,Delivered,647.03
TXN003051,CUST0242,PROD0018,2025-04-24,1,15,,Shipped,100.62
TXN003052,CUST0485,PROD0054,18/04/2024,1,50,Cash,Shipped,97.08
TXN003053,CUST0399,PROD0079,2025-04-26,2,15,upi,Returned,1411.83
TXN003054,CUST0247,PROD0063,2024-05-03,2,40,credit card,Cancelled,530.18
TXN003055,CUST0021,PROD0058,2025-03-05,1,0,PayPal,Returned,31.64
TXN003056,CUST0281,PROD0002,2025-11-20,6,50,credit card,delivered,NaN
TXN003057,CUST0239,PROD0065,2024-02-02,2,20,Bank Transfer,Cancelled,49.57
TXN003058,CUST0409,PROD0099,2024/05/18,4,10,PayPal,Shipped,
TXN003059,CUST0201,PROD0075,08/02/2024,5,30,Cash,delivered,142.27
TXN003060,CUST0434,PROD0059,09-22-2024,6,40,Credit Card, SHIPPED ,195.19
TXN003061,CUST0411,PROD0057,2025-11-29,3,5,upi,Shipped,1305.64
TXN003062,CUST0126,PROD0074,2025-01-08,6,10,Debit Card,delivered,1749.28
TXN003063,CUST0029,PROD0095,2024-04-28,3,10,upi,Shipped,433.19
TXN003064,CUST0003,PROD0062,2024-01-10,2,25,Credit Card,Returned,37.77
TXN003065,CUST0458,PROD0021,2024-10-15,6,5,Cash,Cancelled,367.02
TXN003066,CUST0296,PROD0018,22/10/2024,3,50,Debit Card,Cancelled,177.57
TXN003067,CUST0013,PROD0002,2024-11-04,6,30,Debit Card,Delivered,308.03
TXN003068,CUST0162,PROD0030,2024-02-17,1,25,Debit Card, SHIPPED ,45.58
TXN003069,CUST0244,PROD0093,2025/01/08,5,30,Bank Transfer, SHIPPED ,1117.23
TXN003070,CUST0366,PROD0032,2024-08-24,5,25,UPI,Returned,450.22
TXN003071,CUST0282,PROD0012,2024-04-05,3,0,Debit Card,Returned,229.77
TXN003072,CUST0467,PROD0064,2025-03-06,2,40,Cash, SHIPPED ,64.75
TXN003073,CUST0439,PROD0016,23/11/2024,2,50,credit card,delivered,39.77
TXN003074,CUST0382,PROD0098,2024-04-23,5,5, PayPal,Pending,1196.05
TXN003075,CUST0169,PROD0013,2024-05-17,5,25, PayPal,Shipped,325.35
TXN003076,CUST0175,PROD0047,2024-09-22,4,0, PayPal,Processing,201.28
TXN003077,CUST0117,PROD0094,01-27-2025,2,20,Bank Transfer, SHIPPED ,164.9
TXN003078,CUST0389,PROD0095,2025-01-13,4,40, PayPal,Processing,385.06
TXN003079,CUST0019,PROD0046,2024-03-07,1,0, PayPal,Cancelled,184.42
TXN003080,CUST0032,PROD0065,19/04/2025,3,30,Bank Transfer,Pending,65.06
TXN003081,CUST0273,PROD0083,2024-08-23,6,0,UPI,Shipped,-299.94
TXN003082,CUST0250,PROD0041,2024-11-10,5,0,PayPal,Pending,811.62
TXN003083,CUST0038,PROD0039,2025-05-30,6,40,PayPal, SHIPPED ,202.14
TXN003084,CUST0026,PROD0021,2025-07-30,3,20,upi, SHIPPED ,154.54
TXN003085,CUST0076,PROD0058,2024-07-09,5,20,Credit Card,Pending,126.56
TXN003086,CUST0214,PROD0055,2024-09-13,1,40,upi,Cancelled,630.24
TXN003087,CUST0074,PROD0062,10/03/2024,2,25,UPI, SHIPPED ,37.77
TXN003088,CUST0244,PROD0054,2025-12-09,3,60,PayPal,Cancelled,232.99
TXN003089,CUST0458,PROD0068,2025-03-17,5,40,Credit Card, SHIPPED ,158.22
TXN003090,CUST0459,PROD0086,2025-12-11,3,50,Cash, SHIPPED ,1575.7
TXN003091,CUST0303,PROD0087,2024/08/27,1,25,credit card,Cancelled,55.22
TXN003092,CUST0133,PROD0001,2024-12-21,6,50,PayPal,Pending,528.21
TXN003093,CUST0103,PROD0074,2025-03-04,1,25, PayPal, SHIPPED ,242.95
TXN003094,CUST0488,PROD0033,10/01/2024,2,25,upi,Pending,188.81
TXN003095,CUST0030,PROD0095,2025-04-30,5,40, PayPal,delivered,481.32
TXN003096,CUST0177,PROD0033,2024-06-11,1,60,Credit Card,Cancelled,50.35
TXN003097,CUST0426,PROD0068,2024-09-22,2,40,UPI, SHIPPED ,63.29
TXN003098,CUST0384,PROD0017,2025-04-11,2,10,Credit Card,Processing,192.83
TXN003099,CUST0090,PROD0083,2024-05-30,1,5,Debit Card,Pending,-47.49
TXN003100,CUST0426,PROD0048,2025-10-28,4,60,Debit Card,Pending,465.92
TXN003101,CUST0055,PROD0055,17/06/2024,3,10,Cash,delivered,2836.08
TXN003102,CUST0059,PROD0037,2024/10/01,4,60,Cash,Cancelled,49.36
TXN003103,CUST0017,PROD0048,2024-06-28,4,60,Credit Card,Cancelled,465.92
TXN003104,CUST0300,PROD0023,2024-07-10,2,500,Cash,Delivered,740.63
TXN003105,CUST0049,PROD0035,2024-07-07,4,20, PayPal,Shipped,997.54
TXN003106,CUST0032,PROD0055,2025-07-13,1,40, PayPal,Delivered,630.24
TXN003107,CUST0472,PROD0028,2024-03-23,2,40,Credit Card,delivered,1074.13
TXN003108,CUST0351,PROD0002,03/02/2024,5,15,UPI,Processing,311.7
TXN003109,CUST0212,PROD0059,2024-07-06,3,30,UPI,Shipped,113.86
TXN003110,CUST0442,PROD0057,2024-06-12,3,40,upi,Cancelled,824.62
TXN003111,CUST0469,PROD0072,01-06-2024,2,60,Credit Card, SHIPPED ,153.34
TXN003112,CUST0388,PROD0042,2024-09-23,2,25,Cash,delivered,78.09
TXN003113,CUST0056,PROD0090,2025/09/10,6,60,UPI,Processing,353.64
TXN003114,CUST0237,PROD0090,2024-06-10,2,-10,Debit Card,Processing,147.35
TXN003115,CUST0459,PROD0074,30/04/2024,2,25,Credit Card,Returned,485.91
TXN003116,CUST0500,PROD0099,2025-07-30,1,10,upi, SHIPPED ,34.83
TXN003117,CUST0232,PROD0051,2025-10-23,2,40,PayPal,Returned,134.74
TXN003118,CUST0183,PROD0027,2025-08-25,3,60,credit card,Delivered,108.61
TXN003119,CUST0232,PROD0093,2024-01-01,5,30,Bank Transfer,Delivered,1117.23
TXN003120,CUST0215,PROD0096,2025-05-22,4,0,PayPal,Delivered,76.36
TXN003121,CUST0280,PROD0002,2025-11-12,1,60,PayPal,Delivered,29.34
TXN003122,CUST0085,PROD0024,20/03/2024,3,15,Credit Card,Returned,258.16
TXN003123,CUST0133,PROD0070,2025-08-09,5,15,PayPal,Processing,307.53
TXN003124,CUST0179,PROD0025,2024/09/10,2,0,PayPal,Cancelled,1578.94
TXN003125,CUST0184,PROD0009,2024-02-11,3,25,credit card,Delivered,425.86
TXN003126,CUST0059,PROD0080,2024-08-19,3,25,Credit Card,Cancelled,420.82
TXN003127,CUST0438,PROD0052,2025-08-17,5,50,Bank Transfer,Cancelled,42.53
TXN003128,CUST0320,PROD0025,09-08-2024,2,20,UPI, SHIPPED ,1263.15
TXN003129,CUST0471,PROD0021,29/08/2025,NaN,0,Cash,Delivered,128.78
TXN003130,CUST0178,PROD0073,2025-07-05,2,5,PayPal,Returned,208.41
TXN003131,CUST0386,PROD0035,2024-04-02,,0, PayPal,delivered,1558.65
TXN003132,CUST0385,PROD0077,2025-02-06,5,60,PayPal,Delivered,68.2
TXN003133,CUST0061,PROD0019,2024-09-05,4,15,Debit Card,Pending,105.84
TXN003134,CUST0236,PROD0040,2025-08-25,3,10,Debit Card,Delivered,148.88
TXN003135,CUST0197,PROD0024,2025/09/01,6,5,UPI,Pending,577.07
TXN003136,CUST0176,PROD0080,10/04/2024,2,10,upi,Pending,336.65
TXN003137,CUST0039,PROD0090,2024-08-22,4,25,UPI, SHIPPED ,442.05
TXN003138,CUST0066,PROD0055,2024-10-07,3,10,Cash, SHIPPED ,2836.08
TXN003139,CUST0129,PROD0050,2024-04-15,6,0,upi,Shipped,141.18
TXN003140,CUST0230,PROD0099,2024-08-22,1,60,PayPal,Returned,15.48
TXN003141,CUST0162,PROD0018,2024-10-03,2,10,Debit Card,Shipped,213.08
TXN003142,CUST0182,PROD0089,2024-08-23,3,0,credit card,Shipped,49.74
TXN003143,CUST0139,PROD0027,22/05/2024,5,5,Bank Transfer,Cancelled,429.92
TXN003144,CUST0342,PROD0007,2025-06-13,4,60, PayPal,Processing,364.75
TXN003145,CUST0134,PROD0060,09-11-2025,3,20,PayPal,Processing,599.78
TXN003146,CUST0498,PROD0012,2025/05/28,2,20,credit card,Shipped,122.54
TXN003147,CUST0303,PROD0024,2024-01-08,5,40, PayPal,Delivered,303.72
TXN003148,CUST0221,PROD0064,2025-10-11,5,15,UPI,Cancelled,229.33
TXN003149,CUST0388,PROD0022,2025-08-26,5,30,credit card,Shipped,629.05
TXN003150,CUST0184,PROD0080,28/02/2024,3,40,Cash,Returned,336.65
TXN003151,CUST0492,PROD0056,2024-10-08,5,25,Cash,delivered,1755.68
TXN003152,CUST0377,PROD0068,2025-06-27,6,50,PayPal,delivered,158.22
TXN003153,CUST0359,PROD0056,2025-12-28,2,30,PayPal,Delivered,655.45
TXN003154,CUST0379,PROD0066,2024-09-29,4,10,PayPal,delivered,331.74
TXN003155,CUST0157,PROD0028,2025-10-14,6,25,Debit Card, SHIPPED ,4027.99
TXN003156,CUST0087,PROD0072,2024-06-11,2,25,Credit Card,Shipped,287.5
TXN003157,CUST0274,PROD0024,27/12/2024,6,30,PayPal,Returned,425.21
TXN003158,CUST0229,PROD0023,2025-07-19,2,60,Bank Transfer,Processing,423.22
TXN003159,CUST0331,PROD0002,2024-04-02,2,15,Bank Transfer,Shipped,124.68
TXN003160,CUST0148,PROD0073,2025-08-10,5,0,Credit Card, SHIPPED ,548.45
TXN003161,CUST0202,PROD0022,2025-12-11,1,10,upi, SHIPPED ,161.76
TXN003162,CUST0001,PROD0034,12-16-2024,5,25,upi,Cancelled,560.85
TXN003163,CUST0095,PROD0009,2025-05-03,6,0,Credit Card,Cancelled,1135.62
TXN003164,CUST0315,PROD0010,21/02/2024,1,60,,Cancelled,42.06
TXN003165,CUST0190,PROD0098,2024-07-24,-3,10,PayPal,Processing,1133.1
TXN003166,CUST0153,PROD0060,2024-04-05,5,15,upi,Delivered,1062.12
TXN003167,CUST0356,PROD0006,2025-03-05,5,10, PayPal,Pending,1085.81
TXN003168,CUST0338,PROD0005,2024/11/24,3,30,Debit Card, SHIPPED ,130.98
TXN003169,CUST0426,PROD0008,2025-04-30,2,30,Bank Transfer,Cancelled,137.07
TXN003170,CUST0363,PROD0068,2025-12-31,1,0,credit card,Cancelled,52.74
TXN003171,CUST0238,PROD0023,23/07/2024,4,5, PayPal, SHIPPED ,2010.28
TXN003172,CUST0338,PROD0019,2024-08-16,1,15,UPI, SHIPPED ,26.46
TXN003173,CUST0059,PROD0002,2025-10-20,3,20,Debit Card, SHIPPED ,176.02
TXN003174,CUST0154,PROD0018,2024-07-23,1,30,credit card,Returned,82.87
TXN003175,CUST0461,PROD0037,2024-04-29,2,40,PayPal,,37.02
TXN003176,CUST0241,PROD0085,2025-02-01,3,40,upi,Delivered,52.4
TXN003177,CUST0217,PROD0089,2024-08-01,5,20,PayPal,Delivered,66.32
TXN003178,CUST0420,PROD0036,14/03/2025,4,25,credit card,Shipped,633.48
TXN003179,CUST0262,PROD0071,2025/03/27,1,40,UPI,Processing,496.85
TXN003180,CUST0154,PROD0090,2024-07-06,2,20,Cash,Cancelled,235.76
TXN003181,CUST0228,PROD0040,2024-09-30,1,40,PayPal,Cancelled,33.08
TXN003182,CUST0138,PROD0045,2025-03-14,2,50,upi,Returned,175.72
TXN003183,CUST0230,PROD0073,2024-01-12,3,20,Cash,delivered,263.26
TXN003184,CUST0382,PROD0029,2025-01-22,4,50,Credit Card,Returned,291.3
TXN003185,CUST0353,PROD0060,26/06/2024,5,30,Bank Transfer,Shipped,874.68
TXN003186,CUST0335,PROD0002,2024-01-04,3,15,Cash,delivered,187.02
TXN003187,CUST0321,PROD0041,2025-05-08,3,10,Debit Card, SHIPPED ,995.04
TXN003188,CUST0121,PROD0042,2025-08-27,1,0,UPI,Pending,52.06
TXN003189,CUST0274,PROD0010,2024-09-25,4,0,Bank Transfer,Pending,420.64
TXN003190,CUST0434,PROD0083,2025/10/12,6,5,Bank Transfer,Cancelled,-284.94
TXN003191,CUST0234,PROD0065,2025-06-19,3,15, PayPal,Delivered,79.0
TXN003192,CUST0203,PROD0094,19/01/2025,5,40,credit card, SHIPPED ,309.18
TXN003193,CUST0132,PROD0054,2025-04-23,6,30,UPI, SHIPPED ,815.47
TXN003194,CUST0284,PROD0009,2025-01-11,3,5,Cash,delivered,539.42
TXN003195,CUST0419,PROD0067,2025-09-15,1,0,PayPal,Pending,
TXN003196,CUST0244,PROD0090,06-19-2024,1,0,Cash,Returned,147.35
TXN003197,CUST0172,PROD0006,2025-12-15,6,50,upi,Delivered,
TXN003198,CUST0149,PROD0031,2025-01-07,4,0,credit card,Delivered,186.96
TXN003199,CUST0117,PROD0091,10/09/2024,3,30,Cash,Cancelled,1343.66
TXN003200,CUST0109,PROD0004,2025-02-09,6,40,UPI,Delivered,176.76
TXN003201,CUST0419,PROD0052,2025/04/27,1,500,PayPal,Processing,8.51
TXN003202,CUST0377,PROD0024,2025-03-06,4,60,Bank Transfer,Shipped,161.98
TXN003203,CUST0315,PROD0003,2025-06-08,5,50,upi,delivered,90.28
TXN003204,CUST0112,PROD0065,2024-12-03,5,0,upi,Pending,154.9
TXN003205,CUST0385,PROD0027,2025-08-09,2,20,PayPal,Pending,144.82
TXN003206,CUST0205,PROD0004,18/11/2024,3,0,Bank Transfer,Processing,147.3
TXN003207,CUST0072,PROD0016,2025-12-12,1,20,Cash, SHIPPED ,31.82
TXN003208,CUST0392,PROD0090,2024-03-20,4,40,Credit Card, SHIPPED ,353.64
TXN003209,CUST0201,PROD0027,2024-07-10,1,30,PayPal,Delivered,63.36
TXN003210,CUST0243,PROD0025,2025-08-17,2,50,Debit Card,Processing,789.47
TXN003211,CUST0252,PROD0016,2025-07-29,4,25,UPI,Cancelled,119.31
TXN003212,CUST0238,PROD0012,2025/04/13,1,50,upi,Returned,38.3
TXN003213,CUST0313,PROD0034,24/06/2024,5,20,PayPal,Delivered,598.24
TXN003214,CUST0106,PROD0092,2025-12-13,5,15,Debit Card,Cancelled,956.89
TXN003215,CUST0491,PROD0042,2024-11-05,6,60,Credit Card,Shipped,124.94
TXN003216,CUST0145,PROD0046,2025-08-02,4,40,Credit Card, SHIPPED ,442.61
TXN003217,CUST0307,PROD0023,2024-03-06,3,50, PayPal,Cancelled,793.53
TXN003218,CUST0002,PROD0048,2024-09-21,5,10,Bank Transfer,Cancelled,1310.4
TXN003219,CUST0288,PROD0066,2024-10-11,2,0,PayPal,Shipped,184.3
TXN003220,CUST0239,PROD0093,05/07/2025,4,40,Cash,Delivered,766.1
TXN003221,CUST0198,PROD0082,2025-01-20,3,15,Debit Card,delivered,1131.83
TXN003222,CUST0271,PROD0075,2024-02-23,4,20,PayPal,Shipped,130.08
TXN003223,CUST0169,PROD0001,2024/07/23,1,5, PayPal,Delivered,167.27
TXN003224,CUST0480,PROD0077,2024-06-08,6,20,Credit Card,Pending,163.68
TXN003225,CUST0451,PROD0007,2024-07-27,5,50,Credit Card,Shipped,569.92
TXN003226,CUST0233,PROD0021,2025-02-15,5,10,upi,Processing,289.75
TXN003227,CUST0334,PROD0099,30/10/2024,5,25,Credit Card,Delivered,145.12
TXN003228,CUST0235,PROD0019,2025-06-12,6,60,credit card,Processing,74.71
TXN003229,CUST0329,PROD0083,2025-04-23,3,5,Debit Card, SHIPPED ,-142.47
TXN003230,CUST0277,PROD0001,03-09-2025,6,5,upi,Shipped,1003.6
TXN003231,CUST0088,PROD0061,2025-02-19,2,0,Cash,Delivered,372.34
TXN003232,CUST0272,PROD0018,2024-01-18,,5, PayPal,Delivered,562.3
TXN003233,CUST0326,PROD0097,2024-06-28,2,20,Bank Transfer,Returned,58.67
TXN003234,CUST0112,PROD0042,01/09/2025,6,10,Bank Transfer,delivered,281.12
TXN003235,CUST0268,PROD0088,2025-05-11,1,10,Credit Card,Returned,325.07
TXN003236,CUST0415,PROD0085,2025-11-04,3,10,credit card,Cancelled,78.6
TXN003237,CUST0209,PROD0077,2024-01-20,1,10,UPI,Pending,30.69
TXN003238,CUST0187,PROD0032,2024-01-10,5,20, PayPal, SHIPPED ,480.24
TXN003239,CUST0422,PROD0091,2024-03-01,5,30, PayPal,Delivered,2239.44
TXN003240,CUST0068,PROD0097,2024-10-27,4,25,PayPal,Returned,110.01
TXN003241,CUST0022,PROD0046,29/12/2024,6,30,Bank Transfer,Shipped,774.56
TXN003242,CUST0359,PROD0069,2025-03-26,3,0,UPI, SHIPPED ,167.37
TXN003243,CUST0424,PROD0090,2024-10-05,5,10,Debit Card,delivered,663.08
TXN003244,CUST0448,PROD0092,2025-08-06,4,15,Cash,delivered,765.51
TXN003245,CUST0142,PROD0092,2025/02/13,2,15,PayPal,Cancelled,382.75
TXN003246,CUST0220,PROD0005,2025-01-25,4,60,Cash, SHIPPED ,99.79
TXN003247,CUST0146,PROD0075,03-16-2024,3,60,Bank Transfer,Pending,NaN
TXN003248,CUST0496,PROD0086,27/06/2024,6,0,Bank Transfer,Processing,6302.82
TXN003249,CUST0310,PROD0068,2025-01-31,2,30,PayPal,Delivered,73.84
TXN003250,CUST0197,PROD0054,2025-02-11,4,60,upi,Processing,310.66
TXN003251,CUST0097,PROD0045,2025-01-21,5,60,PayPal,Cancelled,351.44
TXN003252,CUST0111,PROD0042,2025-07-20,4,30,Cash,Pending,145.77
TXN003253,CUST0364,PROD0064,2025-04-06,2,25,upi,Delivered,80.94
TXN003254,CUST0155,PROD0016,2024-09-09,5,10,Credit Card,Returned,178.97
TXN003255,CUST0459,PROD0078,09/09/2024,3,15,Cash,Cancelled,172.84
TXN003256,CUST0500,PROD0098,2025/09/05,2,10,upi,Delivered,453.24
TXN003257,CUST0016,PROD0001,2024-03-09,3,0, PayPal, SHIPPED ,528.21
TXN003258,CUST0076,PROD0079,2024-03-09,6,15,Credit Card,Returned,4235.5
TXN003259,CUST0375,PROD0073,2024-03-13,3,5,Credit Card,Cancelled,312.62
TXN003260,CUST0265,PROD0074,2025-05-22,2,50, PayPal,Processing,323.94
TXN003261,CUST0017,PROD0076,2025-09-19,4,25,upi,Returned,87.9
TXN003262,CUST0082,PROD0096,14/11/2025,2,20,Credit Card,delivered,30.54
TXN003263,CUST0318,PROD0091,2025-10-26,1,50,PayPal,Cancelled,319.92
TXN003264,CUST0173,PROD0030,02-01-2024,4,30,upi,Shipped,170.16
TXN003265,CUST0319,PROD0034,2025-07-26,4,10,Cash,Delivered,538.42
TXN003266,CUST0333,PROD0048,2025-02-15,2,0,Debit Card,Pending,582.4
TXN003267,CUST0338,PROD0047,2024/09/08,1,40,upi, SHIPPED ,30.19
TXN003268,CUST0052,PROD0068,2025-03-16,3,40,PayPal,Returned,94.93
TXN003269,CUST0435,PROD0001,13/11/2024,3,40,Bank Transfer,Shipped,316.93
TXN003270,CUST0364,PROD0021,2024-11-21,1,15, PayPal,delivered,54.73
TXN003271,CUST0436,PROD0052,2024-04-09,1,40, PayPal,Pending,10.21
TXN003272,CUST0101,PROD0083,2024-06-22,4,25,Credit Card,Cancelled,-149.97
TXN003273,CUST0215,PROD0012,2025-08-12,2,0,PayPal,delivered,153.18
TXN003274,CUST0427,PROD0080,2025-08-20,6,5,UPI,Pending,1066.07
TXN003275,CUST0100,PROD0027,2025-04-15,2,20,PayPal,Returned,144.82
TXN003276,CUST0437,PROD0040,08/10/2024,3,50,Credit Card,Returned,82.71
TXN003277,CUST0253,PROD0056,2024-01-27,6,50,,Processing,1404.54
TXN003278,CUST0397,PROD0029,2024/11/18,NaN,40,upi,delivered,87.39
TXN003279,CUST0040,PROD0100,2025-09-14,4,0,Cash,delivered,444.84
TXN003280,CUST0046,PROD0062,2025-12-12,6,10,Cash,delivered,135.97
TXN003281,CUST0041,PROD0035,12-26-2024,2,20,Credit Card,Shipped,498.77
TXN003282,CUST0286,PROD0046,2025-06-05,3,25,Cash,Shipped,414.94
TXN003283,CUST0374,PROD0095,07/04/2024,4,20,Bank Transfer, SHIPPED ,513.41
TXN003284,CUST0343,PROD0047,2024-09-11,6,5,upi,Delivered,286.82
TXN003285,CUST0332,PROD0063,2025-04-29,1,20,Credit Card,Cancelled,353.46
TXN003286,CUST0457,PROD0002,2024-11-14,3,5,Cash,Returned,209.02
TXN003287,CUST0010,PROD0098,2024-09-11,6,-10,PayPal,Processing,755.4
TXN003288,CUST0042,PROD0070,2024-01-25,2,60,upi, SHIPPED ,57.89
TXN003289,CUST0394,PROD0021,2024/02/10,5,25,Cash, SHIPPED ,241.46
TXN003290,CUST0351,PROD0036,05/10/2025,6,0, PayPal,Delivered,1266.96
TXN003291,CUST0078,PROD0051,2024-11-25,5,25,Debit Card, SHIPPED ,421.05
TXN003292,CUST0145,PROD0089,2025-03-23,5,15,UPI,Cancelled,70.46
TXN003293,CUST0176,PROD0093,2025-03-03,2,0,UPI,Pending,638.42
TXN003294,CUST0154,PROD0034,2024-01-22,5,0,upi,Pending,747.8
TXN003295,CUST0022,PROD0065,2025-09-11,4,0,PayPal,Delivered,123.92
TXN003296,CUST0348,PROD0092,2024-04-30,6,60,Debit Card,Returned,540.36
TXN003297,CUST0444,PROD0029,21/03/2024,2,10,upi, SHIPPED ,262.17
TXN003298,CUST0052,PROD0013,12-09-2024,3,500,credit card,Delivered,130.14
TXN003299,CUST0176,PROD0021,2025-02-12,2,5,Debit Card, SHIPPED ,122.34
TXN003300,CUST0017,PROD0038,2025/04/10,6,10,PayPal,Delivered,389.77
TXN003301,CUST0161,PROD0029,2025-09-07,6,0, PayPal,Pending,873.9
TXN003302,CUST0488,PROD0035,2025-01-07,3,20, PayPal,,748.15
TXN003303,CUST0443,PROD0069,2025-11-26,2,15,Debit Card,Pending,94.84
TXN003304,CUST0385,PROD0009,23/10/2024,6,5,credit card,Cancelled,1078.84
TXN003305,CUST0296,PROD0035,2025-03-07,4,30,PayPal, SHIPPED ,872.84
TXN003306,CUST0093,PROD0032,2024-11-30,5,30,Credit Card,delivered,420.21
TXN003307,CUST0119,PROD0002,2024-05-21,4,5,Cash,Returned,278.69
TXN003308,CUST0009,PROD0017,2025-01-17,5,40,Credit Card,Cancelled,321.39
TXN003309,CUST0465,PROD0050,2025-06-13,1,25,Credit Card, SHIPPED ,17.65
TXN003310,CUST0122,PROD0006,2025-02-09,2,30,Credit Card,delivered,337.81
TXN003311,CUST0023,PROD0017,27/06/2025,1,30,Bank Transfer,Delivered,74.99
TXN003312,CUST0320,PROD0070,2025-08-24,1,15,Credit Card,Shipped,61.51
TXN003313,CUST0085,PROD0008,2024-08-30,1,10,credit card,Processing,88.12
TXN003314,CUST0012,PROD0078,2024-09-25,2,15, PayPal,delivered,115.23
TXN003315,CUST0292,PROD0060,12-13-2025,3,15,Debit Card,Processing,637.27
TXN003316,CUST0497,PROD0051,2024-02-12,5,50,upi,Delivered,280.7
TXN003317,CUST0069,PROD0060,2024-12-23,3,25,Bank Transfer,Returned,562.3
TXN003318,CUST0323,PROD0076,20/05/2024,3,20,Cash,Returned,70.32
TXN003319,CUST0356,PROD0037,2024-12-03,5,5,Debit Card,Delivered,146.54
TXN003320,CUST0323,PROD0072,2024-05-03,5,60,upi,delivered,383.34
TXN003321,CUST0323,PROD0045,2025-06-26,3,20,credit card, SHIPPED ,421.73
TXN003322,CUST0208,PROD0021,2024/06/20,6,25,PayPal,Shipped,289.75
TXN003323,CUST0253,PROD0079,2025-05-21,3,30,upi,Delivered,1744.03
TXN003324,CUST0121,PROD0053,2024-04-15,2,20,Cash, SHIPPED ,70.7
TXN003325,CUST0016,PROD0058,11/01/2024,4,10,upi, SHIPPED ,113.9
TXN003326,CUST0009,PROD0017,2024-07-20,1,25,Cash,delivered,80.35
TXN003327,CUST0014,PROD0010,2025-01-18,6,0,Debit Card,Pending,630.96
TXN003328,CUST0118,PROD0087,2025-10-12,4,40,Debit Card,delivered,176.69
TXN003329,CUST0217,PROD0007,2024-12-21,4,60,Credit Card,delivered,364.75
TXN003330,CUST0067,PROD0023,2024-09-18,1,15,UPI,delivered,449.67
TXN003331,CUST0158,PROD0057,2025-08-03,1,30,Bank Transfer,delivered,320.68
TXN003332,CUST0110,PROD0013,27/11/2025,6,40,Credit Card,delivered,312.34
TXN003333,CUST0371,PROD0059,2024/05/06,,5,Cash, SHIPPED ,309.05
TXN003334,CUST0223,PROD0096,2024-11-03,4,60,UPI, SHIPPED ,30.54
TXN003335,CUST0170,PROD0050,2024-05-06,2,15,credit card,Pending,40.0
TXN003336,CUST0136,PROD0081,2025-11-17,4,30,Cash,Delivered,
TXN003337,CUST0192,PROD0088,2025-04-24,2,15, PayPal,Pending,614.02
TXN003338,CUST0411,PROD0094,2024-03-31,3,15,Credit Card,Shipped,262.8
TXN003339,CUST0289,PROD0024,16/06/2024,5,25,upi,Pending,379.65
TXN003340,CUST0124,PROD0028,2024-07-13,6,60, PayPal,Cancelled,2148.26
TXN003341,CUST0403,PROD0088,2024-05-16,5,30,Bank Transfer,Returned,1264.16
TXN003342,CUST0021,PROD0024,2025-07-28,3,15,PayPal, SHIPPED ,258.16
TXN003343,CUST0479,PROD0059,2025-01-20,5,10,Bank Transfer,Processing,243.99
TXN003344,CUST0225,PROD0061,2024/08/30,6,10,UPI,delivered,1005.32
TXN003345,CUST0334,PROD0019,2024-02-17,2,10,Credit Card,Shipped,56.03
TXN003346,CUST0129,PROD0089,01/01/2024,4,60,UPI,Cancelled,26.53
TXN003347,CUST0390,PROD0023,2025-06-12,3,10,UPI,Returned,1428.35
TXN003348,CUST0254,PROD0085,2024-03-13,5,50,PayPal,Delivered,72.78
TXN003349,CUST0410,PROD0087,05-09-2025,3,5,credit card,Returned,209.82
TXN003350,CUST0354,PROD0044,2024-05-09,1,40,credit card, SHIPPED ,62.07
TXN003351,CUST0292,PROD0089,2025-09-15,1,15,Cash,Cancelled,14.09
TXN003352,CUST0064,PROD0004,2024-01-04,4,20,UPI,Cancelled,157.12
TXN003353,CUST0345,PROD0020,07/07/2024,6,10,PayPal,Pending,490.0
TXN003354,CUST0231,PROD0060,2025-04-23,2,5,upi,Delivered,474.83
TXN003355,CUST0489,PROD0051,2025/02/15,6,40,Credit Card,Pending,404.21
TXN003356,CUST0002,PROD0027,2025-07-25,1,15,upi,Delivered,76.93
TXN003357,CUST0172,PROD0079,2024-11-16,5,50,Bank Transfer,Processing,2076.22
TXN003358,CUST0323,PROD0037,2024-03-27,1,40,Bank Transfer,Delivered,18.51
TXN003359,CUST0068,PROD0064,2024-10-03,6,30, PayPal,delivered,226.63
TXN003360,CUST0260,PROD0022,14/03/2025,4,10,credit card,Delivered,647.03
TXN003361,CUST0432,PROD0056,2024-06-12,1,15,upi,Cancelled,397.95
TXN003362,CUST0413,PROD0066,2025-11-09,6,30,Bank Transfer, SHIPPED ,387.03
TXN003363,CUST0374,PROD0010,2024-10-16,4,20,credit card,Pending,336.51
TXN003364,CUST0331,PROD0076,2024-08-01,5,15, PayPal,Returned,124.52
TXN003365,CUST0432,PROD0077,2024-03-20,5,50,upi,Delivered,85.25
TXN003366,CUST0302,PROD0095,2025/09/27,3,0,Bank Transfer,Cancelled,481.32
TXN003367,CUST0074,PROD0054,22/03/2025,2,10,PayPal,Cancelled,349.49
TXN003368,CUST0500,PROD0076,2024-09-20,1,10,Debit Card,Processing,26.37
TXN003369,CUST0368,PROD0071,2025-08-22,5,5,Debit Card,delivered,3933.43
TXN003370,CUST0316,PROD0037,2025-07-29,2,20,Credit Card,Delivered,49.36
TXN003371,CUST0359,PROD0010,2024-07-05,4,30,PayPal,Processing,294.45
TXN003372,CUST0466,PROD0025,2025-08-28,6,20, PayPal,Returned,3789.46
TXN003373,CUST0089,PROD0082,2024-06-14,4,40,Cash,Pending,121.97
TXN003374,CUST0263,PROD0100,28/05/2025,2,10,UPI,Pending,200.18
TXN003375,CUST0270,PROD0083,2025-07-13,4,0,credit card,Returned,-199.96
TXN003376,CUST0035,PROD0050,2025-06-18,-3,5,UPI,Returned,89.41
TXN003377,CUST0295,PROD0083,2025/01/13,3,40,Cash,Returned,-89.98
TXN003378,CUST0201,PROD0004,2025-11-26,5,30, PayPal,Returned,171.85
TXN003379,CUST0291,PROD0100,2025-01-31,6,50,UPI,Delivered,333.63
TXN003380,CUST0439,PROD0080,2025-03-31,2,30,Debit Card,Delivered,261.84
TXN003381,CUST0430,PROD0070,01/03/2024,2,30,Debit Card, SHIPPED ,101.3
TXN003382,CUST0206,PROD0017,2024-01-08,4,25,credit card,delivered,321.39
TXN003383,CUST0376,PROD0058,12-01-2025,4,20,credit card,Pending,101.25
TXN003384,CUST0341,PROD0067,2025-02-12,3,25, PayPal,delivered,
TXN003385,CUST0052,PROD0023,2024-09-17,4,20,Credit Card,Delivered,1692.86
TXN003386,CUST0027,PROD0050,2025-06-20,3,50,upi,Processing,35.3
TXN003387,CUST0150,PROD0088,2024-02-28,1,30,upi,delivered,252.83
TXN003388,CUST0131,PROD0042,19/04/2024,2,20,Bank Transfer,Returned,83.3
TXN003389,CUST0036,PROD0099,2025-06-08,5,40,Bank Transfer,Delivered,116.1
TXN003390,CUST0074,PROD0026,2024-07-25,4,50,,Delivered,141.76
TXN003391,CUST0263,PROD0100,2024-08-26,4,0,Debit Card,Pending,444.84
TXN003392,CUST0011,PROD0032,2025-02-22,1,60,Bank Transfer,Returned,48.02
TXN003393,CUST0079,PROD0028,2025-06-08,4,0,PayPal,Delivered,3580.44
TXN003394,CUST0409,PROD0089,2024-12-06,1,50,Cash,Cancelled,8.29
TXN003395,CUST0016,PROD0078,11/10/2024,1,500,Bank Transfer,Delivered,57.61
TXN003396,CUST0299,PROD0099,2025-03-19,1,60, PayPal,Pending,15.48
TXN003397,CUST0445,PROD0074,2025-05-13,3,25,PayPal,Returned,728.87
TXN003398,CUST0057,PROD0027,2025-01-06,5,20,Cash,Delivered,362.04
TXN003399,CUST0153,PROD0041,2024/02/13,2,25,upi,Pending,245.39
TXN003400,CUST0261,PROD0002,08-09-2025,4,15,Bank Transfer,Delivered,249.36
TXN003401,CUST0455,PROD0044,2025-08-21,5,0,PayPal, SHIPPED ,517.25
TXN003402,CUST0001,PROD0022,23/09/2025,3,10,Credit Card,Cancelled,485.27
TXN003403,CUST0497,PROD0012,2024-12-28,5,10,credit card,Returned,344.66
TXN003404,CUST0313,PROD0003,2025-04-24,3,10,Credit Card,Cancelled,97.5
TXN003405,CUST0050,PROD0073,2025-03-26,4,40,Bank Transfer, SHIPPED ,263.26
TXN003406,CUST0236,PROD0047,2025-09-16,1,20,Debit Card, SHIPPED ,40.26
TXN003407,CUST0378,PROD0035,2025-12-04,6,10,UPI,Delivered,1683.34
TXN003408,CUST0257,PROD0067,2024-05-12,3,50,upi,Returned,
TXN003409,CUST0055,PROD0074,06/03/2025,2,15,PayPal, SHIPPED ,550.7
TXN003410,CUST0016,PROD0095,2025/10/20,6,50,upi,Returned,481.32
TXN003411,CUST0085,PROD0059,2025-03-06,3,50,UPI,Shipped,81.33
TXN003412,CUST0435,PROD0057,2024-07-16,1,30,upi,Processing,320.68
TXN003413,CUST0432,PROD0076,2024-08-06,6,5,credit card,Shipped,167.01
TXN003414,CUST0416,PROD0068,2024-04-02,5,50,PayPal,Returned,131.85
TXN003415,CUST0399,PROD0019,2025-01-25,3,60,Bank Transfer, SHIPPED ,37.36
TXN003416,CUST0319,PROD0071,30/08/2025,4,10,UPI,Processing,2981.12
TXN003417,CUST0236,PROD0093,05-27-2024,6,40,Debit Card,Pending,1149.16
TXN003418,CUST0320,PROD0065,2025-08-16,2,10,UPI,Pending,55.76
TXN003419,CUST0348,PROD0074,2024-02-27,6,30,credit card,Returned,1360.55
TXN003420,CUST0447,PROD0092,2025-07-09,6,40,Credit Card,Returned,810.54
TXN003421,CUST0415,PROD0060,2025/04/02,3,20,Debit Card,Pending,599.78
TXN003422,CUST0216,PROD0064,2024-11-17,2,60,Cash,Shipped,43.17
TXN003423,CUST0420,PROD0070,07/07/2025,6,0, PayPal,Cancelled,434.16
TXN003424,CUST0237,PROD0066,2024-03-08,5,5,credit card,Pending,437.71
TXN003425,CUST0309,PROD0008,2025-07-25,3,25,Cash, SHIPPED ,220.3
TXN003426,CUST0086,PROD0052,2025-07-17,5,20,Cash,Pending,68.04
TXN003427,CUST0211,PROD0027,2025-06-21,NaN,0, PayPal, SHIPPED ,181.02
TXN003428,CUST0041,PROD0020,2024-08-31,4,5,PayPal,Shipped,344.81
TXN003429,CUST0480,PROD0081,2025-11-14,1,25,Debit Card,,46.77
TXN003430,CUST0080,PROD0073,24/10/2025,5,30,Debit Card,Processing,383.92
TXN003431,CUST0418,PROD0004,2025-10-26,1,30,upi,Delivered,34.37
TXN003432,CUST0448,PROD0016,2024/02/18,5,10,UPI,Pending,178.97
TXN003433,CUST0400,PROD0019,2025-08-26,2,30,Cash,Cancelled,43.58
TXN003434,CUST0115,PROD0036,12-24-2025,,30,Bank Transfer,Pending,886.87
TXN003435,CUST0472,PROD0006,2024-09-05,3,0,upi,Pending,723.87
TXN003436,CUST0168,PROD0059,2025-06-07,4,50,UPI,Cancelled,108.44
TXN003437,CUST0174,PROD0046,08/12/2025,1,40, PayPal,Cancelled,110.65
TXN003438,CUST0379,PROD0013,2024-06-23,2,5,credit card,delivered,NaN
TXN003439,CUST0175,PROD0081,2024-02-13,3,40,Credit Card,delivered,112.25
TXN003440,CUST0066,PROD0083,2024-04-05,4,60,UPI,Returned,-79.98
TXN003441,CUST0364,PROD0036,2024-09-26,3,25,Cash,Cancelled,475.11
TXN003442,CUST0054,PROD0010,2024-11-14,3,40,Credit Card,Shipped,189.29
TXN003443,CUST0386,PROD0020,2024/08/20,3,0,UPI, SHIPPED ,272.22
TXN003444,CUST0275,PROD0057,26/04/2024,6,30,Cash,Shipped,1924.1
TXN003445,CUST0381,PROD0005,2025-08-19,4,40, PayPal,Delivered,149.69
TXN003446,CUST0448,PROD0019,2024-08-25,3,20,credit card, SHIPPED ,74.71
TXN003447,CUST0263,PROD0038,2024-09-26,4,60,Bank Transfer,Delivered,115.49
TXN003448,CUST0469,PROD0098,2024-08-25,6,30,Bank Transfer,Delivered,1057.56
TXN003449,CUST0034,PROD0056,2024-08-11,5,25, PayPal,Cancelled,1755.68
TXN003450,CUST0389,PROD0064,2025-06-02,2,5,credit card,Pending,102.52
TXN003451,CUST0188,PROD0058,24/12/2025,5,10, PayPal,Cancelled,142.38
TXN003452,CUST0054,PROD0066,2025-02-06,6,15,Credit Card,Processing,469.97
TXN003453,CUST0290,PROD0012,2024-12-05,3,20,PayPal,Cancelled,183.82
TXN003454,CUST0117,PROD0023,2024/11/03,4,25,Debit Card,delivered,1587.06
TXN003455,CUST0321,PROD0095,2024-09-17,2,60,upi, SHIPPED ,128.35
TXN003456,CUST0013,PROD0060,2024-07-31,3,30, PayPal,Returned,524.81
TXN003457,CUST0200,PROD0023,2024-05-05,6,60,credit card,Returned,1269.65
TXN003458,CUST0333,PROD0011,04/10/2025,3,60,Debit Card, SHIPPED ,96.91
TXN003459,CUST0033,PROD0057,2024-01-04,1,10,PayPal,Shipped,412.31
TXN003460,CUST0263,PROD0086,2024-04-06,5,-10,Debit Card,Returned,2626.18
TXN003461,CUST0457,PROD0013,2024-08-21,3,40,upi,Delivered,156.17
TXN003462,CUST0362,PROD0076,2024-09-18,2,40, PayPal,Returned,35.16
TXN003463,CUST0014,PROD0095,2024-05-11,6,10,Cash, SHIPPED ,866.38
TXN003464,CUST0148,PROD0086,2025-10-14,2,0,PayPal, SHIPPED ,2100.94
TXN003465,CUST0493,PROD0082,22/12/2024,1,60,upi,Processing,30.38
TXN003466,CUST0457,PROD0025,2025-03-01,4,40,Debit Card, SHIPPED ,1894.73
TXN003467,CUST0213,PROD0053,2025-03-21,1,10,credit card, SHIPPED ,39.77
TXN003468,CUST0469,PROD0031,10-11-2024,1,10,PayPal,Processing,42.07
TXN003469,CUST0349,PROD0090,2024-08-13,5,60,Cash,Delivered,294.7
TXN003470,CUST0038,PROD0027,2025-03-24,5,15,upi,Pending,384.67
TXN003471,CUST0184,PROD0080,2024-01-17,4,40,Debit Card,delivered,448.87
TXN003472,CUST0077,PROD0082,07/11/2024,4,5,Bank Transfer,Returned,125.07
TXN003473,CUST0085,PROD0028,2024-09-08,1,40,Bank Transfer, SHIPPED ,537.07
TXN003474,CUST0465,PROD0047,2025-03-20,2,30,Credit Card,Shipped,70.45
TXN003475,CUST0282,PROD0050,2024-09-09,2,30,UPI,Shipped,
TXN003476,CUST0291,PROD0075,2024/12/31,6,30,credit card,delivered,170.73
TXN003477,CUST0299,PROD0098,2024-06-10,2,40, PayPal, SHIPPED ,302.16
TXN003478,CUST0436,PROD0034,2024-04-04,5,0,Credit Card,Cancelled,747.8
TXN003479,CUST0475,PROD0071,27/11/2024,2,25,credit card,Shipped,1242.13
TXN003480,CUST0374,PROD0093,2024-08-01,3,20,Cash, SHIPPED ,766.1
TXN003481,CUST0247,PROD0019,2024-07-03,5,15,Credit Card,Returned,132.3
TXN003482,CUST0241,PROD0097,2024-09-03,1,20,credit card,Returned,29.34
TXN003483,CUST0194,PROD0094,2025-12-13,3,40,Bank Transfer,Cancelled,185.51
TXN003484,CUST0077,PROD0046,2024-04-05,3,60, PayPal,Pending,221.3
TXN003485,CUST0302,PROD0041,08-06-2024,2,0,Bank Transfer,Delivered,599.84
TXN003486,CUST0147,PROD0032,27/03/2025,6,30,upi,Shipped,504.25
TXN003487,CUST0264,PROD0025,2024/02/23,5,25,Cash,Delivered,2960.51
TXN003488,CUST0031,PROD0013,2025-12-14,4,15,Debit Card,Returned,294.98
TXN003489,CUST0106,PROD0075,2024-03-27,1,5,Bank Transfer,Cancelled,38.62
TXN003490,CUST0222,PROD0062,2025-07-01,2,5,Credit Card,Pending,47.84
TXN003491,CUST0409,PROD0071,2024-03-20,4,5,Credit Card, SHIPPED ,3146.74
TXN003492,CUST0324,PROD0068,2024-11-23,3,500,credit card,Pending,142.4
TXN003493,CUST0430,PROD0007,20/02/2025,5,0,PayPal, SHIPPED ,1139.85
TXN003494,CUST0421,PROD0075,2025-11-03,2,5,credit card,Returned,77.23
TXN003495,CUST0092,PROD0091,2024-07-19,4,0,Credit Card,Processing,2559.36
TXN003496,CUST0100,PROD0007,2024-07-08,4,25,credit card,Delivered,683.91
TXN003497,CUST0346,PROD0042,2024-05-21,3,5,Debit Card,Returned,148.37
TXN003498,CUST0404,PROD0020,2024/01/28,4,40,Credit Card,Shipped,217.78
TXN003499,CUST0162,PROD0010,2024-09-19,6,60,PayPal,Delivered,252.38
TXN003500,CUST0049,PROD0052,10/03/2025,2,50,PayPal,Processing,17.01
TXN003501,CUST0070,PROD0018,2024-10-11,1,25,UPI,Processing,88.78
TXN003502,CUST0095,PROD0086,06-29-2024,3,30,PayPal,Delivered,2205.99
TXN003503,CUST0049,PROD0085,2025-09-20,1,5,,Returned,27.65
TXN003504,CUST0274,PROD0040,2024-08-02,5,5,UPI,Cancelled,261.91
TXN003505,CUST0329,PROD0023,2025-01-07,5,30,Debit Card,Cancelled,1851.57
TXN003506,CUST0082,PROD0032,2025-09-04,3,30,Bank Transfer,delivered,252.13
TXN003507,CUST0065,PROD0028,07/11/2024,5,30,Bank Transfer,Returned,3132.88
TXN003508,CUST0313,PROD0057,2025-03-14,2,20,Cash, SHIPPED ,732.99
TXN003509,CUST0220,PROD0025,2024/10/01,6,0,credit card,Cancelled,4736.82
TXN003510,CUST0224,PROD0097,2025-04-09,6,40,UPI,Returned,132.01
TXN003511,CUST0339,PROD0074,2025-07-17,6,25,PayPal,Pending,1457.73
TXN003512,CUST0426,PROD0030,2024-12-30,1,25,PayPal, SHIPPED ,45.58
TXN003513,CUST0492,PROD0052,2025-01-14,5,5,Bank Transfer,Pending,80.8
TXN003514,CUST0392,PROD0050,10/06/2024,2,50,Credit Card, SHIPPED ,23.53
TXN003515,CUST0214,PROD0039,2024-04-17,4,25,UPI,Cancelled,168.45
TXN003516,CUST0208,PROD0075,2025-12-15,2,20, PayPal,Returned,65.04
TXN003517,CUST0473,PROD0098,2025-02-07,6,25,UPI,delivered,1133.1
TXN003518,CUST0107,PROD0072,2025-08-17,6,30,PayPal,delivered,805.01
TXN003519,CUST0383,PROD0032,06-06-2024,2,30, PayPal,Processing,168.08
TXN003520,CUST0153,PROD0014,2024/12/12,1,10, PayPal, SHIPPED ,15.72
TXN003521,CUST0487,PROD0026,02/10/2025,2,25,Bank Transfer,Cancelled,106.32
TXN003522,CUST0482,PROD0085,2024-10-20,5,25,Cash, SHIPPED ,109.16
TXN003523,CUST0127,PROD0086,2025-08-14,4,5,upi,Processing,3991.79
TXN003524,CUST0152,PROD0073,2025-04-26,6,15,Cash,Shipped,559.42
TXN003525,CUST0213,PROD0013,2024-12-28,6,50,Debit Card,Shipped,260.28
TXN003526,CUST0202,PROD0066,2025-11-02,6,40,Debit Card,Delivered,331.74
TXN003527,CUST0126,PROD0003,2025-05-24,4,10,upi,Delivered,130.0
TXN003528,CUST0242,PROD0089,19/06/2024,1,20,Cash, SHIPPED ,13.26
TXN003529,CUST0418,PROD0062,2025-07-21,1,50,PayPal, SHIPPED ,12.59
TXN003530,CUST0375,PROD0036,2025-08-10,1,10,Debit Card,Returned,190.04
TXN003531,CUST0204,PROD0026,2025/08/29,4,30,PayPal,delivered,198.46
TXN003532,CUST0329,PROD0036,2024-05-27,5,10,upi,Returned,950.22
TXN003533,CUST0177,PROD0097,2025-02-19,2,60,Debit Card,Pending,29.34
TXN003534,CUST0072,PROD0096,2025-08-22,6,20,Credit Card,Cancelled,91.63
TXN003535,CUST0203,PROD0074,25/09/2024,,5,Debit Card,Processing,1846.46
TXN003536,CUST0329,PROD0053,12-20-2025,6,20, PayPal,Shipped,212.11
TXN003537,CUST0318,PROD0053,2025-04-07,1,30,Cash,Cancelled,30.93
TXN003538,CUST0112,PROD0043,2024-08-13,1,0,Debit Card, SHIPPED ,159.95
TXN003539,CUST0056,PROD0022,2024-12-24,1,5,upi,Cancelled,170.74
TXN003540,CUST0291,PROD0078,2024-10-05,5,0,Debit Card,Cancelled,338.9
TXN003541,CUST0116,PROD0030,2024-10-05,2,40,upi,Pending,72.92
TXN003542,CUST0337,PROD0027,03/12/2025,5,5,Bank Transfer,Delivered,429.92
TXN003543,CUST0423,PROD0073,2025-07-12,3,5,Credit Card,Shipped,312.62
TXN003544,CUST0443,PROD0056,2025-05-20,2,0,Debit Card,Returned,936.36
TXN003545,CUST0466,PROD0070,2024-04-03,4,0,Bank Transfer,Shipped,289.44
TXN003546,CUST0396,PROD0004,2024-02-18,6,10,Credit Card,Processing,265.14
TXN003547,CUST0272,PROD0072,2025-03-03,1,30,Cash,Delivered,134.17
TXN003548,CUST0383,PROD0010,2025-09-27,1,15,Bank Transfer,Processing,89.39
TXN003549,CUST0063,PROD0099,24/07/2024,5,25,Bank Transfer,Returned,145.12
TXN003550,CUST0455,PROD0020,2024-03-02,3,15,Debit Card, SHIPPED ,231.39
TXN003551,CUST0032,PROD0090,2025-05-04,6,5, PayPal,Shipped,839.89
TXN003552,CUST0106,PROD0070,2025-01-26,1,25, PayPal,Shipped,54.27
TXN003553,CUST0438,PROD0090,2024/03/29,1,15,PayPal,Shipped,125.25
TXN003554,CUST0299,PROD0088,2024-11-12,2,20, PayPal,Delivered,577.9
TXN003555,CUST0083,PROD0067,2025-07-22,1,20,Debit Card,Shipped,
TXN003556,CUST0068,PROD0069,15/04/2025,3,25,PayPal,,125.53
TXN003557,CUST0479,PROD0090,2024-03-17,2,30, PayPal,delivered,206.29
TXN003558,CUST0252,PROD0049,2024-10-28,2,60,Debit Card,Cancelled,103.82
TXN003559,CUST0284,PROD0011,2024-02-08,4,20,Debit Card, SHIPPED ,258.43
TXN003560,CUST0063,PROD0074,2024-10-20,2,10,Debit Card,delivered,583.09
TXN003561,CUST0146,PROD0007,2024-03-18,2,5,credit card,Cancelled,433.14
TXN003562,CUST0170,PROD0007,2025-02-24,6,30,PayPal, SHIPPED ,957.47
TXN003563,CUST0035,PROD0053,15/07/2025,3,25,PayPal,delivered,99.43
TXN003564,CUST0090,PROD0097,2025/11/02,6,20,Debit Card,Delivered,176.02
TXN003565,CUST0072,PROD0082,2025-01-07,4,5, PayPal,Returned,1025.57
TXN003566,CUST0469,PROD0046,2025-03-12,5,20,Cash,Cancelled,737.68
TXN003567,CUST0030,PROD0004,2025-01-13,5,25,upi,Pending,184.12
TXN003568,CUST0179,PROD0085,2025-02-15,3,25,Cash,Returned,65.5
TXN003569,CUST0454,PROD0019,2024-07-07,6,5, PayPal,Processing,177.44
TXN003570,CUST0200,PROD0052,16/05/2024,3,30,credit card,Delivered,35.72
TXN003571,CUST0133,PROD0049,2024-01-09,1,0,Debit Card,Returned,129.78
TXN003572,CUST0440,PROD0084,2024-10-08,2,0,upi, SHIPPED ,338.56
TXN003573,CUST0441,PROD0024,2024-09-23,6,50, PayPal,Shipped,303.72
TXN003574,CUST0449,PROD0001,2024-01-04,4,30,Cash,Delivered,493.0
TXN003575,CUST0345,PROD0035,2024/04/12,2,50,PayPal,Delivered,311.73
TXN003576,CUST0242,PROD0053,2024-06-21,NaN,5,Debit Card,delivered,209.9
TXN003577,CUST0446,PROD0085,14/06/2024,2,10,Cash,Processing,52.4
TXN003578,CUST0093,PROD0023,2025-07-23,3,0,Cash,Returned,1587.06
TXN003579,CUST0242,PROD0042,2024-06-08,2,25,Bank Transfer,Delivered,78.09
TXN003580,CUST0001,PROD0035,2024-04-04,6,50,Bank Transfer,Pending,935.19
TXN003581,CUST0310,PROD0015,2024-08-21,1,5,UPI,delivered,63.43
TXN003582,CUST0342,PROD0004,2024-11-17,3,40,PayPal,Processing,88.38
TXN003583,CUST0393,PROD0083,2025-06-27,2,0,upi,Returned,-99.98
TXN003584,CUST0061,PROD0082,18/12/2025,3,40,Cash,Delivered,553.36
TXN003585,CUST0238,PROD0068,2024-09-03,2,50,Credit Card,Shipped,52.74
TXN003586,CUST0013,PROD0039,2024/04/14,3,25,UPI,Returned,126.34
TXN003587,CUST0040,PROD0079,12-06-2024,-3,5,Bank Transfer,Returned,3944.83
TXN003588,CUST0241,PROD0072,2025-02-23,3,10,Cash,Delivered,517.51
TXN003589,CUST0090,PROD0011,2025-10-18,6,500,UPI,Delivered,242.28
TXN003590,CUST0198,PROD0029,2024-12-18,5,0,UPI,Pending,728.25
TXN003591,CUST0286,PROD0075,28/04/2024,2,5,UPI,Pending,77.23
TXN003592,CUST0129,PROD0031,2025-02-16,5,0,credit card,delivered,233.7
TXN003593,CUST0283,PROD0042,2024-12-18,3,60,Bank Transfer,Delivered,62.47
TXN003594,CUST0279,PROD0098,2024-10-11,5,0,upi, SHIPPED ,1259.0
TXN003595,CUST0291,PROD0082,2024-02-20,3,25,PayPal, SHIPPED ,60.95
TXN003596,CUST0035,PROD0094,2024-02-19,3,30, PayPal,Cancelled,216.43
TXN003597,CUST0120,PROD0058,2024/10/06,4,0,Debit Card, SHIPPED ,126.56
TXN003598,CUST0163,PROD0019,30/03/2025,1,15,upi,Shipped,26.46
TXN003599,CUST0154,PROD0076,2025-07-19,2,25,UPI,Delivered,43.95
TXN003600,CUST0263,PROD0036,2024-07-18,6,30,PayPal, SHIPPED ,886.87
TXN003601,CUST0152,PROD0035,2024-11-04,4,10,credit card,Delivered,1122.23
TXN003602,CUST0273,PROD0037,2025-11-22,2,10,Bank Transfer,Processing,55.53
TXN003603,CUST0109,PROD0039,2025-06-08,1,20,Debit Card,Pending,44.92
TXN003604,CUST0364,PROD0017,11-11-2024,6,25,credit card,Cancelled,482.08
TXN003605,CUST0483,PROD0051,06/09/2025,3,50,credit card,delivered,168.42
TXN003606,CUST0235,PROD0037,2025-08-21,4,10, PayPal, SHIPPED ,111.06
TXN003607,CUST0008,PROD0021,2024-10-11,3,40,Credit Card,Cancelled,115.9
TXN003608,CUST0391,PROD0028,2024/08/14,2,60,credit card,Returned,716.09
TXN003609,CUST0184,PROD0024,2024-08-15,3,50,PayPal, SHIPPED ,151.86
TXN003610,CUST0116,PROD0006,2024-10-13,2,60,upi, SHIPPED ,193.03
TXN003611,CUST0095,PROD0089,2025-09-24,1,40,PayPal,Shipped,9.95
TXN003612,CUST0249,PROD0038,09/06/2024,2,10,Credit Card,Returned,129.92
TXN003613,CUST0045,PROD0053,2025-04-20,2,5,credit card,Cancelled,83.96
TXN003614,CUST0303,PROD0023,2025-02-19,5,15, PayPal,Delivered,
TXN003615,CUST0203,PROD0029,2024-05-09,1,15,Debit Card,Cancelled,123.8
TXN003616,CUST0301,PROD0021,2025-05-27,3,50,,Delivered,96.59
TXN003617,CUST0095,PROD0020,2024-02-16,1,60,Credit Card,Shipped,36.3
TXN003618,CUST0296,PROD0031,2025-10-20,2,25,UPI,Pending,70.11
TXN003619,CUST0310,PROD0063,27/03/2024,1,0,Credit Card,Delivered,441.82
TXN003620,CUST0095,PROD0091,2025-08-18,3,30,Debit Card, SHIPPED ,1343.66
TXN003621,CUST0075,PROD0024,12-14-2024,6,20, PayPal,Shipped,485.95
TXN003622,CUST0264,PROD0095,2025-01-12,5,20,Credit Card,Pending,641.76
TXN003623,CUST0297,PROD0080,2024-05-26,1,20,credit card,Cancelled,149.62
TXN003624,CUST0070,PROD0096,2024-08-27,4,40, PayPal,Shipped,45.82
TXN003625,CUST0146,PROD0043,2025-01-20,4,20,UPI,Pending,511.84
TXN003626,CUST0007,PROD0095,01/05/2024,3,25,UPI,Shipped,360.99
TXN003627,CUST0472,PROD0011,2025-11-17,4,30,upi, SHIPPED ,226.13
TXN003628,CUST0175,PROD0008,2024-12-18,6,40,upi,Shipped,352.48
TXN003629,CUST0065,PROD0004,2025-08-12,5,5,credit card,Pending,NaN
TXN003630,CUST0281,PROD0008,2025/02/20,1,60,Credit Card,Processing,39.16
TXN003631,CUST0068,PROD0032,2024-03-11,1,30, PayPal,Pending,84.04
TXN003632,CUST0013,PROD0050,2025-10-06,6,30,UPI,delivered,98.83
TXN003633,CUST0126,PROD0018,03/06/2024,6,-10,Debit Card,delivered,426.17
TXN003634,CUST0300,PROD0020,2024-03-14,4,50,Bank Transfer,delivered,181.48
TXN003635,CUST0213,PROD0029,2025-05-24,1,20,PayPal,Returned,116.52
TXN003636,CUST0099,PROD0003,2024-02-11,,15, PayPal,delivered,184.16
TXN003637,CUST0396,PROD0032,2025-08-06,5,10,UPI,Shipped,540.27
TXN003638,CUST0107,PROD0019,09-22-2024,3,60,Cash, SHIPPED ,37.36
TXN003639,CUST0195,PROD0079,2024-08-01,4,50,Bank Transfer,Shipped,1660.98
TXN003640,CUST0252,PROD0085,21/07/2025,6,40,upi,delivered,104.8
TXN003641,CUST0292,PROD0010,2024/12/15,5,10,Credit Card,Shipped,473.22
TXN003642,CUST0051,PROD0100,2024-10-08,1,30,credit card,Processing,77.85
TXN003643,CUST0359,PROD0055,2025-02-06,2,30, PayPal,Cancelled,1470.56
TXN003644,CUST0447,PROD0048,2024-03-06,4,10,Bank Transfer,delivered,1048.32
TXN003645,CUST0483,PROD0045,2024-08-13,4,25,upi,delivered,527.16
TXN003646,CUST0477,PROD0097,2025-01-30,4,30,Bank Transfer,Pending,102.68
TXN003647,CUST0262,PROD0038,25/08/2025,2,10,Bank Transfer,Returned,129.92
TXN003648,CUST0363,PROD0048,2024-05-03,3,30,PayPal,delivered,611.52
TXN003649,CUST0003,PROD0053,2025-08-15,5,30,credit card, SHIPPED ,154.66
TXN003650,CUST0274,PROD0043,2024-04-22,6,0,upi,Processing,959.7
TXN003651,CUST0385,PROD0058,2025-03-03,4,10,UPI,delivered,113.9
TXN003652,CUST0360,PROD0003,2025/09/20,5,15,Bank Transfer,Returned,153.47
TXN003653,CUST0444,PROD0018,2024-03-15,5,5,Bank Transfer, SHIPPED ,562.3
TXN003654,CUST0445,PROD0085,15/01/2025,2,10,UPI,Returned,52.4
TXN003655,CUST0458,PROD0064,04-17-2025,6,0,Bank Transfer,delivered,323.76
TXN003656,CUST0498,PROD0064,2025-08-03,2,25,Debit Card,Returned,80.94
TXN003657,CUST0358,PROD0084,2024-02-23,1,15,UPI,Processing,143.89
TXN003658,CUST0048,PROD0038,2025-04-08,6,10,UPI,Cancelled,389.77
TXN003659,CUST0228,PROD0083,2024-06-08,1,60,Bank Transfer,delivered,-20.0
TXN003660,CUST0033,PROD0092,2025-02-08,4,40,Credit Card, SHIPPED ,540.36
TXN003661,CUST0101,PROD0053,07/10/2025,6,10,Cash, SHIPPED ,238.63
TXN003662,CUST0103,PROD0001,2024-04-25,2,10,Credit Card,Delivered,316.93
TXN003663,CUST0457,PROD0093,2025/11/23,3,50,Bank Transfer,Processing,478.81
TXN003664,CUST0199,PROD0033,2025-07-10,2,15,upi,Pending,213.98
TXN003665,CUST0346,PROD0074,2025-01-25,5,10,Cash, SHIPPED ,1457.73
TXN003666,CUST0256,PROD0093,2025-10-15,6,15,upi,Delivered,1627.97
TXN003667,CUST0437,PROD0043,2025-10-17,3,60,Bank Transfer, SHIPPED ,191.94
TXN003668,CUST0449,PROD0077,16/05/2024,5,25,upi,Returned,127.88
TXN003669,CUST0291,PROD0092,2024-02-23,2,10,Bank Transfer,delivered,405.27
TXN003670,CUST0391,PROD0012,2025-07-31,3,0,Credit Card,Shipped,229.77
TXN003671,CUST0056,PROD0043,2024-10-25,1,40,credit card,Delivered,95.97
TXN003672,CUST0277,PROD0007,08-09-2024,6,50,Credit Card,Returned,683.91
TXN003673,CUST0131,PROD0082,2024-03-10,3,0,Bank Transfer,Cancelled,151.98
TXN003674,CUST0208,PROD0050,2025/06/05,1,15,credit card,Cancelled,20.0
TXN003675,CUST0268,PROD0082,01/11/2025,3,50,UPI,Pending,253.41
TXN003676,CUST0164,PROD0046,2025-06-01,2,0,Credit Card,Shipped,368.84
TXN003677,CUST0473,PROD0052,2025-06-12,4,20, PayPal,Shipped,54.43
TXN003678,CUST0250,PROD0058,2025-07-16,1,5,Credit Card,Processing,30.06
TXN003679,CUST0455,PROD0060,2025-11-03,4,60,Cash,Cancelled,399.86
TXN003680,CUST0248,PROD0090,2024-04-15,1,5,credit card, SHIPPED ,139.98
TXN003681,CUST0218,PROD0067,2025-03-08,1,60, PayPal, SHIPPED ,
TXN003682,CUST0225,PROD0046,16/08/2025,6,50,UPI,Cancelled,553.26
TXN003683,CUST0082,PROD0053,2024-03-08,1,25,Credit Card,,33.14
TXN003684,CUST0497,PROD0069,2024-07-31,2,20,credit card,Shipped,89.26
TXN003685,CUST0302,PROD0045,2025/03/08,4,10,Cash,delivered,632.59
TXN003686,CUST0127,PROD0047,2024-09-02,5,500,Cash,Processing,100.64
TXN003687,CUST0145,PROD0021,2025-02-01,6,10,Debit Card,Pending,347.71
TXN003688,CUST0464,PROD0100,2025-12-18,3,50,Credit Card,Shipped,166.81
TXN003689,CUST0349,PROD0043,06/07/2025,4,30,Cash,Pending,447.86
TXN003690,CUST0310,PROD0027,2024-01-05,1,10,Cash,delivered,81.46
TXN003691,CUST0105,PROD0021,2025-04-18,4,30,upi,Cancelled,180.29
TXN003692,CUST0131,PROD0041,2024-03-12,3,0,PayPal,delivered,241.13
TXN003693,CUST0266,PROD0048,2024-11-03,1,15,Credit Card,Pending,247.52
TXN003694,CUST0419,PROD0025,2024-01-08,5,40,PayPal,Delivered,2368.41
TXN003695,CUST0328,PROD0059,2024-08-17,6,10, PayPal,Pending,292.79
TXN003696,CUST0241,PROD0059,28/04/2024,5,20,PayPal,delivered,216.88
TXN003697,CUST0066,PROD0089,2025-05-07,5,30,UPI,Delivered,58.03
TXN003698,CUST0400,PROD0078,2024-03-03,4,5,PayPal,Shipped,257.56
TXN003699,CUST0025,PROD0019,2024-10-12,2,20,Bank Transfer,Pending,49.81
TXN003700,CUST0111,PROD0087,2024-02-23,6,40, PayPal,Pending,265.03
TXN003701,CUST0049,PROD0097,2025-09-25,4,5, PayPal,Shipped,139.35
TXN003702,CUST0193,PROD0047,2025-12-27,4,25,upi, SHIPPED ,150.96
TXN003703,CUST0395,PROD0059,20/02/2025,1,60,upi,Cancelled,21.69
TXN003704,CUST0100,PROD0037,2024-09-29,1,60,credit card,Processing,12.34
TXN003705,CUST0083,PROD0037,2024-05-21,4,25,UPI,Pending,92.55
TXN003706,CUST0320,PROD0026,12-12-2025,2,5,Debit Card,Returned,134.67
TXN003707,CUST0125,PROD0080,2025/12/21,4,0,credit card,Returned,748.12
TXN003708,CUST0245,PROD0086,2024-09-06,1,5,credit card,Pending,997.95
TXN003709,CUST0404,PROD0082,2025-08-23,1,25,Credit Card,Shipped,30.79
TXN003710,CUST0204,PROD0091,04/06/2024,1,0,Cash,Delivered,639.84
TXN003711,CUST0069,PROD0052,2024-12-23,5,15,Bank Transfer,Pending,72.29
TXN003712,CUST0466,PROD0044,2025-09-04,5,15,UPI,delivered,439.66
TXN003713,CUST0148,PROD0065,2025-05-27,2,25, PayPal,Shipped,46.47
TXN003714,CUST0308,PROD0024,2024-04-20,5,30, PayPal,Shipped,354.34
TXN003715,CUST0419,PROD0033,2025-01-28,6,50,upi, SHIPPED ,377.61
TXN003716,CUST0437,PROD0037,2025-11-26,2,0,UPI,Shipped,61.7
TXN003717,CUST0483,PROD0064,10/12/2025,6,30,upi,delivered,226.63
TXN003718,CUST0075,PROD0100,2025/06/14,3,30,Cash,delivered,233.54
TXN003719,CUST0136,PROD0076,2024-06-19,4,10,Bank Transfer,Delivered,105.48
TXN003720,CUST0021,PROD0005,2025-12-06,6,10,Credit Card, SHIPPED ,336.8
TXN003721,CUST0341,PROD0007,2024-03-29,6,30,Credit Card,delivered,957.47
TXN003722,CUST0045,PROD0076,2024-01-25,3,20,UPI,Processing,70.32
TXN003723,CUST0254,PROD0015,02-14-2025,2,0,UPI,Cancelled,133.54
TXN003724,CUST0164,PROD0054,02/11/2025,4,60,UPI,Delivered,310.66
TXN003725,CUST0046,PROD0008,2024-02-28,NaN,60,Credit Card,Cancelled,39.16
TXN003726,CUST0034,PROD0071,2025-03-30,1,0,Bank Transfer,Delivered,828.09
TXN003727,CUST0089,PROD0068,2025-10-21,3,20,Debit Card,delivered,126.58
TXN003728,CUST0279,PROD0077,2024-07-03,6,0,UPI,Delivered,204.6
TXN003729,CUST0473,PROD0034,2025/12/24,6,40,, SHIPPED ,538.42
TXN003730,CUST0046,PROD0032,2025-03-03,2,50,Credit Card,Shipped,120.06
TXN003731,CUST0072,PROD0018,21/11/2025,4,50,Debit Card,delivered,236.76
TXN003732,CUST0437,PROD0098,2025-08-08,4,20, PayPal,Delivered,805.76
TXN003733,CUST0447,PROD0045,2024-08-13,1,0,credit card,Cancelled,175.72
TXN003734,CUST0346,PROD0100,2024-09-07,5,30, PayPal,Cancelled,389.23
TXN003735,CUST0310,PROD0058,2025-09-25,3,10,Debit Card,Shipped,85.43
TXN003736,CUST0383,PROD0040,2024-05-23,4,60,UPI,Pending,88.22
TXN003737,CUST0209,PROD0094,2024-12-30,,5,upi,Pending,97.91
TXN003738,CUST0219,PROD0062,07/12/2025,5,40, PayPal, SHIPPED ,75.54
TXN003739,CUST0446,PROD0017,2025-11-04,5,15,upi,Cancelled,455.3
TXN003740,CUST0222,PROD0070,2025/06/22,6,25,Credit Card,Shipped,325.62
TXN003741,CUST0374,PROD0084,2025-02-10,2,40,upi,Processing,203.14
TXN003742,CUST0304,PROD0021,2024-07-07,4,30, PayPal,Delivered,180.29
TXN003743,CUST0292,PROD0090,2025-12-05,4,30,Debit Card, SHIPPED ,412.58
TXN003744,CUST0419,PROD0042,2024-06-22,5,60,Cash,Delivered,104.12
TXN003745,CUST0238,PROD0038,17/08/2025,2,25,Cash,Shipped,108.27
TXN003746,CUST0070,PROD0042,2024-12-15,4,40, PayPal,Processing,124.94
TXN003747,CUST0223,PROD0042,2025-09-09,4,20,Credit Card,Cancelled,166.59
TXN003748,CUST0468,PROD0072,2025-01-13,5,0,credit card,Delivered,958.35
TXN003749,CUST0474,PROD0010,2025-12-28,1,40,Debit Card, SHIPPED ,63.1
TXN003750,CUST0169,PROD0062,2025-07-18,2,60,Debit Card,Processing,20.14
TXN003751,CUST0303,PROD0046,2025/02/09,1,50,Cash,Pending,92.21
TXN003752,CUST0042,PROD0083,26/04/2024,5,30,Credit Card,Delivered,-174.97
TXN003753,CUST0447,PROD0084,2025-01-04,1,60,PayPal,Returned,
TXN003754,CUST0139,PROD0077,2025-12-21,2,50, PayPal,Pending,34.1
TXN003755,CUST0179,PROD0082,2025-04-19,6,15,Credit Card,Processing,1545.46
TXN003756,CUST0010,PROD0016,2024-04-14,2,25,Credit Card,Shipped,59.66
TXN003757,CUST0330,PROD0065,02-04-2025,1,40,Bank Transfer,Processing,18.59
TXN003758,CUST0293,PROD0097,2024-01-24,6,60,credit card,Processing,88.01
TXN003759,CUST0093,PROD0021,20/08/2024,4,60,UPI,Shipped,103.02
TXN003760,CUST0325,PROD0072,2024-01-17,2,0,Credit Card,Pending,383.34
TXN003761,CUST0328,PROD0026,2024-01-21,3,10,upi, SHIPPED ,191.38
TXN003762,CUST0072,PROD0034,2025/12/19,4,25,UPI,Pending,448.68
TXN003763,CUST0484,PROD0095,2025-10-12,1,25, PayPal,Shipped,120.33
TXN003764,CUST0414,PROD0083,2024-10-10,4,60,credit card, SHIPPED ,-79.98
TXN003765,CUST0348,PROD0100,2025-05-22,1,30,Cash,Pending,77.85
TXN003766,CUST0404,PROD0027,05/01/2025,3,20,credit card,Cancelled,217.22
TXN003767,CUST0131,PROD0043,2024-03-08,4,30,Cash, SHIPPED ,447.86
TXN003768,CUST0182,PROD0066,2024-07-22,6,20,Cash,Cancelled,442.32
TXN003769,CUST0403,PROD0038,2025-07-29,2,25,Cash, SHIPPED ,108.27
TXN003770,CUST0323,PROD0021,2025-03-02,2,30,upi,Returned,90.15
TXN003771,CUST0266,PROD0041,2024-09-03,1,40, PayPal,delivered,163.06
TXN003772,CUST0003,PROD0066,2025-09-15,2,10,upi,Cancelled,165.87
TXN003773,CUST0337,PROD0084,14/09/2024,2,30,credit card,Delivered,236.99
TXN003774,CUST0183,PROD0004,11-08-2024,1,25,Credit Card,Processing,36.83
TXN003775,CUST0273,PROD0035,2025-02-14,2,0,Credit Card,Pending,623.46
TXN003776,CUST0101,PROD0036,2024-06-25,2,60,Credit Card,Pending,168.93
TXN003777,CUST0229,PROD0030,2025-05-16,5,25,Bank Transfer,delivered,227.89
TXN003778,CUST0342,PROD0081,2025-12-03,2,50,Credit Card,Shipped,62.36
TXN003779,CUST0216,PROD0018,2024-12-09,3,5,credit card,Delivered,337.38
TXN003780,CUST0347,PROD0017,06/12/2025,6,0,Bank Transfer,delivered,642.78
TXN003781,CUST0012,PROD0085,2024-07-08,1,20,UPI,delivered,23.29
TXN003782,CUST0117,PROD0009,2024-05-22,5,20,UPI,Cancelled,757.08
TXN003783,CUST0385,PROD0063,2025-09-27,2,500,Debit Card,Shipped,839.46
TXN003784,CUST0073,PROD0031,2025/11/03,5,0,Bank Transfer,Processing,233.7
TXN003785,CUST0206,PROD0046,2024-07-08,3,10,Cash, SHIPPED ,497.93
TXN003786,CUST0431,PROD0087,2025-01-24,6,25,Debit Card,Delivered,331.29
TXN003787,CUST0269,PROD0047,22/05/2025,5,15,Cash,delivered,213.86
TXN003788,CUST0179,PROD0038,2024-12-16,3,30,Credit Card,Shipped,151.58
TXN003789,CUST0300,PROD0030,2024-11-27,1,40,Bank Transfer,delivered,36.46
TXN003790,CUST0425,PROD0046,2024-11-16,2,40,Credit Card, SHIPPED ,221.3
TXN003791,CUST0070,PROD0061,07-09-2024,1,30, PayPal,Cancelled,130.32
TXN003792,CUST0127,PROD0057,2024-09-13,1,10,Debit Card,delivered,412.31
TXN003793,CUST0426,PROD0061,2025-01-18,6,10,upi,Returned,1005.32
TXN003794,CUST0453,PROD0013,26/06/2024,1,50,Bank Transfer,Shipped,43.38
TXN003795,CUST0262,PROD0084,2025/03/28,2,0,Credit Card, SHIPPED ,338.56
TXN003796,CUST0293,PROD0030,2024-03-26,4,15,Credit Card,Cancelled,206.62
TXN003797,CUST0473,PROD0080,2025-09-04,1,30, PayPal,Delivered,130.92
TXN003798,CUST0160,PROD0043,2024-02-03,-3,60,Cash,Processing,191.94
TXN003799,CUST0470,PROD0017,2025-11-24,6,30, PayPal,Cancelled,449.95
TXN003800,CUST0347,PROD0013,2024-06-26,3,15,Cash,Delivered,221.24
TXN003801,CUST0158,PROD0065,18/12/2024,6,20,PayPal,Delivered,148.7
TXN003802,CUST0075,PROD0048,2025-09-14,4,20,credit card,Delivered,931.84
TXN003803,CUST0440,PROD0087,2024-05-28,2,15,Debit Card,Cancelled,125.15
TXN003804,CUST0131,PROD0017,2025-04-27,3,40,upi,Pending,192.83
TXN003805,CUST0095,PROD0078,2025-09-16,1,25,Bank Transfer,Delivered,50.84
TXN003806,CUST0384,PROD0037,2025/10/05,2,-10,Cash,Cancelled,58.62
TXN003807,CUST0332,PROD0039,2024-09-11,5,25,UPI,Shipped,210.56
TXN003808,CUST0454,PROD0005,03/12/2025,2,60, PayPal,Pending,49.9
TXN003809,CUST0061,PROD0087,2025-10-19,3,0,upi,Processing,220.86
TXN003810,CUST0350,PROD0075,2024-04-27,4,60,PayPal,,65.04
TXN003811,CUST0463,PROD0044,2024-03-06,2,10,Cash,Shipped,186.21
TXN003812,CUST0432,PROD0055,2024-05-24,5,5,Credit Card,Pending,4989.4
TXN003813,CUST0118,PROD0080,2024-06-08,1,60,Cash,Cancelled,74.81
TXN003814,CUST0204,PROD0073,2024-03-18,4,15, PayPal, SHIPPED ,372.95
TXN003815,CUST0399,PROD0062,26/04/2024,3,10,Cash,Pending,67.99
TXN003816,CUST0250,PROD0001,2025-03-28,3,25,Debit Card,delivered,396.16
TXN003817,CUST0443,PROD0026,2024/02/27,3,25,Credit Card,Delivered,159.48
TXN003818,CUST0415,PROD0023,2024-01-07,6,30,Cash,Cancelled,2221.88
TXN003819,CUST0287,PROD0064,2025-07-22,1,15,Bank Transfer,delivered,45.87
TXN003820,CUST0451,PROD0008,2024-06-23,3,50,upi,Pending,NaN
TXN003821,CUST0390,PROD0051,2024-02-18,6,0,Bank Transfer,Delivered,673.68
TXN003822,CUST0310,PROD0100,29/07/2024,4,40,credit card,Returned,266.9
TXN003823,CUST0321,PROD0009,2025-07-03,6,10,UPI, SHIPPED ,1022.06
TXN003824,CUST0278,PROD0065,2024-04-08,1,15,Cash,Processing,26.33
TXN003825,CUST0229,PROD0023,03-14-2024,3,5,UPI,Cancelled,1507.71
TXN003826,CUST0144,PROD0049,2024-03-02,5,20,PayPal,Processing,519.12
TXN003827,CUST0002,PROD0013,2024-08-28,6,50,PayPal,delivered,260.28
TXN003828,CUST0408,PROD0031,2024/06/26,5,15,Debit Card, SHIPPED ,198.65
TXN003829,CUST0268,PROD0016,14/10/2025,2,30,Credit Card,Cancelled,55.68
TXN003830,CUST0276,PROD0073,2025-11-23,6,5, PayPal,Cancelled,625.23
TXN003831,CUST0378,PROD0049,2025-09-06,4,50,Bank Transfer,Pending,259.56
TXN003832,CUST0220,PROD0062,2024-07-07,1,0,credit card,Processing,25.18
TXN003833,CUST0042,PROD0033,2025-12-16,1,0, PayPal,Delivered,125.87
TXN003834,CUST0234,PROD0015,2025-03-20,3,50,credit card,Delivered,100.16
TXN003835,CUST0407,PROD0084,2025-11-18,5,25,Debit Card,Processing,634.8
TXN003836,CUST0111,PROD0059,07/01/2024,3,5,Debit Card,Shipped,154.53
TXN003837,CUST0319,PROD0034,2025-10-20,3,20,credit card, SHIPPED ,358.94
TXN003838,CUST0311,PROD0061,2024-05-25,,25,credit card, SHIPPED ,558.51
TXN003839,CUST0422,PROD0015,2025/09/06,4,30, PayPal,Shipped,186.96
TXN003840,CUST0121,PROD0057,2025-04-01,6,5,Cash, SHIPPED ,2611.28
TXN003841,CUST0385,PROD0019,2025-03-11,5,25,upi,Shipped,116.74
TXN003842,CUST0069,PROD0095,02-15-2025,4,50,,Delivered,320.88
TXN003843,CUST0191,PROD0047,21/05/2025,4,5,UPI,Pending,191.22
TXN003844,CUST0383,PROD0037,2024-02-17,6,10,UPI,Returned,166.59
TXN003845,CUST0342,PROD0049,2024-03-11,3,30,upi,Processing,272.54
TXN003846,CUST0254,PROD0055,2024-07-28,2,0,Bank Transfer,Shipped,2100.8
TXN003847,CUST0037,PROD0059,2025-03-02,6,20,PayPal,Shipped,260.26
TXN003848,CUST0192,PROD0024,2024-10-29,2,5,upi, SHIPPED ,192.36
TXN003849,CUST0107,PROD0054,2024-09-25,1,20,upi,delivered,155.33
TXN003850,CUST0194,PROD0069,01/08/2025,5,50, PayPal,Delivered,139.47
TXN003851,CUST0111,PROD0049,2025-07-18,2,0,Credit Card,Returned,259.56
TXN003852,CUST0278,PROD0029,2025-05-13,5,15,upi,Cancelled,619.01
TXN003853,CUST0354,PROD0011,2024-12-18,2,10,Debit Card,Processing,145.37
TXN003854,CUST0248,PROD0008,2025-01-27,5,15,Bank Transfer,Shipped,416.12
TXN003855,CUST0023,PROD0034,2024-02-21,6,10,Debit Card,Shipped,807.62
TXN003856,CUST0279,PROD0058,2024-06-23,5,10,Bank Transfer,Pending,142.38
TXN003857,CUST0064,PROD0067,16/07/2024,1,50,Debit Card,Pending,
TXN003858,CUST0357,PROD0075,2025-02-14,1,40,credit card,Pending,24.39
TXN003859,CUST0270,PROD0079,06-17-2025,3,60, PayPal,Returned,996.59
TXN003860,CUST0298,PROD0079,2025-04-04,5,0,credit card,Processing,4152.45
TXN003861,CUST0477,PROD0018,2024/04/19,1,5,Bank Transfer, SHIPPED ,112.46
TXN003862,CUST0405,PROD0043,2025-03-03,5,5,Cash,Shipped,759.76
TXN003863,CUST0482,PROD0002,2025-03-19,4,15,credit card, SHIPPED ,249.36
TXN003864,CUST0442,PROD0032,06/04/2024,2,5,PayPal,Pending,228.11
TXN003865,CUST0490,PROD0047,2024-12-26,2,30,Debit Card, SHIPPED ,70.45
TXN003866,CUST0306,PROD0040,2025-09-15,2,40,Cash,Shipped,66.17
TXN003867,CUST0046,PROD0074,2024-08-04,6,60,Credit Card, SHIPPED ,777.46
TXN003868,CUST0272,PROD0022,2025-12-15,1,15,Credit Card,Pending,152.77
TXN003869,CUST0040,PROD0055,2025-05-20,2,10,Debit Card, SHIPPED ,1890.72
TXN003870,CUST0114,PROD0089,2024-07-18,1,15,Debit Card,Pending,14.09
TXN003871,CUST0315,PROD0068,03/12/2024,5,0,Credit Card,Returned,263.7
TXN003872,CUST0353,PROD0078,2024/02/27,4,10,credit card,Returned,244.01
TXN003873,CUST0191,PROD0067,2024-12-06,2,25,upi,Cancelled,
TXN003874,CUST0349,PROD0077,2025-08-23,NaN,10, PayPal,Returned,30.69
TXN003875,CUST0376,PROD0028,2025-09-10,2,10,credit card,delivered,1611.2
TXN003876,CUST0055,PROD0057,10-05-2024,5,10,credit card,Shipped,2061.54
TXN003877,CUST0323,PROD0095,2024-09-17,4,10,Debit Card,Processing,577.58
TXN003878,CUST0362,PROD0025,19/02/2025,1,50,upi,Cancelled,394.74
TXN003879,CUST0293,PROD0077,2024-09-24,3,5,UPI,Returned,97.19
TXN003880,CUST0163,PROD0030,2024-04-06,4,500,Credit Card,Cancelled,206.62
TXN003881,CUST0005,PROD0099,2025-04-26,4,50,credit card,Delivered,77.4
TXN003882,CUST0334,PROD0076,2025-03-14,6,20,credit card,Pending,140.64
TXN003883,CUST0070,PROD0081,2024/10/11,1,50,PayPal,Shipped,31.18
TXN003884,CUST0236,PROD0062,2025-10-13,3,5,upi, SHIPPED ,71.76
TXN003885,CUST0261,PROD0009,09/03/2024,2,60, PayPal,Cancelled,151.42
TXN003886,CUST0479,PROD0055,2025-04-08,4,10,Debit Card,Pending,3781.44
TXN003887,CUST0337,PROD0029,2025-12-24,1,10,Bank Transfer,Processing,131.09
TXN003888,CUST0334,PROD0022,2025-10-23,6,20,Debit Card,Cancelled,862.7
TXN003889,CUST0416,PROD0008,2025-02-25,2,10,UPI, SHIPPED ,176.24
TXN003890,CUST0161,PROD0040,2024-01-15,5,5,Bank Transfer,Returned,261.91
TXN003891,CUST0138,PROD0022,2024-10-30,3,10,Credit Card,Processing,485.27
TXN003892,CUST0355,PROD0036,07/09/2024,1,60,Bank Transfer,Pending,
TXN003893,CUST0211,PROD0045,12-19-2025,1,50,upi,Shipped,87.86
TXN003894,CUST0173,PROD0054,2024/10/07,5,60,Bank Transfer,Shipped,388.32
TXN003895,CUST0159,PROD0064,2024-12-25,5,50,Debit Card,Cancelled,134.9
TXN003896,CUST0240,PROD0005,2024-11-23,6,10,Bank Transfer,delivered,336.8
TXN003897,CUST0048,PROD0088,2025-10-10,1,50,PayPal, SHIPPED ,180.59
TXN003898,CUST0441,PROD0010,2025-11-14,1,15,credit card, SHIPPED ,89.39
TXN003899,CUST0164,PROD0079,30/09/2024,6,60,PayPal,Delivered,1993.18
TXN003900,CUST0325,PROD0023,2024-09-04,4,30,upi, SHIPPED ,1481.26
TXN003901,CUST0308,PROD0023,2024-06-20,3,15,UPI, SHIPPED ,1349.0
TXN003902,CUST0048,PROD0073,2024-09-13,1,50,UPI,Delivered,54.84
TXN003903,CUST0428,PROD0080,2024-08-24,2,20,PayPal,Returned,299.25
TXN003904,CUST0002,PROD0049,2025-03-10,2,50,UPI,Returned,129.78
TXN003905,CUST0210,PROD0025,2024/07/25,6,50,Cash,Cancelled,2368.41
TXN003906,CUST0488,PROD0031,20/09/2024,4,25,Debit Card, SHIPPED ,140.22
TXN003907,CUST0224,PROD0079,2024-09-17,1,50,upi,delivered,415.25
TXN003908,CUST0416,PROD0037,2024-06-28,2,50,PayPal, SHIPPED ,30.85
TXN003909,CUST0484,PROD0080,2024-05-16,3,25,Credit Card,Pending,420.82
TXN003910,CUST0138,PROD0027,12-14-2024,5,25,PayPal,delivered,339.41
TXN003911,CUST0312,PROD0035,2025-05-06,1,15,upi, SHIPPED ,264.97
TXN003912,CUST0146,PROD0042,2024-08-02,5,5, PayPal, SHIPPED ,247.28
TXN003913,CUST0169,PROD0006,21/09/2024,1,50,Cash,Cancelled,120.64
TXN003914,CUST0003,PROD0005,2025-08-29,3,20,PayPal,Pending,149.69
TXN003915,CUST0109,PROD0036,2024-10-18,6,60,upi, SHIPPED ,506.78
TXN003916,CUST0265,PROD0056,2025/03/16,5,50,Bank Transfer,Pending,1170.45
TXN003917,CUST0009,PROD0053,2025-12-18,4,0,upi,Delivered,176.76
TXN003918,CUST0044,PROD0034,2025-09-28,1,5,Credit Card,Cancelled,142.08
TXN003919,CUST0409,PROD0068,2024-09-23,4,5,credit card, SHIPPED ,200.41
TXN003920,CUST0246,PROD0046,04/03/2025,6,25,Credit Card,delivered,829.89
TXN003921,CUST0040,PROD0070,2025-06-01,1,5,upi,Pending,68.74
TXN003922,CUST0340,PROD0038,2024-09-24,6,10,UPI,Returned,389.77
TXN003923,CUST0356,PROD0027,2025-01-11,6,30,Cash,delivered,380.14
TXN003924,CUST0010,PROD0036,2024-11-27,6,25,upi, SHIPPED ,950.22
TXN003925,CUST0439,PROD0091,2025-08-13,4,25,Bank Transfer,Delivered,1919.52
TXN003926,CUST0070,PROD0092,2024-09-27,5,30,Debit Card,Pending,788.02
TXN003927,CUST0426,PROD0090,03/07/2025,2,25, PayPal,Shipped,221.02
TXN003928,CUST0154,PROD0005,2024-05-13,1,15,Cash,delivered,53.01
TXN003929,CUST0447,PROD0091,2025-05-17,6,10,upi,Returned,3455.14
TXN003930,CUST0264,PROD0010,2025-10-06,2,50,Bank Transfer,Cancelled,105.16
TXN003931,CUST0389,PROD0096,2025-02-20,1,30,UPI,delivered,13.36
TXN003932,CUST0263,PROD0045,2024-08-14,6,5,Credit Card,Shipped,1001.6
TXN003933,CUST0436,PROD0098,2024-05-24,5,60,upi,delivered,503.6
TXN003934,CUST0044,PROD0079,26/10/2025,1,20,Cash,delivered,664.39
TXN003935,CUST0076,PROD0091,2025-05-16,3,50,upi,Pending,959.76
TXN003936,CUST0025,PROD0028,2025-01-31,4,10,Credit Card,Cancelled,3222.4
TXN003937,CUST0383,PROD0055,2024-08-08,3,20,UPI,,2520.96
TXN003938,CUST0207,PROD0066,2025/09/04,6,15,UPI,Shipped,469.97
TXN003939,CUST0276,PROD0010,2025-11-21,,15,credit card,Pending,178.77
TXN003940,CUST0348,PROD0054,2024-03-31,6,0, PayPal,Cancelled,1164.96
TXN003941,CUST0430,PROD0016,02/04/2025,3,25, PayPal,Pending,89.48
TXN003942,CUST0454,PROD0055,2024-06-26,4,10,upi,Cancelled,3781.44
TXN003943,CUST0483,PROD0051,2025-03-31,3,0,Cash,Pending,336.84
TXN003944,CUST0417,PROD0064,09-28-2024,3,60,Bank Transfer,Returned,64.75
TXN003945,CUST0333,PROD0031,2024-10-19,6,25,PayPal,delivered,210.33
TXN003946,CUST0435,PROD0025,2025-04-01,4,20,Credit Card,Cancelled,2526.3
TXN003947,CUST0244,PROD0050,2025-04-21,5,40,Bank Transfer,Delivered,70.59
TXN003948,CUST0136,PROD0020,24/01/2024,4,40,credit card,Shipped,217.78
TXN003949,CUST0158,PROD0077,2025/03/31,2,20,Debit Card,Shipped,54.56
TXN003950,CUST0163,PROD0097,2025-04-27,6,15,Credit Card,Delivered,187.02
TXN003951,CUST0404,PROD0005,2025-10-20,1,60,Bank Transfer,Delivered,24.95
TXN003952,CUST0408,PROD0053,2025-01-16,3,50,PayPal,Cancelled,66.28
TXN003953,CUST0382,PROD0038,2024-09-26,2,50,credit card, SHIPPED ,72.18
TXN003954,CUST0188,PROD0032,2024-12-16,2,10,upi, SHIPPED ,216.11
TXN003955,CUST0017,PROD0081,30/11/2025,1,0,,Pending,62.36
TXN003956,CUST0015,PROD0074,2024-03-21,1,15,Bank Transfer,delivered,275.35
TXN003957,CUST0423,PROD0054,2024-03-20,5,60,Cash, SHIPPED ,388.32
TXN003958,CUST0427,PROD0041,2024-03-23,5,5,credit card,Cancelled,1802.44
TXN003959,CUST0230,PROD0036,2025-02-15,1,20,Bank Transfer,Pending,168.93
TXN003960,CUST0230,PROD0055,2024/04/05,6,30,Cash,Pending,4411.68
TXN003961,CUST0343,PROD0001,10-14-2024,4,60,upi, SHIPPED ,281.71
TXN003962,CUST0344,PROD0084,27/01/2025,2,60,Credit Card,delivered,135.42
TXN003963,CUST0365,PROD0018,2025-01-12,3,60,credit card,Delivered,142.06
TXN003964,CUST0270,PROD0083,2025-09-25,3,10,UPI,Cancelled,-134.97
TXN003965,CUST0002,PROD0094,2024-07-03,6,10, PayPal, SHIPPED ,556.52
TXN003966,CUST0466,PROD0037,2024-01-18,3,40,UPI, SHIPPED ,55.53
TXN003967,CUST0090,PROD0020,2024-03-09,1,25,Debit Card,Cancelled,68.05
TXN003968,CUST0449,PROD0012,2025-06-28,4,0,Bank Transfer,Pending,306.36
TXN003969,CUST0158,PROD0058,06/09/2024,5,60,Debit Card,Returned,63.28
TXN003970,CUST0233,PROD0094,2025-05-27,2,20, PayPal,Returned,164.9
TXN003971,CUST0443,PROD0039,2024/05/11,2,25,Bank Transfer,Returned,84.22
TXN003972,CUST0053,PROD0003,2025-11-19,6,15,Cash,Pending,184.16
TXN003973,CUST0331,PROD0029,2024-12-31,5,30,upi,Returned,509.77
TXN003974,CUST0474,PROD0064,2025-05-05,1,15,Debit Card,Cancelled,45.87
TXN003975,CUST0471,PROD0047,2024-03-19,6,15,Credit Card,Processing,256.63
TXN003976,CUST0182,PROD0066,17/01/2025,3,30,credit card,Shipped,193.52
TXN003977,CUST0179,PROD0027,2025-09-28,5,500,PayPal,Shipped,339.41
TXN003978,CUST0251,PROD0071,09-08-2025,3,60,Credit Card,Returned,993.71
TXN003979,CUST0362,PROD0087,2024-03-18,5,-10,credit card,delivered,257.67
TXN003980,CUST0414,PROD0067,2024-04-23,4,25,PayPal,Cancelled,
TXN003981,CUST0276,PROD0027,2024-04-09,2,20,Cash,Shipped,144.82
TXN003982,CUST0281,PROD0092,2024/02/12,1,15,Cash,Shipped,191.38
TXN003983,CUST0420,PROD0034,29/01/2025,3,10,PayPal,Returned,403.81
TXN003984,CUST0469,PROD0021,2024-04-15,5,25, PayPal,Cancelled,241.46
TXN003985,CUST0391,PROD0007,2025-08-24,1,10,Debit Card,delivered,205.17
TXN003986,CUST0080,PROD0061,2024-07-16,1,5,Bank Transfer, SHIPPED ,176.86
TXN003987,CUST0046,PROD0026,2024-09-12,3,25,credit card,Cancelled,159.48
TXN003988,CUST0435,PROD0007,2024-03-05,2,0,UPI,Delivered,455.94
TXN003989,CUST0414,PROD0040,2024-10-30,4,40,Cash,Shipped,132.34
TXN003990,CUST0344,PROD0092,12/04/2024,5,30,credit card,Returned,788.02
TXN003991,CUST0340,PROD0099,2024-11-16,4,30,upi,Cancelled,108.36
TXN003992,CUST0384,PROD0040,2024-11-29,1,50,PayPal,Shipped,27.57
TXN003993,CUST0073,PROD0053,2025/09/20,3,25,PayPal,Delivered,99.43
TXN003994,CUST0214,PROD0040,2025-12-01,5,5,Credit Card, SHIPPED ,261.91
TXN003995,CUST0498,PROD0014,12-12-2025,4,30,Debit Card,Delivered,48.92
TXN003996,CUST0031,PROD0097,2025-12-20,5,10,PayPal,Returned,165.02
TXN003997,CUST0069,PROD0095,06/05/2024,5,10,upi,Processing,721.98
TXN003998,CUST0078,PROD0088,2024-03-26,4,25,upi,Processing,1083.57
TXN003999,CUST0333,PROD0049,2025-09-25,4,10,Credit Card,Cancelled,467.21
TXN004000,CUST0324,PROD0035,2025-05-23,6,5,Credit Card,Delivered,1776.86
TXN004001,CUST0177,PROD0073,2024-08-23,6,25, PayPal,Processing,493.61
TXN004002,CUST0390,PROD0017,2025-07-18,4,0,UPI,Processing,428.52
TXN004003,CUST0075,PROD0004,2024-02-17,6,40,Bank Transfer,delivered,176.76
TXN004004,CUST0316,PROD0064,11/05/2024,2,50, PayPal,Shipped,53.96
TXN004005,CUST0075,PROD0079,2024-12-24,3,25,PayPal,Delivered,1868.6
TXN004006,CUST0170,PROD0087,2025-06-08,1,10,Cash, SHIPPED ,66.26
TXN004007,CUST0009,PROD0049,2024-02-14,5,0,PayPal,Processing,648.9
TXN004008,CUST0135,PROD0002,2025-03-04,3,40,Bank Transfer,Pending,132.01
TXN004009,CUST0489,PROD0052,2025-12-10,-3,0,Credit Card,Returned,51.03
TXN004010,CUST0446,PROD0011,2025-10-11,6,60,Cash,delivered,193.82
TXN004011,CUST0224,PROD0051,05/12/2025,2,0,Debit Card, SHIPPED ,NaN
TXN004012,CUST0169,PROD0081,12-28-2024,2,15,Cash,Pending,106.01
TXN004013,CUST0272,PROD0066,2025-06-06,6,30,credit card, SHIPPED ,387.03
TXN004014,CUST0357,PROD0079,2025-09-30,1,15,upi,Delivered,705.92
TXN004015,CUST0214,PROD0083,2024/05/11,5,0,Debit Card,Shipped,-249.95
TXN004016,CUST0410,PROD0094,2024-07-17,4,0,Bank Transfer,Pending,412.24
TXN004017,CUST0426,PROD0076,2024-10-10,4,5,Credit Card,Cancelled,111.34
TXN004018,CUST0261,PROD0003,31/07/2024,1,20,Cash,delivered,28.89
TXN004019,CUST0374,PROD0032,2025-07-27,6,60,Bank Transfer,Returned,288.14
TXN004020,CUST0038,PROD0076,2025-12-29,3,40,Credit Card,delivered,52.74
TXN004021,CUST0120,PROD0040,2025-03-27,5,15,credit card,Shipped,234.34
TXN004022,CUST0491,PROD0095,2025-02-22,2,0,credit card,Cancelled,320.88
TXN004023,CUST0065,PROD0085,2025-02-07,NaN,50,Bank Transfer, SHIPPED ,14.55
TXN004024,CUST0418,PROD0081,2025-06-25,4,25,upi,Processing,187.08
TXN004025,CUST0304,PROD0022,11/01/2025,6,50,PayPal,Processing,539.19
TXN004026,CUST0270,PROD0022,2025/07/03,1,50,UPI,Processing,89.86
TXN004027,CUST0126,PROD0048,2024-08-02,4,50,Cash,delivered,582.4
TXN004028,CUST0219,PROD0069,2024-11-01,4,40,upi,Pending,133.9
TXN004029,CUST0258,PROD0003,09-17-2025,3,25,Cash,Cancelled,81.25
TXN004030,CUST0246,PROD0035,2024-10-14,3,60, PayPal,delivered,374.08
TXN004031,CUST0076,PROD0011,2024-08-24,6,15,Debit Card,Pending,
TXN004032,CUST0166,PROD0045,01/12/2025,3,60,PayPal,Pending,210.86
TXN004033,CUST0141,PROD0069,2025-12-26,3,5,Debit Card,Returned,159.0
TXN004034,CUST0498,PROD0068,2025-01-30,2,30, PayPal,delivered,73.84
TXN004035,CUST0390,PROD0016,2025-10-29,5,60, PayPal, SHIPPED ,79.54
TXN004036,CUST0132,PROD0043,2024-08-17,5,30,credit card,delivered,559.82
TXN004037,CUST0037,PROD0099,2025/01/01,4,20,Debit Card, SHIPPED ,123.84
TXN004038,CUST0226,PROD0068,2025-09-05,2,0,Credit Card,Cancelled,105.48
TXN004039,CUST0180,PROD0095,31/05/2025,1,5,upi,Cancelled,152.42
TXN004040,CUST0429,PROD0005,2024-03-28,,60, PayPal,Processing,74.84
TXN004041,CUST0089,PROD0036,2024-05-28,5,20,Cash,Cancelled,844.64
TXN004042,CUST0157,PROD0099,2025-11-09,2,40,upi, SHIPPED ,46.44
TXN004043,CUST0284,PROD0007,2025-08-04,5,20,upi,Delivered,911.88
TXN004044,CUST0489,PROD0011,2025-10-10,1,20,Credit Card,Cancelled,64.61
TXN004045,CUST0101,PROD0039,2025-07-20,1,25,UPI,Pending,42.11
TXN004046,CUST0383,PROD0031,18/01/2025,4,30, PayPal,Shipped,130.87
TXN004047,CUST0476,PROD0045,2024-11-30,3,30,Credit Card,delivered,369.01
TXN004048,CUST0126,PROD0075,2024/06/06,1,60,upi,Pending,16.26
TXN004049,CUST0439,PROD0035,2025-02-16,6,10, PayPal,Processing,1683.34
TXN004050,CUST0025,PROD0081,2024-12-06,2,30,Bank Transfer,Shipped,87.3
TXN004051,CUST0055,PROD0077,2025-12-08,6,50,credit card, SHIPPED ,102.3
TXN004052,CUST0228,PROD0095,2025-10-03,2,50,credit card,Delivered,160.44
TXN004053,CUST0088,PROD0011,31/12/2024,6,15,Cash,Cancelled,411.88
TXN004054,CUST0441,PROD0003,2025-11-20,4,25,credit card,Processing,108.33
TXN004055,CUST0046,PROD0021,2025-01-30,4,20,UPI,delivered,206.05
TXN004056,CUST0204,PROD0062,2025-10-18,3,20,upi,Delivered,60.43
TXN004057,CUST0229,PROD0072,2025-09-16,4,25,Debit Card,Shipped,575.01
TXN004058,CUST0311,PROD0065,2024-03-07,4,25,credit card,Shipped,92.94
TXN004059,CUST0079,PROD0074,2025/11/24,3,20,Debit Card,Returned,777.46
TXN004060,CUST0310,PROD0100,18/06/2024,2,5,upi,Returned,211.3
TXN004061,CUST0318,PROD0070,2024-07-01,6,15,Cash,delivered,369.04
TXN004062,CUST0340,PROD0074,2025-05-02,4,40,upi,delivered,777.46
TXN004063,CUST0195,PROD0100,11-22-2024,1,40,Credit Card,delivered,66.73
TXN004064,CUST0167,PROD0039,2025-09-19,6,15,Bank Transfer,,286.36
TXN004065,CUST0393,PROD0056,2025-07-03,6,40,Debit Card,delivered,1685.45
TXN004066,CUST0441,PROD0053,2025-07-31,2,0,Bank Transfer,Delivered,88.38
TXN004067,CUST0250,PROD0052,11/12/2025,3,5,credit card,Cancelled,48.48
TXN004068,CUST0185,PROD0076,2025-04-19,1,0,,Shipped,29.3
TXN004069,CUST0064,PROD0043,2025-10-20,4,40,UPI,Returned,383.88
TXN004070,CUST0315,PROD0034,2024/09/03,1,20,Cash,Pending,119.65
TXN004071,CUST0069,PROD0023,2024-12-26,4,50,credit card, SHIPPED ,1058.04
TXN004072,CUST0131,PROD0014,2024-08-16,3,40,Bank Transfer,Shipped,31.45
TXN004073,CUST0202,PROD0069,2024-12-02,3,40,UPI,delivered,100.42
TXN004074,CUST0078,PROD0031,28/05/2024,3,500,credit card,Delivered,105.16
TXN004075,CUST0428,PROD0100,2025-11-21,5,25, PayPal,Returned,417.04
TXN004076,CUST0427,PROD0063,2025-01-05,1,30,upi,Delivered,309.27
TXN004077,CUST0080,PROD0068,2024-09-25,6,5,UPI, SHIPPED ,300.62
TXN004078,CUST0086,PROD0031,2024-08-06,6,20, PayPal,Delivered,224.35
TXN004079,CUST0154,PROD0003,2025-04-21,3,30, PayPal,Shipped,75.83
TXN004080,CUST0131,PROD0094,05-19-2025,5,40,UPI,Returned,309.18
TXN004081,CUST0064,PROD0072,23/12/2024,3,60,credit card,Delivered,230.0
TXN004082,CUST0266,PROD0092,2024-08-09,3,25,upi,Delivered,506.59
TXN004083,CUST0063,PROD0060,2024-01-27,5,30,Debit Card,Delivered,874.68
TXN004084,CUST0040,PROD0059,2024-12-22,6,0,Credit Card,Shipped,325.32
TXN004085,CUST0225,PROD0096,2024-02-06,4,60,Bank Transfer,Delivered,30.54
TXN004086,CUST0251,PROD0070,2025-03-18,5,10,Cash,delivered,325.62
TXN004087,CUST0161,PROD0088,2024-04-10,6,10,Debit Card,delivered,1950.43
TXN004088,CUST0297,PROD0100,30/08/2024,5,60,upi,Pending,222.42
TXN004089,CUST0206,PROD0087,2024-09-12,2,30, PayPal,Cancelled,103.07
TXN004090,CUST0189,PROD0087,2024-12-30,5,60,upi,Delivered,147.24
TXN004091,CUST0251,PROD0008,2025-04-10,2,50,Cash,Cancelled,97.91
TXN004092,CUST0139,PROD0100,2024/03/28,2,25,Debit Card,Cancelled,166.81
TXN004093,CUST0314,PROD0001,2024-03-17,2,0, PayPal,Returned,352.14
TXN004094,CUST0085,PROD0064,2025-10-12,5,15,upi, SHIPPED ,229.33
TXN004095,CUST0436,PROD0087,18/08/2024,4,60,upi,Pending,117.79
TXN004096,CUST0394,PROD0009,2025-12-12,5,0,UPI,Delivered,946.35
TXN004097,CUST0341,PROD0007,04-12-2025,6,15,credit card, SHIPPED ,1162.65
TXN004098,CUST0432,PROD0047,2025-07-28,4,0,Cash,Processing,201.28
TXN004099,CUST0499,PROD0044,2024-07-04,4,15, PayPal,Returned,351.73
TXN004100,CUST0363,PROD0100,2024-03-10,5,50,upi, SHIPPED ,278.02
TXN004101,CUST0481,PROD0075,2024-04-16,2,10,UPI,Processing,73.17
TXN004102,CUST0039,PROD0034,03/10/2025,2,25,PayPal, SHIPPED ,224.34
TXN004103,CUST0043,PROD0014,2025/08/22,6,50,PayPal,delivered,52.41
TXN004104,CUST0415,PROD0080,2024-11-09,3,40,Bank Transfer,Returned,336.65
TXN004105,CUST0194,PROD0048,2025-12-17,2,25,credit card,Returned,436.8
TXN004106,CUST0147,PROD0010,2024-04-22,1,50,credit card,Shipped,52.58
TXN004107,CUST0110,PROD0049,2025-04-05,5,0,credit card,Processing,648.9
TXN004108,CUST0030,PROD0027,2025-07-19,6,50,Debit Card,Cancelled,271.53
TXN004109,CUST0228,PROD0093,15/03/2025,3,5,Cash,Returned,909.75
TXN004110,CUST0442,PROD0064,2024-03-23,4,10,PayPal,Delivered,194.26
TXN004111,CUST0485,PROD0010,2024-09-24,5,15,UPI,Cancelled,446.93
TXN004112,CUST0166,PROD0035,2024-03-02,1,10, PayPal,Processing,280.56
TXN004113,CUST0278,PROD0027,2025-02-02,2,0,Cash,Pending,181.02
TXN004114,CUST0450,PROD0100,2025/02/08,4,40,Credit Card,Delivered,266.9
TXN004115,CUST0216,PROD0085,2025-11-11,4,5,Cash,Cancelled,110.62
TXN004116,CUST0398,PROD0060,21/01/2025,6,60,credit card,Delivered,599.78
TXN004117,CUST0248,PROD0054,2025-10-31,6,5,upi,Processing,1106.71
TXN004118,CUST0491,PROD0013,2025-05-25,1,20,Cash, SHIPPED ,69.41
TXN004119,CUST0288,PROD0007,2025-11-03,1,50,upi,Cancelled,113.98
TXN004120,CUST0023,PROD0029,2025-11-18,4,20,credit card, SHIPPED ,466.08
TXN004121,CUST0132,PROD0079,2025-03-15,3,5,Debit Card, SHIPPED ,2366.9
TXN004122,CUST0019,PROD0042,2025-12-02,5,0,upi,Returned,260.3
TXN004123,CUST0408,PROD0073,03/02/2024,6,40,Credit Card,Cancelled,394.88
TXN004124,CUST0153,PROD0017,2024-12-10,1,60, PayPal,Delivered,42.85
TXN004125,CUST0064,PROD0071,2024/03/11,3,50,Debit Card,Cancelled,1242.13
TXN004126,CUST0204,PROD0070,2024-05-25,4,40,Credit Card,Pending,173.66
TXN004127,CUST0142,PROD0023,2024-04-30,2,5,UPI, SHIPPED ,1005.14
TXN004128,CUST0374,PROD0018,2024-12-15,4,0,PayPal,Processing,473.52
TXN004129,CUST0058,PROD0055,2025-08-08,1,50,Cash,Pending,525.2
TXN004130,CUST0188,PROD0036,10/06/2025,2,60,UPI,Cancelled,168.93
TXN004131,CUST0396,PROD0048,07-12-2025,5,20,UPI,Shipped,1164.8
TXN004132,CUST0003,PROD0053,2025-01-05,2,25,Debit Card,Pending,66.28
TXN004133,CUST0160,PROD0044,2024-09-16,5,15,credit card,Shipped,439.66
TXN004134,CUST0014,PROD0021,2024-03-24,1,5,PayPal,Cancelled,61.17
TXN004135,CUST0097,PROD0012,2025-08-08,3,50, PayPal,Delivered,114.89
TXN004136,CUST0478,PROD0029,2024/12/13,4,5, PayPal,Pending,553.47
TXN004137,CUST0042,PROD0063,17/12/2025,2,0,credit card, SHIPPED ,883.64
TXN004138,CUST0257,PROD0058,2024-02-28,3,5,PayPal,Returned,90.17
TXN004139,CUST0466,PROD0090,2025-01-26,3,5,upi,Returned,419.95
TXN004140,CUST0277,PROD0030,2025-10-11,5,60,credit card,Cancelled,121.54
TXN004141,CUST0123,PROD0058,2025-01-29,,5,Cash,Pending,90.17
TXN004142,CUST0392,PROD0052,2025-04-13,6,30,Credit Card,Delivered,71.44
TXN004143,CUST0199,PROD0036,2024-08-17,3,60, PayPal,Cancelled,253.39
TXN004144,CUST0432,PROD0011,16/10/2025,2,0,UPI,Cancelled,161.52
TXN004145,CUST0091,PROD0034,2025-08-17,6,40,credit card,Pending,538.42
TXN004146,CUST0459,PROD0034,2024-12-14,1,20,Cash,Returned,119.65
TXN004147,CUST0460,PROD0069,2024/02/14,3,40,UPI,Shipped,100.42
TXN004148,CUST0278,PROD0012,12-18-2024,1,25,Bank Transfer,Processing,57.44
TXN004149,CUST0248,PROD0007,2025-04-10,5,25,Bank Transfer,Pending,854.89
TXN004150,CUST0212,PROD0016,2024-04-17,1,40, PayPal, SHIPPED ,23.86
TXN004151,CUST0158,PROD0058,05/01/2025,6,25,upi,delivered,142.38
TXN004152,CUST0237,PROD0020,2025-06-08,4,-10,PayPal, SHIPPED ,326.66
TXN004153,CUST0350,PROD0074,2024-08-03,5,25,Bank Transfer,Delivered,1214.78
TXN004154,CUST0389,PROD0027,2025-08-16,5,50,Bank Transfer, SHIPPED ,226.28
TXN004155,CUST0271,PROD0045,2025-03-02,4,30,PayPal, SHIPPED ,492.02
TXN004156,CUST0035,PROD0028,2025-06-15,4,50, PayPal,Delivered,1790.22
TXN004157,CUST0320,PROD0099,2025-03-29,4,40,credit card,Pending,92.88
TXN004158,CUST0021,PROD0097,31/10/2025,5,60,upi,Processing,73.34
TXN004159,CUST0193,PROD0029,2025-05-23,5,10, PayPal,Shipped,655.43
TXN004160,CUST0344,PROD0011,2024-02-26,2,25,Debit Card,Processing,121.14
TXN004161,CUST0284,PROD0077,2025-03-05,2,0,upi,Processing,68.2
TXN004162,CUST0148,PROD0026,2024-06-16,2,15,Credit Card,Processing,120.5
TXN004163,CUST0111,PROD0079,2025-08-26,3,20,upi,Delivered,1993.18
TXN004164,CUST0404,PROD0052,2025-12-26,4,60,Bank Transfer,Cancelled,27.22
TXN004165,CUST0349,PROD0001,12/02/2025,3,10,UPI,delivered,475.39
TXN004166,CUST0225,PROD0069,2025-02-05,2,60,Bank Transfer,Shipped,44.63
TXN004167,CUST0070,PROD0065,2024-12-17,4,0,Credit Card, SHIPPED ,123.92
TXN004168,CUST0442,PROD0034,2024-09-16,5,25,Bank Transfer,Pending,560.85
TXN004169,CUST0400,PROD0044,2024/09/08,1,60,Cash,Delivered,41.38
TXN004170,CUST0132,PROD0022,2025-01-05,3,10,Cash,Delivered,
TXN004171,CUST0166,PROD0032,2025-03-30,3,500,credit card,delivered,324.16
TXN004172,CUST0410,PROD0004,06/05/2025,NaN,50,Cash,Pending,98.2
TXN004173,CUST0279,PROD0051,2024-01-29,2,0,UPI,Processing,224.56
TXN004174,CUST0087,PROD0016,2024-09-12,4,0,Debit Card,delivered,159.08
TXN004175,CUST0287,PROD0052,2025-02-28,5,60,PayPal,Pending,34.02
TXN004176,CUST0290,PROD0068,2025-05-10,5,40,UPI,Shipped,158.22
TXN004177,CUST0129,PROD0021,2024-11-13,3,30,PayPal,Shipped,135.22
TXN004178,CUST0243,PROD0086,2025-08-14,3,20,Debit Card, SHIPPED ,2521.13
TXN004179,CUST0005,PROD0031,18/07/2024,5,50,Cash,Delivered,116.85
TXN004180,CUST0242,PROD0001,2024/01/20,1,0,PayPal,Pending,176.07
TXN004181,CUST0160,PROD0044,2025-12-02,2,0,,Processing,206.9
TXN004182,CUST0375,PROD0091,11-02-2025,1,40,credit card,Returned,383.9
TXN004183,CUST0188,PROD0035,2024-03-09,3,50, PayPal,Processing,467.6
TXN004184,CUST0338,PROD0090,2024-03-10,3,30,upi,Processing,309.43
TXN004185,CUST0448,PROD0060,2024-11-23,6,0,Debit Card,delivered,1499.46
TXN004186,CUST0088,PROD0052,28/11/2025,5,40,Bank Transfer,Returned,51.03
TXN004187,CUST0088,PROD0007,2024-08-23,4,0, PayPal,delivered,911.88
TXN004188,CUST0150,PROD0095,2025-07-09,2,0,credit card,Pending,320.88
TXN004189,CUST0073,PROD0031,2025-12-06,2,30,Cash,Delivered,65.44
TXN004190,CUST0219,PROD0007,2024-03-31,3,40,PayPal,Cancelled,410.35
TXN004191,CUST0069,PROD0052,2025/05/12,3,50,credit card,,25.52
TXN004192,CUST0318,PROD0082,2025-04-16,1,25,Credit Card,Shipped,218.58
TXN004193,CUST0255,PROD0078,09/05/2025,2,0,PayPal,delivered,135.56
TXN004194,CUST0038,PROD0074,2024-05-13,1,50,PayPal,delivered,161.97
TXN004195,CUST0065,PROD0031,2024-08-20,2,60, PayPal,Delivered,37.39
TXN004196,CUST0426,PROD0035,2025-08-12,2,40,credit card,Processing,374.08
TXN004197,CUST0304,PROD0014,2024-12-17,6,25,credit card,Shipped,78.61
TXN004198,CUST0040,PROD0055,2024-08-04,6,40,Debit Card,Returned,3781.44
TXN004199,CUST0308,PROD0022,01-20-2024,3,40,Bank Transfer,Shipped,323.51
TXN004200,CUST0406,PROD0040,06/07/2024,5,40,UPI, SHIPPED ,165.42
TXN004201,CUST0082,PROD0050,2024-05-13,5,5,Cash,Cancelled,111.77
TXN004202,CUST0355,PROD0009,2024/07/01,6,60, PayPal,Pending,NaN
TXN004203,CUST0121,PROD0098,2025-10-23,6,40, PayPal,Processing,906.48
TXN004204,CUST0452,PROD0097,2024-09-21,2,20,UPI,delivered,58.67
TXN004205,CUST0441,PROD0039,2025-09-29,5,40,PayPal, SHIPPED ,168.45
TXN004206,CUST0186,PROD0061,2024-04-22,4,20,UPI,Delivered,595.74
TXN004207,CUST0428,PROD0021,20/09/2025,1,15,Bank Transfer,Delivered,54.73
TXN004208,CUST0329,PROD0038,2024-05-08,4,60,upi,Delivered,115.49
TXN004209,CUST0321,PROD0004,2024-02-21,3,0,Debit Card, SHIPPED ,147.3
TXN004210,CUST0358,PROD0046,2025-05-09,4,30,PayPal,Returned,516.38
TXN004211,CUST0451,PROD0022,2025-02-19,6,10,PayPal,delivered,970.54
TXN004212,CUST0134,PROD0077,2024-06-06,2,30,UPI,Delivered,47.74
TXN004213,CUST0305,PROD0098,2024/03/27,3,0,Debit Card,delivered,755.4
TXN004214,CUST0076,PROD0060,04/09/2024,6,5, PayPal,Processing,1424.49
TXN004215,CUST0420,PROD0024,2025-02-09,1,20, PayPal,delivered,80.99
TXN004216,CUST0216,PROD0074,01-14-2024,6,5,Cash,Returned,1846.46
TXN004217,CUST0065,PROD0079,2024-08-16,3,60,Cash,Returned,996.59
TXN004218,CUST0230,PROD0040,2024-06-16,5,50,UPI,delivered,137.85
TXN004219,CUST0316,PROD0054,2025-12-01,6,40, PayPal,Shipped,698.98
TXN004220,CUST0181,PROD0032,2025-09-01,-3,10,upi,Processing,216.11
TXN004221,CUST0380,PROD0039,21/04/2025,2,30,credit card,Delivered,78.61
TXN004222,CUST0022,PROD0093,2024-07-26,5,60,Credit Card,Delivered,638.42
TXN004223,CUST0361,PROD0082,2024-02-26,3,40,upi,Shipped,783.07
TXN004224,CUST0331,PROD0040,2024/11/04,4,50, PayPal,Cancelled,110.28
TXN004225,CUST0432,PROD0095,2025-12-23,3,20,Credit Card,Returned,385.06
TXN004226,CUST0091,PROD0083,2024-09-11,4,60, PayPal,Processing,-79.98
TXN004227,CUST0371,PROD0091,2024-03-03,4,40,credit card,Returned,1535.62
TXN004228,CUST0485,PROD0074,18/08/2024,2,20,UPI, SHIPPED ,518.3
TXN004229,CUST0301,PROD0003,2024-10-10,2,60,PayPal,delivered,28.89
TXN004230,CUST0090,PROD0066,2025-04-25,6,15,credit card,Pending,469.97
TXN004231,CUST0102,PROD0032,2025-06-07,2,15,Credit Card,Pending,204.1
TXN004232,CUST0120,PROD0036,2024-12-14,6,15,Credit Card,Processing,1076.92
TXN004233,CUST0118,PROD0055,11-13-2024,2,10,Bank Transfer,Pending,1890.72
TXN004234,CUST0478,PROD0033,2024-01-23,5,50,credit card,Cancelled,314.68
TXN004235,CUST0366,PROD0059,10/06/2024,2,15,credit card,Delivered,92.17
TXN004236,CUST0166,PROD0010,2025-02-13,2,15,PayPal,delivered,178.77
TXN004237,CUST0050,PROD0004,2025-05-14,1,25,credit card,delivered,36.83
TXN004238,CUST0274,PROD0064,2024-02-25,3,0,Bank Transfer,Processing,161.88
TXN004239,CUST0078,PROD0083,2025-12-04,3,25,upi,Returned,-112.48
TXN004240,CUST0037,PROD0011,2025-08-30,2,25,credit card,Shipped,121.14
TXN004241,CUST0068,PROD0042,2024-08-26,1,40,Cash,Shipped,31.24
TXN004242,CUST0301,PROD0012,12/09/2024,,0,credit card,Cancelled,229.77
TXN004243,CUST0374,PROD0089,2024-11-13,3,5, PayPal,Shipped,47.25
TXN004244,CUST0171,PROD0089,2025-05-24,3,40,Debit Card, SHIPPED ,29.84
TXN004245,CUST0222,PROD0030,2024-06-26,6,10,Bank Transfer, SHIPPED ,328.16
TXN004246,CUST0126,PROD0003,2025/03/16,6,30,PayPal,Shipped,151.66
TXN004247,CUST0344,PROD0086,2025-07-03,3,30,UPI,delivered,2205.99
TXN004248,CUST0068,PROD0002,2024-01-01,4,5,credit card,Delivered,278.69
TXN004249,CUST0149,PROD0020,26/02/2024,5,50,upi,delivered,226.85
TXN004250,CUST0342,PROD0084,03-06-2025,4,40,Debit Card,Returned,406.27
TXN004251,CUST0098,PROD0088,2024-08-08,4,0,Cash,Delivered,1444.76
TXN004252,CUST0382,PROD0098,2025-08-30,1,0,Debit Card,Returned,251.8
TXN004253,CUST0392,PROD0097,2025-03-03,1,0,UPI,Processing,36.67
TXN004254,CUST0249,PROD0066,2025-06-21,5,5,Cash,Cancelled,437.71
TXN004255,CUST0020,PROD0036,2025-02-04,1,30,UPI,Shipped,147.81
TXN004256,CUST0209,PROD0066,29/04/2025,5,25,Debit Card,delivered,345.56
TXN004257,CUST0478,PROD0054,2025/09/02,3,0,upi,delivered,582.48
TXN004258,CUST0205,PROD0098,2025-07-24,2,30, PayPal,Processing,352.52
TXN004259,CUST0269,PROD0005,2024-01-13,2,40,PayPal,Delivered,74.84
TXN004260,CUST0371,PROD0082,2025-07-21,6,20, PayPal,Processing,1552.76
TXN004261,CUST0235,PROD0027,2024-12-26,3,0, PayPal,Cancelled,271.53
TXN004262,CUST0373,PROD0093,2025-12-30,5,15,Credit Card, SHIPPED ,1356.64
TXN004263,CUST0310,PROD0057,16/06/2025,5,60,credit card,Shipped,916.24
TXN004264,CUST0329,PROD0033,2024-12-20,5,50,UPI, SHIPPED ,314.68
TXN004265,CUST0237,PROD0011,2024-09-23,4,20,Credit Card, SHIPPED ,258.43
TXN004266,CUST0195,PROD0068,2025-06-11,4,40,credit card,Shipped,126.58
TXN004267,CUST0445,PROD0072,12-11-2024,1,5,upi,Returned,182.09
TXN004268,CUST0182,PROD0056,2024/02/16,6,500,credit card, SHIPPED ,1123.63
TXN004269,CUST0107,PROD0039,2024-09-11,5,0, PayPal,Cancelled,280.75
TXN004270,CUST0302,PROD0019,17/01/2024,1,10,credit card,delivered,28.02
TXN004271,CUST0220,PROD0043,2024-08-07,4,40, PayPal,Cancelled,383.88
TXN004272,CUST0010,PROD0087,2024-07-23,4,40,Cash,Pending,176.69
TXN004273,CUST0056,PROD0076,2024-06-13,1,25,Bank Transfer,Pending,21.98
TXN004274,CUST0345,PROD0020,2024-01-13,2,20,Credit Card,Processing,145.18
TXN004275,CUST0489,PROD0048,2024-10-24,3,0,Credit Card,delivered,873.6
TXN004276,CUST0152,PROD0076,2024-02-02,6,0,Cash,Cancelled,175.8
TXN004277,CUST0291,PROD0064,15/02/2025,4,15,Cash,Pending,183.46
TXN004278,CUST0070,PROD0040,2025-01-21,4,15,Credit Card,Cancelled,187.48
TXN004279,CUST0409,PROD0099,2024/10/15,5,15,Credit Card,Delivered,164.47
TXN004280,CUST0016,PROD0075,2024-03-22,2,25,PayPal,Returned,60.97
TXN004281,CUST0317,PROD0029,2024-01-19,6,20,Debit Card,Pending,699.12
TXN004282,CUST0291,PROD0073,2025-10-21,3,20,upi, SHIPPED ,263.26
TXN004283,CUST0079,PROD0066,2025-09-26,6,15,credit card,Shipped,469.97
TXN004284,CUST0268,PROD0078,21/01/2025,2,25,PayPal,Pending,101.67
TXN004285,CUST0399,PROD0042,2025-10-09,1,0,PayPal,Processing,52.06
TXN004286,CUST0128,PROD0005,2024-05-12,3,0,credit card, SHIPPED ,187.11
TXN004287,CUST0381,PROD0060,2025-04-07,2,25,Debit Card,delivered,374.87
TXN004288,CUST0266,PROD0073,2024-02-14,1,50,PayPal,Delivered,54.84
TXN004289,CUST0173,PROD0009,2025-02-26,4,0,Cash,Shipped,757.08
TXN004290,CUST0436,PROD0024,2024/08/10,2,40,Cash,Returned,121.49
TXN004291,CUST0395,PROD0036,12/05/2025,5,0,Cash, SHIPPED ,1055.8
TXN004292,CUST0410,PROD0025,2025-03-02,3,10, PayPal, SHIPPED ,2131.57
TXN004293,CUST0314,PROD0042,2025-07-18,3,20,PayPal,Delivered,124.94
TXN004294,CUST0075,PROD0021,2024-09-22,5,10,, SHIPPED ,289.75
TXN004295,CUST0098,PROD0093,2024-03-13,4,15, PayPal,Shipped,1085.31
TXN004296,CUST0154,PROD0047,2024-02-12,1,5,Cash,Delivered,47.8
TXN004297,CUST0357,PROD0020,2025-01-24,4,60,Debit Card,Returned,145.18
TXN004298,CUST0404,PROD0016,10/09/2025,6,60,upi,Delivered,95.45
TXN004299,CUST0197,PROD0011,2024-01-26,4,5,Cash,Shipped,306.89
TXN004300,CUST0426,PROD0014,2025-08-17,2,25,upi,Processing,26.2
TXN004301,CUST0455,PROD0039,2025/05/12,5,50,UPI,Returned,140.38
TXN004302,CUST0033,PROD0006,2024-08-13,1,20,Debit Card,Cancelled,193.03
TXN004303,CUST0387,PROD0009,2025-06-12,1,50,Debit Card,Returned,94.64
TXN004304,CUST0005,PROD0044,2024-03-28,6,15,PayPal,delivered,527.6
TXN004305,CUST0326,PROD0015,31/03/2025,6,0,Bank Transfer,Returned,400.62
TXN004306,CUST0231,PROD0005,2025-05-29,4,0,Bank Transfer,Delivered,249.48
TXN004307,CUST0414,PROD0050,2025-04-09,3,50, PayPal,Cancelled,35.3
TXN004308,CUST0036,PROD0003,2024-07-21,3,25,upi,Returned,81.25
TXN004309,CUST0162,PROD0061,2024-05-08,4,25, PayPal,Returned,
TXN004310,CUST0405,PROD0007,2025-04-10,3,0,UPI,Cancelled,683.91
TXN004311,CUST0440,PROD0058,2024-09-28,5,60,Cash,Pending,63.28
TXN004312,CUST0002,PROD0078,23/08/2024,5,5,UPI, SHIPPED ,321.95
TXN004313,CUST0383,PROD0079,2024-10-22,2,30,Bank Transfer,Shipped,1162.69
TXN004314,CUST0003,PROD0050,2024-01-18,2,30, PayPal,delivered,32.94
TXN004315,CUST0120,PROD0009,2025-12-20,5,0,credit card,Pending,946.35
TXN004316,CUST0474,PROD0051,2024-09-04,6,0,Debit Card,Delivered,673.68
TXN004317,CUST0274,PROD0078,2025-02-19,3,20,upi,Shipped,162.67
TXN004318,CUST0085,PROD0042,08-19-2024,1,30,Bank Transfer,,36.44
TXN004319,CUST0032,PROD0036,27/03/2025,5,30, PayPal,Returned,739.06
TXN004320,CUST0449,PROD0072,2025-01-22,6,60,Cash,Returned,460.01
TXN004321,CUST0261,PROD0033,2025-06-13,NaN,0,UPI, SHIPPED ,503.48
TXN004322,CUST0414,PROD0014,2024-01-26,4,40,Credit Card,Shipped,41.93
TXN004323,CUST0228,PROD0063,2024/08/15,4,25,Bank Transfer,Cancelled,1325.46
TXN004324,CUST0415,PROD0026,2024-02-07,5,5,Debit Card,Shipped,336.68
TXN004325,CUST0227,PROD0014,2025-08-10,4,-10,Credit Card,Returned,69.88
TXN004326,CUST0316,PROD0004,23/06/2024,3,20,Bank Transfer,Shipped,117.84
TXN004327,CUST0484,PROD0046,2024-12-08,4,40,Bank Transfer,Cancelled,442.61
TXN004328,CUST0119,PROD0030,2025-11-12,5,20,upi,delivered,243.08
TXN004329,CUST0192,PROD0021,2024-08-22,1,40,Credit Card,Cancelled,38.63
TXN004330,CUST0373,PROD0030,2025-01-03,1,0,Bank Transfer,Processing,60.77
TXN004331,CUST0197,PROD0081,2025-02-17,2,30,Debit Card,Pending,87.3
TXN004332,CUST0332,PROD0059,2024-08-29,4,15,Bank Transfer, SHIPPED ,184.35
TXN004333,CUST0356,PROD0020,06/10/2024,4,10,UPI,delivered,326.66
TXN004334,CUST0434,PROD0068,2025/01/20,6,15,PayPal,Pending,268.97
TXN004335,CUST0338,PROD0050,07-20-2025,6,5,Bank Transfer,Shipped,134.12
TXN004336,CUST0474,PROD0031,2024-10-07,2,5, PayPal, SHIPPED ,88.81
TXN004337,CUST0226,PROD0005,2025-03-16,3,25,Cash,Shipped,140.33
TXN004338,CUST0245,PROD0030,2024-11-23,5,10,Debit Card,Shipped,273.47
TXN004339,CUST0199,PROD0018,2024-12-13,4,60,Cash,Cancelled,189.41
TXN004340,CUST0479,PROD0048,26/09/2024,3,30,UPI,Pending,611.52
TXN004341,CUST0008,PROD0014,2024-10-30,6,25,credit card,Pending,78.61
TXN004342,CUST0003,PROD0030,2025-09-05,2,20,PayPal,Pending,97.23
TXN004343,CUST0357,PROD0013,2025-07-07,,60,PayPal,delivered,138.82
TXN004344,CUST0165,PROD0017,2025-09-10,1,25,Credit Card,Processing,80.35
TXN004345,CUST0200,PROD0007,2024/01/08,6,5,Debit Card,Delivered,1299.43
TXN004346,CUST0043,PROD0042,2025-03-10,4,5, PayPal,Cancelled,197.83
TXN004347,CUST0288,PROD0034,15/09/2024,5,50,Debit Card,Processing,373.9
TXN004348,CUST0486,PROD0012,2024-08-24,1,50,Cash,Processing,38.3
TXN004349,CUST0336,PROD0098,2024-07-16,3,30,Credit Card, SHIPPED ,528.78
TXN004350,CUST0245,PROD0017,2024-07-20,2,5,Credit Card,Returned,203.55
TXN004351,CUST0341,PROD0034,2025-06-25,4,40,UPI, SHIPPED ,358.94
TXN004352,CUST0439,PROD0047,11-20-2024,4,5,PayPal,Processing,191.22
TXN004353,CUST0037,PROD0099,2025-06-27,2,10,Credit Card, SHIPPED ,69.66
TXN004354,CUST0110,PROD0097,24/03/2024,6,30,Bank Transfer,Shipped,154.01
TXN004355,CUST0247,PROD0050,2024-03-05,6,15,Credit Card,Processing,120.0
TXN004356,CUST0098,PROD0053,2024/09/25,6,30,UPI, SHIPPED ,185.6
TXN004357,CUST0260,PROD0025,2024-11-20,5,60,Debit Card, SHIPPED ,1578.94
TXN004358,CUST0434,PROD0060,2025-03-20,1,15,PayPal,Cancelled,212.42
TXN004359,CUST0401,PROD0074,2025-11-13,6,60,UPI,Processing,777.46
TXN004360,CUST0176,PROD0018,2025-06-30,6,30, PayPal,Shipped,497.2
TXN004361,CUST0090,PROD0049,08/09/2025,4,60,Bank Transfer,delivered,207.65
TXN004362,CUST0433,PROD0022,2024-07-09,2,60,upi,Returned,143.78
TXN004363,CUST0133,PROD0039,2025-12-01,3,15,upi, SHIPPED ,143.18
TXN004364,CUST0260,PROD0015,2024-04-28,3,15,UPI,Delivered,170.26
TXN004365,CUST0219,PROD0033,2024-01-25,6,500,Credit Card,delivered,377.61
TXN004366,CUST0288,PROD0064,2025-05-05,3,25,credit card,Delivered,121.41
TXN004367,CUST0395,PROD0082,2025/02/01,2,40,Cash,Pending,559.15
TXN004368,CUST0027,PROD0022,30/12/2024,1,10,Credit Card,Returned,161.76
TXN004369,CUST0489,PROD0050,08-29-2024,2,5,upi,Processing,44.71
TXN004370,CUST0454,PROD0093,2025-02-10,6,0,UPI,Processing,1915.26
TXN004371,CUST0098,PROD0042,2025-06-04,1,50,Credit Card,Processing,26.03
TXN004372,CUST0319,PROD0041,2024-12-18,5,60, PayPal,Pending,778.78
TXN004373,CUST0370,PROD0059,2025-08-07,5,25, PayPal,delivered,203.33
TXN004374,CUST0391,PROD0045,2024-03-10,6,10,Bank Transfer,Pending,948.89
TXN004375,CUST0138,PROD0088,28/03/2024,1,40,UPI, SHIPPED ,216.71
TXN004376,CUST0494,PROD0059,2024-01-13,6,50,upi,Processing,162.66
TXN004377,CUST0493,PROD0046,2025-02-06,4,30,Debit Card,Shipped,516.38
TXN004378,CUST0083,PROD0047,2025/07/22,6,10,UPI,Cancelled,271.73
TXN004379,CUST0016,PROD0002,2025-07-10,3,30,UPI,Delivered,154.01
TXN004380,CUST0381,PROD0066,2025-12-17,5,10,Bank Transfer,Processing,414.68
TXN004381,CUST0262,PROD0060,2024-08-16,1,0, PayPal,Cancelled,249.91
TXN004382,CUST0043,PROD0022,13/10/2025,2,30,credit card,Returned,251.62
TXN004383,CUST0279,PROD0045,2024-06-01,1,40,PayPal,Delivered,105.43
TXN004384,CUST0033,PROD0079,2025-04-04,5,20,PayPal,Pending,3321.96
TXN004385,CUST0130,PROD0087,2024-03-12,6,10, PayPal, SHIPPED ,397.55
TXN004386,CUST0391,PROD0027,10-06-2025,3,5,PayPal,delivered,257.95
TXN004387,CUST0181,PROD0043,2024-04-03,6,0,Credit Card,delivered,959.7
TXN004388,CUST0454,PROD0011,2024-02-03,1,60,Bank Transfer,Returned,32.3
TXN004389,CUST0364,PROD0017,11/05/2024,2,15,Credit Card,Delivered,182.12
TXN004390,CUST0108,PROD0054,2024-01-11,2,10,UPI,delivered,349.49
TXN004391,CUST0020,PROD0020,2025-10-31,2,0,UPI,Returned,181.48
TXN004392,CUST0350,PROD0019,2025-10-17,2,40,credit card,Cancelled,37.36
TXN004393,CUST0295,PROD0015,2025-03-21,2,50,Credit Card,Shipped,NaN
TXN004394,CUST0447,PROD0054,2025-12-27,2,5,upi, SHIPPED ,368.9
TXN004395,CUST0314,PROD0050,2025-07-25,6,20,Credit Card,Cancelled,112.94
TXN004396,CUST0106,PROD0001,17/09/2024,3,20,Debit Card,Delivered,422.57
TXN004397,CUST0200,PROD0013,2025-03-22,3,60, PayPal,Delivered,104.11
TXN004398,CUST0016,PROD0088,2025-07-13,3,25,Cash,Delivered,812.68
TXN004399,CUST0052,PROD0043,2025-11-02,4,30,Bank Transfer,Processing,447.86
TXN004400,CUST0298,PROD0053,2025/12/10,5,0,PayPal,Returned,220.95
TXN004401,CUST0050,PROD0016,2025-01-02,3,0,upi, SHIPPED ,119.31
TXN004402,CUST0051,PROD0094,2024-07-18,3,10,credit card,delivered,278.26
TXN004403,CUST0082,PROD0090,07/09/2024,2,10,Cash,Delivered,265.23
TXN004404,CUST0167,PROD0065,2025-07-15,4,40,Bank Transfer,Cancelled,74.35
TXN004405,CUST0180,PROD0035,2024-02-28,6,20, PayPal, SHIPPED ,1496.3
TXN004406,CUST0090,PROD0044,2025-11-23,5,25,Credit Card,Shipped,387.94
TXN004407,CUST0045,PROD0015,2024-12-03,3,25,, SHIPPED ,150.23
TXN004408,CUST0428,PROD0024,2025-04-19,6,50,Cash,Processing,303.72
TXN004409,CUST0206,PROD0006,2024-08-14,4,20,Cash,Delivered,772.13
TXN004410,CUST0497,PROD0031,21/01/2024,3,50,Cash,Delivered,70.11
TXN004411,CUST0362,PROD0098,2025/08/30,1,50,upi,Shipped,125.9
TXN004412,CUST0410,PROD0040,2024-05-14,5,15,credit card,delivered,234.34
TXN004413,CUST0492,PROD0089,2024-10-29,6,25,PayPal,Delivered,74.61
TXN004414,CUST0167,PROD0095,2024-12-27,4,40,credit card,Pending,385.06
TXN004415,CUST0254,PROD0077,2025-09-13,1,15, PayPal,Cancelled,28.98
TXN004416,CUST0010,PROD0091,2024-11-08,4,30,PayPal,Pending,1791.55
TXN004417,CUST0448,PROD0033,28/11/2024,1,5,upi,Delivered,119.58
TXN004418,CUST0282,PROD0073,2024-12-31,5,40,Credit Card,Shipped,329.07
TXN004419,CUST0450,PROD0045,2025-11-06,2,5,UPI,Cancelled,333.87
TXN004420,CUST0195,PROD0091,06-18-2025,4,0,Credit Card,Cancelled,2559.36
TXN004421,CUST0140,PROD0059,2025-03-19,6,5,PayPal,Cancelled,309.05
TXN004422,CUST0004,PROD0088,2025/05/22,4,5,Debit Card,Cancelled,1372.52
TXN004423,CUST0375,PROD0074,2025-09-10,4,60,PayPal,Pending,518.3
TXN004424,CUST0054,PROD0082,02/12/2024,4,0,UPI,Cancelled,1080.07
TXN004425,CUST0249,PROD0096,2025-07-07,6,25,PayPal,delivered,85.91
TXN004426,CUST0376,PROD0083,2025-07-28,5,30,Cash,Shipped,-174.97
TXN004427,CUST0280,PROD0099,2024-09-21,5,40,upi,Cancelled,116.1
TXN004428,CUST0027,PROD0092,2025-08-05,6,0, PayPal,Cancelled,1350.9
TXN004429,CUST0255,PROD0076,2024-10-18,5,60,Bank Transfer,Returned,58.6
TXN004430,CUST0161,PROD0060,2025-12-01,6,20,Bank Transfer,Returned,1199.57
TXN004431,CUST0057,PROD0006,07/04/2025,-3,10,upi,Processing,1085.81
TXN004432,CUST0198,PROD0082,2024-12-17,6,15,Bank Transfer,Pending,2134.68
TXN004433,CUST0291,PROD0014,2025/12/06,1,20,UPI,delivered,13.98
TXN004434,CUST0297,PROD0084,2025-06-11,5,50,credit card,Delivered,423.2
TXN004435,CUST0237,PROD0078,2025-12-21,4,25,Cash,delivered,203.34
TXN004436,CUST0231,PROD0065,2024-08-16,4,25,upi,Shipped,92.94
TXN004437,CUST0194,PROD0062,06-22-2025,2,20,Credit Card,Pending,40.29
TXN004438,CUST0431,PROD0089,03/08/2024,4,5, PayPal,Pending,63.0
TXN004439,CUST0491,PROD0050,2024-04-06,6,15,credit card,Delivered,120.0
TXN004440,CUST0329,PROD0081,2024-01-03,5,50,UPI, SHIPPED ,155.9
TXN004441,CUST0299,PROD0021,2024-06-01,2,50,credit card,Returned,64.39
TXN004442,CUST0007,PROD0031,2024-07-12,5,60,credit card,Processing,93.48
TXN004443,CUST0489,PROD0071,2024-12-07,1,10,UPI,Shipped,745.28
TXN004444,CUST0392,PROD0018,2025/11/30,,15,PayPal,Pending,301.87
TXN004445,CUST0122,PROD0041,12/12/2025,6,25,Debit Card,,1435.83
TXN004446,CUST0080,PROD0034,2025-08-31,1,15,PayPal,Processing,127.13
TXN004447,CUST0126,PROD0035,2025-05-08,1,20,upi,delivered,249.38
TXN004448,CUST0454,PROD0005,2025-08-22,6,25,credit card,delivered,
TXN004449,CUST0177,PROD0089,2025-04-07,2,0,Credit Card, SHIPPED ,33.16
TXN004450,CUST0059,PROD0061,2024-09-14,2,30,Bank Transfer,Returned,260.64
TXN004451,CUST0480,PROD0047,2025-07-31,4,30,Debit Card,Processing,140.9
TXN004452,CUST0056,PROD0071,31/07/2025,6,60,Debit Card,Processing,1987.42
TXN004453,CUST0245,PROD0087,2024-01-15,3,0, PayPal, SHIPPED ,220.86
TXN004454,CUST0053,PROD0020,06-21-2024,5,15,Credit Card,delivered,385.64
TXN004455,CUST0198,PROD0038,2024/10/17,5,25,UPI,Delivered,270.68
TXN004456,CUST0480,PROD0033,2025-01-14,3,25,credit card,Delivered,283.21
TXN004457,CUST0065,PROD0053,2024-08-05,3,30,Credit Card,Pending,92.8
TXN004458,CUST0256,PROD0063,2025-07-05,6,20,UPI,Cancelled,2120.74
TXN004459,CUST0331,PROD0018,14/05/2025,2,60,Credit Card,Returned,94.7
TXN004460,CUST0348,PROD0053,2024-02-06,5,10,UPI, SHIPPED ,198.85
TXN004461,CUST0290,PROD0049,2025-11-07,4,60,Credit Card,Processing,207.65
TXN004462,CUST0485,PROD0088,2024-07-07,1,500, PayPal,delivered,144.48
TXN004463,CUST0486,PROD0044,2025-11-23,4,5, PayPal,Delivered,393.11
TXN004464,CUST0222,PROD0083,2025-04-18,6,5,credit card,Shipped,-284.94
TXN004465,CUST0089,PROD0005,2024-02-27,5,15,Bank Transfer,Returned,265.07
TXN004466,CUST0314,PROD0005,13/04/2025,5,40,PayPal,Shipped,187.11
TXN004467,CUST0196,PROD0024,2024-03-16,6,15,UPI,Cancelled,516.32
TXN004468,CUST0302,PROD0095,2025-10-12,6,60,PayPal, SHIPPED ,385.06
TXN004469,CUST0401,PROD0084,2025-09-16,1,0,credit card,Cancelled,169.28
TXN004470,CUST0013,PROD0062,2024-03-28,NaN,30,Credit Card,Delivered,35.25
TXN004471,CUST0460,PROD0072,05-08-2024,5,15, PayPal,Pending,814.6
TXN004472,CUST0384,PROD0036,2024-07-05,1,25,Bank Transfer,delivered,158.37
TXN004473,CUST0252,PROD0095,08/07/2025,4,10,Cash,Processing,577.58
TXN004474,CUST0032,PROD0052,2024-07-17,2,50,Credit Card,Shipped,17.01
TXN004475,CUST0086,PROD0054,2025-08-13,1,20,Bank Transfer, SHIPPED ,155.33
TXN004476,CUST0361,PROD0054,2025-01-09,5,25,PayPal,Returned,728.1
TXN004477,CUST0252,PROD0053,2024/01/14,4,0,upi,Returned,176.76
TXN004478,CUST0226,PROD0020,2025-12-12,3,25,PayPal,delivered,204.16
TXN004479,CUST0237,PROD0028,2025-04-08,4,20, PayPal,Pending,2864.35
TXN004480,CUST0281,PROD0069,24/09/2024,4,0,Bank Transfer, SHIPPED ,223.16
TXN004481,CUST0163,PROD0062,2025-04-24,1,30,Debit Card,Processing,17.63
TXN004482,CUST0464,PROD0079,2025-06-10,5,40,PayPal,Returned,2491.47
TXN004483,CUST0080,PROD0052,2025-06-18,5,10,Cash,Processing,76.55
TXN004484,CUST0458,PROD0052,2025-12-04,1,30,Bank Transfer,Shipped,11.91
TXN004485,CUST0225,PROD0004,2024-01-02,2,40,Debit Card, SHIPPED ,58.92
TXN004486,CUST0018,PROD0043,2025-01-31,6,30,Cash,Delivered,671.79
TXN004487,CUST0407,PROD0026,17/03/2024,6,30,upi,Returned,297.7
TXN004488,CUST0242,PROD0074,2025/01/11,1,10, PayPal,Cancelled,291.55
TXN004489,CUST0460,PROD0016,2024-06-27,2,50,credit card,Cancelled,39.77
TXN004490,CUST0192,PROD0087,2025-12-03,1,30,Credit Card,Shipped,51.53
TXN004491,CUST0296,PROD0078,2024-03-28,5,20,Cash,Delivered,271.12
TXN004492,CUST0268,PROD0057,2024-01-03,1,40,Credit Card, SHIPPED ,274.87
TXN004493,CUST0249,PROD0014,2025-01-10,1,40, PayPal,Shipped,10.48
TXN004494,CUST0371,PROD0008,27/04/2025,1,20,UPI,Cancelled,78.33
TXN004495,CUST0218,PROD0071,2025-08-15,6,40,upi,Pending,2981.12
TXN004496,CUST0359,PROD0020,2025-10-25,4,5,Credit Card,delivered,344.81
TXN004497,CUST0499,PROD0009,2024-04-03,5,0,Credit Card,Pending,946.35
TXN004498,CUST0027,PROD0014,2025-05-23,6,-10,Credit Card,Processing,78.61
TXN004499,CUST0007,PROD0048,2024/02/19,3,20, PayPal,Processing,698.88
TXN004500,CUST0352,PROD0098,2025-10-03,6,60,PayPal,Delivered,604.32
TXN004501,CUST0042,PROD0002,21/11/2025,5,40,credit card,Pending,220.02
TXN004502,CUST0138,PROD0083,2025-04-16,6,25,UPI, SHIPPED ,-224.95
TXN004503,CUST0165,PROD0077,2025-04-07,3,20,PayPal,delivered,81.84
TXN004504,CUST0078,PROD0050,2025-11-10,6,60,Bank Transfer,Processing,56.47
TXN004505,CUST0029,PROD0037,03-26-2024,3,5,credit card,Cancelled,87.92
TXN004506,CUST0226,PROD0038,2024-02-10,3,5,UPI,Cancelled,205.71
TXN004507,CUST0235,PROD0100,2025-09-19,4,30,upi,Pending,311.39
TXN004508,CUST0195,PROD0069,27/04/2024,6,30,Credit Card,delivered,234.32
TXN004509,CUST0176,PROD0064,2024-03-31,3,60,Credit Card,delivered,64.75
TXN004510,CUST0267,PROD0039,2025/09/22,4,50,Cash,Shipped,112.3
TXN004511,CUST0141,PROD0035,2025-08-25,1,50,Credit Card,Cancelled,155.87
TXN004512,CUST0490,PROD0044,2025-05-30,2,20,Credit Card,delivered,165.52
TXN004513,CUST0228,PROD0033,2024-09-28,1,60,Cash, SHIPPED ,50.35
TXN004514,CUST0108,PROD0024,2024-09-21,2,25,PayPal,Pending,151.86
TXN004515,CUST0378,PROD0076,21/04/2024,1,5,Credit Card,delivered,27.84
TXN004516,CUST0410,PROD0089,2024-03-13,3,30,upi,delivered,34.82
TXN004517,CUST0306,PROD0029,2024-06-18,2,25,upi,Shipped,218.48
TXN004518,CUST0257,PROD0086,2024-08-02,6,40,UPI,Returned,3781.69
TXN004519,CUST0355,PROD0069,2024-01-09,2,10,upi,Returned,100.42
TXN004520,CUST0080,PROD0045,2025-09-22,6,10,,delivered,948.89
TXN004521,CUST0436,PROD0043,2024/10/30,2,60,Cash,Pending,127.96
TXN004522,CUST0472,PROD0071,14/04/2024,5,10,Debit Card,Returned,3726.4
TXN004523,CUST0241,PROD0088,2024-09-18,6,50,Bank Transfer,Pending,1083.57
TXN004524,CUST0157,PROD0050,2024-01-06,2,60,UPI,Pending,18.82
TXN004525,CUST0491,PROD0014,2025-05-08,5,20, PayPal,Processing,69.88
TXN004526,CUST0042,PROD0034,2025-03-16,4,10, PayPal,delivered,538.42
TXN004527,CUST0275,PROD0007,2024-10-04,2,60,PayPal, SHIPPED ,182.38
TXN004528,CUST0229,PROD0055,2025-09-26,5,60, PayPal,Pending,2100.8
TXN004529,CUST0482,PROD0061,04/12/2024,3,25,Cash,Returned,418.88
TXN004530,CUST0453,PROD0058,2024-10-28,2,20,Credit Card,Shipped,50.62
TXN004531,CUST0471,PROD0079,2024-05-19,5,15,upi,Delivered,3529.58
TXN004532,CUST0354,PROD0043,2025/09/08,2,40,credit card,Shipped,191.94
TXN004533,CUST0358,PROD0075,2024-08-01,4,15,Cash,Delivered,138.21
TXN004534,CUST0057,PROD0020,2024-10-12,3,20, PayPal,Cancelled,217.78
TXN004535,CUST0217,PROD0093,2025-11-16,4,5,Debit Card,delivered,1213.0
TXN004536,CUST0210,PROD0071,15/02/2025,6,10,UPI,Delivered,4471.69
TXN004537,CUST0495,PROD0060,2024-01-29,4,25,Bank Transfer,Delivered,749.73
TXN004538,CUST0444,PROD0041,2024-08-25,4,0,PayPal,Processing,943.06
TXN004539,CUST0473,PROD0039,09-04-2024,1,15, PayPal,Processing,47.73
TXN004540,CUST0414,PROD0084,2025-05-18,5,30,PayPal,Returned,592.48
TXN004541,CUST0153,PROD0059,2024-12-26,2,5,Debit Card,Processing,103.02
TXN004542,CUST0321,PROD0010,2024-08-02,6,0, PayPal,Processing,630.96
TXN004543,CUST0286,PROD0063,06/07/2025,4,30,Debit Card,delivered,1237.1
TXN004544,CUST0357,PROD0039,2024-12-21,5,25,Cash, SHIPPED ,210.56
TXN004545,CUST0193,PROD0030,2024-12-28,,20,Debit Card,Delivered,145.85
TXN004546,CUST0085,PROD0081,2025-07-18,5,10,credit card,Processing,280.62
TXN004547,CUST0039,PROD0022,2025-11-09,6,50,upi, SHIPPED ,539.19
TXN004548,CUST0300,PROD0006,2024-11-19,3,30,Cash,Returned,506.71
TXN004549,CUST0090,PROD0069,2025-05-28,6,50,Bank Transfer,Pending,167.37
TXN004550,CUST0453,PROD0005,02/12/2024,1,15,Debit Card,Cancelled,53.01
TXN004551,CUST0430,PROD0087,2024-06-20,5,50, PayPal,Shipped,184.05
TXN004552,CUST0406,PROD0094,2024-06-20,6,10,Credit Card,Cancelled,556.52
TXN004553,CUST0445,PROD0056,2025-01-25,4,20,PayPal,Pending,1498.18
TXN004554,CUST0476,PROD0096,2025/05/07,4,10,upi,delivered,68.72
TXN004555,CUST0096,PROD0061,2024-05-27,4,30,Credit Card,Cancelled,521.28
TXN004556,CUST0077,PROD0001,06-01-2025,4,50,UPI,Returned,352.14
TXN004557,CUST0225,PROD0011,08/01/2024,2,50,UPI,Cancelled,80.76
TXN004558,CUST0137,PROD0082,2025-10-10,6,25, PayPal,Cancelled,828.99
TXN004559,CUST0218,PROD0023,2024-07-16,2,500, PayPal,Delivered,634.82
TXN004560,CUST0029,PROD0033,2024-12-04,3,50,credit card,Pending,188.81
TXN004561,CUST0112,PROD0008,2024-05-08,2,10,PayPal,delivered,176.24
TXN004562,CUST0418,PROD0058,2024-01-24,6,10,Bank Transfer,Delivered,170.86
TXN004563,CUST0391,PROD0094,2024-06-05,3,25,Bank Transfer, SHIPPED ,231.88
TXN004564,CUST0267,PROD0078,18/12/2025,2,60, PayPal,Pending,54.22
TXN004565,CUST0333,PROD0005,2024/10/27,1,30, PayPal,Shipped,43.66
TXN004566,CUST0185,PROD0075,2025-03-07,3,30, PayPal,Cancelled,85.36
TXN004567,CUST0271,PROD0051,2024-12-17,5,0,Bank Transfer,Returned,561.4
TXN004568,CUST0264,PROD0086,2024-09-27,6,30, PayPal,Cancelled,4411.97
TXN004569,CUST0107,PROD0024,2025-12-29,5,5,PayPal,Returned,480.89
TXN004570,CUST0279,PROD0078,2024-12-04,5,40, PayPal,Delivered,203.34
TXN004571,CUST0006,PROD0085,09/03/2025,2,60,Bank Transfer,delivered,23.29
TXN004572,CUST0299,PROD0076,2025-11-24,2,30,Bank Transfer,,41.02
TXN004573,CUST0250,PROD0053,01-25-2024,5,60,credit card,Cancelled,88.38
TXN004574,CUST0031,PROD0011,2024-05-11,1,15,UPI,Delivered,68.65
TXN004575,CUST0356,PROD0016,2024-09-04,5,40,Debit Card, SHIPPED ,119.31
TXN004576,CUST0074,PROD0070,2024/08/17,3,30,Cash,Delivered,151.96
TXN004577,CUST0165,PROD0071,2024-03-18,5,0,Debit Card,delivered,4140.45
TXN004578,CUST0420,PROD0028,30/07/2024,3,15,credit card, SHIPPED ,2282.53
TXN004579,CUST0235,PROD0003,2024-05-12,6,40, PayPal,Processing,130.0
TXN004580,CUST0262,PROD0099,2025-04-16,3,30,credit card, SHIPPED ,81.27
TXN004581,CUST0338,PROD0080,2025-01-11,6,60,Bank Transfer,delivered,448.87
TXN004582,CUST0492,PROD0064,2024-12-14,3,60,credit card,delivered,64.75
TXN004583,CUST0014,PROD0044,2024-11-27,2,30,PayPal,Shipped,144.83
TXN004584,CUST0227,PROD0015,2024-11-03,3,20,Debit Card,Cancelled,NaN
TXN004585,CUST0320,PROD0045,13/06/2024,3,10,credit card,Processing,474.44
TXN004586,CUST0415,PROD0008,2025-04-09,5,50,PayPal,Shipped,244.77
TXN004587,CUST0202,PROD0084,2024/11/16,1,60,PayPal,Shipped,
TXN004588,CUST0154,PROD0048,2025-05-18,6,20,credit card,Processing,1397.76
TXN004589,CUST0031,PROD0027,2024-02-11,2,40,upi,Returned,108.61
TXN004590,CUST0238,PROD0026,01-27-2024,6,50,PayPal,Returned,212.64
TXN004591,CUST0487,PROD0008,2024-07-12,3,15,PayPal,Shipped,249.67
TXN004592,CUST0403,PROD0022,18/10/2024,1,10,UPI, SHIPPED ,161.76
TXN004593,CUST0120,PROD0038,2025-10-21,5,20,Debit Card,Processing,288.72
TXN004594,CUST0409,PROD0092,2024-03-31,1,25,PayPal,delivered,168.86
TXN004595,CUST0245,PROD0074,2024-11-20,5,0,Credit Card,Returned,1619.7
TXN004596,CUST0474,PROD0062,2025-09-14,1,10,UPI,Processing,22.66
TXN004597,CUST0167,PROD0039,2025-02-20,1,50,Debit Card,Shipped,28.07
TXN004598,CUST0105,PROD0039,2024/08/26,5,25, PayPal,Shipped,210.56
TXN004599,CUST0104,PROD0028,07/09/2025,5,30,PayPal,Pending,3132.88
TXN004600,CUST0219,PROD0070,2025-03-01,2,40,UPI,Returned,86.83
TXN004601,CUST0420,PROD0017,2024-04-28,2,0,PayPal,Shipped,214.26
TXN004602,CUST0453,PROD0090,2025-12-25,5,5,UPI,Delivered,699.91
TXN004603,CUST0048,PROD0038,2025-08-29,5,0,PayPal,Delivered,360.9
TXN004604,CUST0285,PROD0070,2025-10-22,6,5,upi, SHIPPED ,412.45
TXN004605,CUST0155,PROD0047,2024-06-10,1,60,Debit Card,Delivered,20.13
TXN004606,CUST0263,PROD0020,12/03/2024,2,15,credit card, SHIPPED ,154.26
TXN004607,CUST0494,PROD0072,12-13-2025,1,40,PayPal,Cancelled,115.0
TXN004608,CUST0390,PROD0056,2025-10-03,4,0,Bank Transfer,Shipped,1872.72
TXN004609,CUST0467,PROD0062,2024/03/28,6,15,Cash,Shipped,128.42
TXN004610,CUST0317,PROD0015,2025-06-02,3,0,credit card,Delivered,200.31
TXN004611,CUST0058,PROD0031,2024-07-29,1,15,Bank Transfer,Returned,39.73
TXN004612,CUST0304,PROD0048,2025-03-16,4,5,Bank Transfer,Pending,1106.56
TXN004613,CUST0395,PROD0051,19/12/2024,6,40, PayPal,delivered,404.21
TXN004614,CUST0385,PROD0091,2024-06-06,6,40,PayPal,Cancelled,2303.42
TXN004615,CUST0039,PROD0049,2024-08-01,4,0,UPI,Pending,519.12
TXN004616,CUST0492,PROD0083,2025-05-30,1,5,Credit Card,delivered,-47.49
TXN004617,CUST0395,PROD0089,2025-03-26,2,60,upi,Cancelled,13.26
TXN004618,CUST0031,PROD0055,2025-02-12,1,0,credit card,Returned,1050.4
TXN004619,CUST0207,PROD0077,2025-02-10,NaN,60,UPI,Processing,81.84
TXN004620,CUST0393,PROD0032,11/08/2024,4,0,Credit Card,Pending,480.24
TXN004621,CUST0056,PROD0096,2025-11-28,5,0,Credit Card,Pending,95.45
TXN004622,CUST0444,PROD0009,2024-10-07,1,50,upi,Cancelled,94.64
TXN004623,CUST0128,PROD0024,2024-08-09,2,0,upi,delivered,202.48
TXN004624,CUST0456,PROD0069,05-17-2025,3,50,Cash,Cancelled,83.69
TXN004625,CUST0320,PROD0084,2024-06-24,4,25,Credit Card,Pending,507.84
TXN004626,CUST0096,PROD0019,2025-06-21,5,10,credit card,delivered,140.09
TXN004627,CUST0381,PROD0036,30/12/2024,1,15,Debit Card, SHIPPED ,179.49
TXN004628,CUST0401,PROD0004,2024-08-07,5,10,UPI, SHIPPED ,220.95
TXN004629,CUST0254,PROD0070,2025-07-28,5,40,UPI, SHIPPED ,217.08
TXN004630,CUST0450,PROD0073,2025-10-12,2,15,Cash,Delivered,186.47
TXN004631,CUST0017,PROD0034,2025/12/12,4,20, PayPal,delivered,478.59
TXN004632,CUST0266,PROD0040,2025-02-27,3,50,upi,Pending,82.71
TXN004633,CUST0484,PROD0092,2024-09-29,4,15,,Shipped,765.51
TXN004634,CUST0067,PROD0005,13/02/2025,1,40,credit card,delivered,37.42
TXN004635,CUST0456,PROD0022,2025-08-11,4,30,Credit Card,Shipped,503.24
TXN004636,CUST0134,PROD0046,2025-06-09,1,50,Debit Card,Shipped,92.21
TXN004637,CUST0384,PROD0100,2024-10-02,1,25, PayPal,Processing,83.41
TXN004638,CUST0279,PROD0015,2025-12-24,6,15,upi,Shipped,340.53
TXN004639,CUST0038,PROD0054,2025-07-05,1,5,Bank Transfer, SHIPPED ,184.45
TXN004640,CUST0470,PROD0004,2024-07-22,1,5,Cash,Processing,46.64
TXN004641,CUST0205,PROD0096,23/01/2024,3,25,Bank Transfer, SHIPPED ,42.95
TXN004642,CUST0498,PROD0045,2024/09/21,-3,30,Cash,Cancelled,738.02
TXN004643,CUST0195,PROD0065,2024-09-18,4,40,Debit Card,Returned,74.35
TXN004644,CUST0414,PROD0004,2024-07-22,6,20,credit card,Returned,235.68
TXN004645,CUST0174,PROD0073,2024-12-28,4,30,Credit Card,Delivered,307.13
TXN004646,CUST0119,PROD0001,2024-03-29,,30,PayPal,Processing,616.24
TXN004647,CUST0255,PROD0100,2024-06-02,5,30, PayPal,Returned,389.23
TXN004648,CUST0352,PROD0017,08/12/2025,6,40,UPI, SHIPPED ,385.67
TXN004649,CUST0409,PROD0068,2024-08-25,3,0,credit card,Pending,158.22
TXN004650,CUST0011,PROD0075,2024-07-17,1,60,Debit Card, SHIPPED ,16.26
TXN004651,CUST0350,PROD0047,2024-02-03,1,5,UPI, SHIPPED ,47.8
TXN004652,CUST0412,PROD0089,2024-09-22,2,20,Cash,Returned,26.53
TXN004653,CUST0288,PROD0035,2024/07/12,4,40,Credit Card,Delivered,748.15
TXN004654,CUST0354,PROD0054,2024-06-25,5,25,credit card,Shipped,728.1
TXN004655,CUST0157,PROD0024,31/08/2025,3,20,upi, SHIPPED ,242.98
TXN004656,CUST0295,PROD0043,2024-10-27,1,500,credit card, SHIPPED ,95.97
TXN004657,CUST0067,PROD0061,2024-12-17,5,0,Credit Card,Shipped,930.85
TXN004658,CUST0213,PROD0096,03-09-2024,4,15,Bank Transfer,Returned,64.91
TXN004659,CUST0237,PROD0075,2025-11-09,6,25,PayPal,Cancelled,182.92
TXN004660,CUST0161,PROD0087,2024-04-30,6,15,Cash,Cancelled,375.46
TXN004661,CUST0422,PROD0021,2025-03-08,6,50, PayPal,Shipped,193.17
TXN004662,CUST0352,PROD0088,17/02/2024,1,40,Credit Card,Pending,216.71
TXN004663,CUST0285,PROD0014,2024-05-08,6,60,Bank Transfer,delivered,41.93
TXN004664,CUST0230,PROD0052,2024/03/17,6,15,Credit Card,Returned,86.75
TXN004665,CUST0448,PROD0100,2025-08-02,5,20,Debit Card,Returned,444.84
TXN004666,CUST0089,PROD0081,2025-12-23,2,25,credit card,Processing,93.54
TXN004667,CUST0404,PROD0070,2024-07-25,2,40,PayPal,Pending,86.83
TXN004668,CUST0366,PROD0046,2025-02-19,4,60,Cash,Shipped,295.07
TXN004669,CUST0338,PROD0027,19/02/2024,4,25,upi,Returned,271.53
TXN004670,CUST0327,PROD0059,2025-12-29,1,5,credit card,Processing,51.51
TXN004671,CUST0453,PROD0094,2024-03-07,4,-10,Cash,Returned,412.24
TXN004672,CUST0038,PROD0093,2024-01-03,6,60,Debit Card,Shipped,766.1
TXN004673,CUST0214,PROD0016,2024-03-18,4,20,Bank Transfer, SHIPPED ,127.26
TXN004674,CUST0365,PROD0084,2024-03-24,5,50,UPI,Delivered,423.2
TXN004675,CUST0389,PROD0074,2025/04/13,3,10,Bank Transfer,Pending,874.64
TXN004676,CUST0109,PROD0094,17/11/2025,5,25,PayPal,Cancelled,386.47
TXN004677,CUST0255,PROD0093,2025-11-16,3,50, PayPal,Pending,478.81
TXN004678,CUST0003,PROD0008,2025-04-25,5,5,PayPal,delivered,465.07
TXN004679,CUST0125,PROD0023,2024-12-08,2,5,Cash,Delivered,1005.14
TXN004680,CUST0282,PROD0021,2024-06-18,4,60,Credit Card, SHIPPED ,103.02
TXN004681,CUST0341,PROD0052,2025-02-25,1,10,Cash, SHIPPED ,15.31
TXN004682,CUST0185,PROD0093,2024-07-27,2,60,credit card,Pending,255.37
TXN004683,CUST0033,PROD0053,10/11/2024,6,50,PayPal,Shipped,132.57
TXN004684,CUST0394,PROD0092,2024-01-02,2,40,Credit Card,Delivered,270.18
TXN004685,CUST0229,PROD0006,2024-09-08,5,0,Cash, SHIPPED ,1206.45
TXN004686,CUST0471,PROD0092,2025/12/22,5,15,PayPal,Delivered,956.89
TXN004687,CUST0256,PROD0097,2025-12-24,5,50,UPI,Returned,91.68
TXN004688,CUST0259,PROD0035,2025-08-31,6,30, PayPal,Returned,1309.27
TXN004689,CUST0277,PROD0057,2025-02-23,2,60,upi,delivered,366.5
TXN004690,CUST0031,PROD0061,20/10/2024,3,25,upi,delivered,418.88
TXN004691,CUST0227,PROD0018,2025-03-13,4,25,Bank Transfer,Shipped,355.14
TXN004692,CUST0396,PROD0077,06-06-2025,5,5, PayPal,Returned,161.97
TXN004693,CUST0256,PROD0062,2025-08-14,1,0,UPI,Returned,25.18
TXN004694,CUST0171,PROD0098,2024-05-15,1,10,upi,Processing,226.62
TXN004695,CUST0204,PROD0079,2024-08-19,2,10,upi,Returned,1494.88
TXN004696,CUST0177,PROD0022,2025-01-15,2,15,Credit Card,Delivered,305.54
TXN004697,CUST0237,PROD0097,21/09/2024,6,30,UPI,delivered,154.01
TXN004698,CUST0045,PROD0056,2025-06-11,2,10,Bank Transfer,Pending,842.72
TXN004699,CUST0205,PROD0096,2025-05-05,1,10,credit card,,17.18
TXN004700,CUST0247,PROD0098,2025-10-10,5,0,Credit Card,delivered,1259.0
TXN004701,CUST0431,PROD0027,2025-02-13,4,60,UPI,Cancelled,144.82
TXN004702,CUST0070,PROD0064,2025-03-20,2,20,PayPal,Processing,86.34
TXN004703,CUST0273,PROD0046,2025-12-14,2,50,UPI,Pending,184.42
TXN004704,CUST0072,PROD0029,24/05/2025,2,10,credit card,Cancelled,262.17
TXN004705,CUST0053,PROD0005,2024-08-26,6,40,Credit Card,Delivered,224.53
TXN004706,CUST0279,PROD0089,2025-08-21,2,15,Bank Transfer,Delivered,28.19
TXN004707,CUST0105,PROD0096,2025-04-01,3,15,UPI,Cancelled,48.68
TXN004708,CUST0455,PROD0098,2024/07/20,1,50,Cash,Cancelled,125.9
TXN004709,CUST0274,PROD0036,01-10-2025,6,5,PayPal,delivered,1203.61
TXN004710,CUST0331,PROD0063,2025-07-14,1,20, PayPal,Cancelled,353.46
TXN004711,CUST0226,PROD0013,29/08/2025,6,25,Debit Card,Pending,390.42
TXN004712,CUST0487,PROD0054,2025-08-08,4,50,Credit Card, SHIPPED ,388.32
TXN004713,CUST0152,PROD0048,2025-12-23,3,20,PayPal,Shipped,698.88
TXN004714,CUST0189,PROD0063,2025-11-12,5,15, PayPal,Processing,1877.73
TXN004715,CUST0223,PROD0038,2024-01-31,2,10, PayPal,Cancelled,129.92
TXN004716,CUST0332,PROD0078,2025-03-14,5,25,UPI,Returned,254.17
TXN004717,CUST0372,PROD0017,2025-06-22,2,60,Credit Card,Cancelled,85.7
TXN004718,CUST0309,PROD0059,20/09/2025,4,50,UPI,Cancelled,108.44
TXN004719,CUST0042,PROD0089,2025/01/16,2,10,Debit Card,delivered,29.84
TXN004720,CUST0388,PROD0075,2025-11-21,3,25,Debit Card,Delivered,91.46
TXN004721,CUST0066,PROD0043,2024-01-12,4,30,Cash, SHIPPED ,447.86
TXN004722,CUST0327,PROD0086,2024-02-07,6,40,UPI,Returned,3781.69
TXN004723,CUST0254,PROD0054,2025-04-27,3,60,Cash, SHIPPED ,232.99
TXN004724,CUST0127,PROD0019,2025-07-26,3,60,Debit Card,Delivered,37.36
TXN004725,CUST0119,PROD0068,08/12/2024,3,10, PayPal, SHIPPED ,142.4
TXN004726,CUST0087,PROD0020,04-15-2024,3,60,upi,Cancelled,
TXN004727,CUST0465,PROD0087,2025-03-28,2,60,upi,Cancelled,58.9
TXN004728,CUST0306,PROD0078,2024-09-20,3,60,Bank Transfer,Delivered,81.34
TXN004729,CUST0103,PROD0072,2025-07-30,3,20,upi,delivered,460.01
TXN004730,CUST0223,PROD0100,2025/11/09,3,15,Debit Card,Pending,283.59
TXN004731,CUST0030,PROD0066,2025-05-17,1,0,PayPal,Shipped,92.15
TXN004732,CUST0009,PROD0085,29/05/2024,4,15,upi, SHIPPED ,98.97
TXN004733,CUST0114,PROD0088,2024-06-20,6,30, PayPal,Cancelled,1517.0
TXN004734,CUST0369,PROD0091,2024-07-09,6,15,Bank Transfer,Pending,3263.18
TXN004735,CUST0138,PROD0073,2024-08-06,1,30,upi,Delivered,76.78
TXN004736,CUST0409,PROD0013,2025-08-17,1,60,Credit Card,Returned,34.7
TXN004737,CUST0281,PROD0067,2025-03-17,6,0, PayPal,Cancelled,
TXN004738,CUST0500,PROD0096,2024-06-06,3,20, PayPal,Cancelled,45.82
TXN004739,CUST0341,PROD0061,10/06/2025,5,25,Bank Transfer,Shipped,698.14
TXN004740,CUST0248,PROD0056,2024-02-29,6,0,UPI,Pending,2809.08
TXN004741,CUST0050,PROD0054,2024/10/26,6,25,Cash,Shipped,873.72
TXN004742,CUST0008,PROD0037,2024-12-24,2,20,upi, SHIPPED ,49.36
TXN004743,CUST0493,PROD0074,11-03-2024,4,15,UPI,Pending,1101.4
TXN004744,CUST0394,PROD0071,2024-02-28,6,25,PayPal,Delivered,3726.4
TXN004745,CUST0338,PROD0043,2025-02-02,3,5,Cash,Cancelled,455.86
TXN004746,CUST0227,PROD0070,06/11/2024,4,40,,Cancelled,173.66
TXN004747,CUST0228,PROD0036,2024-09-08,,0,upi,delivered,633.48
TXN004748,CUST0317,PROD0028,2025-05-30,4,10,credit card,Delivered,3222.4
TXN004749,CUST0077,PROD0031,2024-02-16,5,60,upi,Returned,93.48
TXN004750,CUST0202,PROD0078,2025-10-17,3,15,Bank Transfer,Cancelled,172.84
TXN004751,CUST0184,PROD0033,2025-06-25,5,25,PayPal,Shipped,472.01
TXN004752,CUST0096,PROD0014,2025/12/03,4,0,UPI,Pending,69.88
TXN004753,CUST0033,PROD0001,17/06/2025,1,500,credit card,Returned,149.66
TXN004754,CUST0215,PROD0080,2024-10-24,4,0,Bank Transfer,Delivered,748.12
TXN004755,CUST0109,PROD0062,2025-02-16,4,20, PayPal, SHIPPED ,80.58
TXN004756,CUST0377,PROD0075,2024-05-05,6,5,upi,Shipped,231.7
TXN004757,CUST0096,PROD0023,2024-04-28,1,15,upi,delivered,449.67
TXN004758,CUST0180,PROD0071,2025-02-22,5,5,Credit Card,Delivered,3933.43
TXN004759,CUST0404,PROD0039,2024-05-05,5,60,UPI,Cancelled,112.3
TXN004760,CUST0111,PROD0048,14/05/2024,4,30,Credit Card,Shipped,815.36
TXN004761,CUST0418,PROD0029,2025-06-11,3,0,Credit Card,Processing,436.95
TXN004762,CUST0301,PROD0044,2025-05-08,5,0,Debit Card,Delivered,517.25
TXN004763,CUST0036,PROD0024,2024/10/28,4,5,Cash,Shipped,384.71
TXN004764,CUST0467,PROD0048,2025-07-26,4,5,Bank Transfer,Shipped,1106.56
TXN004765,CUST0098,PROD0052,2025-10-02,3,0,credit card,delivered,51.03
TXN004766,CUST0062,PROD0074,2024-04-07,6,60,UPI, SHIPPED ,777.46
TXN004767,CUST0273,PROD0057,24/03/2024,4,40,Debit Card,Pending,1099.49
TXN004768,CUST0004,PROD0069,2024-01-12,NaN,60,PayPal,Cancelled,66.95
TXN004769,CUST0363,PROD0021,2025-07-25,3,0, PayPal,Shipped,193.17
TXN004770,CUST0308,PROD0055,2024-03-26,5,15,UPI,Processing,4464.2
TXN004771,CUST0039,PROD0098,2024-07-18,5,25,PayPal,Processing,944.25
TXN004772,CUST0022,PROD0073,2024-09-28,6,0,UPI,Pending,658.14
TXN004773,CUST0447,PROD0087,2024-03-15,4,25,Cash,delivered,220.86
TXN004774,CUST0198,PROD0020,04/04/2025,5,0,upi, SHIPPED ,453.7
TXN004775,CUST0055,PROD0009,2025-12-08,4,10,Credit Card,Cancelled,NaN
TXN004776,CUST0470,PROD0008,2025-02-01,3,5,upi,delivered,279.04
TXN004777,CUST0252,PROD0087,04-05-2024,1,5,Cash, SHIPPED ,69.94
TXN004778,CUST0025,PROD0083,2024-03-05,1,5,PayPal,Cancelled,-47.49
TXN004779,CUST0448,PROD0087,2025-09-21,2,15,Credit Card,Processing,125.15
TXN004780,CUST0167,PROD0046,2025-08-20,5,40,PayPal,Delivered,553.26
TXN004781,CUST0220,PROD0020,14/08/2024,3,25,upi,Shipped,204.16
TXN004782,CUST0434,PROD0003,2025-08-19,4,5,upi,Delivered,137.22
TXN004783,CUST0496,PROD0037,2025-01-02,3,10,Debit Card,Shipped,83.3
TXN004784,CUST0073,PROD0097,2024-02-20,4,0,Cash,Shipped,146.68
TXN004785,CUST0208,PROD0036,2024/04/15,5,0,Bank Transfer,Returned,1055.8
TXN004786,CUST0383,PROD0053,2024-02-13,6,5, PayPal,Shipped,251.88
TXN004787,CUST0132,PROD0005,2025-07-19,3,30,credit card,Returned,130.98
TXN004788,CUST0144,PROD0073,26/12/2024,4,0,credit card,Delivered,438.76
TXN004789,CUST0212,PROD0017,2025-12-09,3,25,upi, SHIPPED ,241.04
TXN004790,CUST0305,PROD0072,2024-08-13,5,50,credit card,Delivered,479.17
TXN004791,CUST0250,PROD0034,2024-05-25,3,5,Bank Transfer,Processing,426.25
TXN004792,CUST0341,PROD0080,2025-11-04,3,60,credit card,Pending,224.44
TXN004793,CUST0477,PROD0084,2025-03-29,2,25,UPI,Returned,253.92
TXN004794,CUST0233,PROD0052,02-03-2025,1,60,credit card,Cancelled,6.8
TXN004795,CUST0023,PROD0013,04/02/2025,4,10,Cash, SHIPPED ,312.34
TXN004796,CUST0064,PROD0061,2024/10/27,6,30,Cash,delivered,781.91
TXN004797,CUST0299,PROD0002,2024-05-17,4,10, PayPal, SHIPPED ,264.02
TXN004798,CUST0044,PROD0016,2025-02-03,2,50,upi, SHIPPED ,39.77
TXN004799,CUST0005,PROD0099,2024-07-13,5,50,PayPal,Returned,96.75
TXN004800,CUST0414,PROD0052,2025-07-15,6,30, PayPal,Delivered,71.44
TXN004801,CUST0064,PROD0051,2025-01-13,2,40, PayPal,Returned,134.74
TXN004802,CUST0023,PROD0021,05/03/2024,4,10,UPI,Shipped,231.8
TXN004803,CUST0368,PROD0019,2024-11-26,3,10,UPI,delivered,84.05
TXN004804,CUST0078,PROD0044,2025-02-03,1,50,credit card,Returned,51.73
TXN004805,CUST0308,PROD0050,2024-03-05,2,5,credit card,Delivered,44.71
TXN004806,CUST0174,PROD0099,2024-06-02,6,25,UPI,delivered,174.15
TXN004807,CUST0102,PROD0099,2024/03/30,6,5,Cash,Returned,220.59
TXN004808,CUST0191,PROD0053,2024-01-18,5,60,UPI,Returned,88.38
TXN004809,CUST0340,PROD0020,05/09/2024,2,5,Credit Card,Shipped,172.41
TXN004810,CUST0453,PROD0019,2025-08-15,3,15,Debit Card,Returned,79.38
TXN004811,CUST0466,PROD0090,10-18-2025,3,0,Cash,Pending,442.05
TXN004812,CUST0263,PROD0029,2024-09-28,2,40, PayPal,Processing,174.78
TXN004813,CUST0353,PROD0039,2024-02-16,1,5,upi,Processing,53.34
TXN004814,CUST0117,PROD0012,2024-08-10,5,60,Cash,Shipped,153.18
TXN004815,CUST0258,PROD0014,2025-10-30,1,60,upi,Processing,6.99
TXN004816,CUST0442,PROD0040,15/06/2024,3,40,Cash, SHIPPED ,99.25
TXN004817,CUST0416,PROD0028,2025-11-26,3,50, PayPal,Pending,1342.66
TXN004818,CUST0498,PROD0037,2024/12/21,4,15,Bank Transfer,Processing,104.89
TXN004819,CUST0101,PROD0096,2025-05-20,2,25,Bank Transfer,Returned,28.63
TXN004820,CUST0383,PROD0024,2024-05-11,3,15,credit card,Shipped,258.16
TXN004821,CUST0035,PROD0060,2025-06-23,5,10,Cash,Delivered,1124.6
TXN004822,CUST0170,PROD0006,2024-09-12,3,25,UPI,Processing,542.9
TXN004823,CUST0262,PROD0061,11/06/2024,3,40,upi,Pending,335.11
TXN004824,CUST0223,PROD0049,2025-01-22,1,50,PayPal,Pending,64.89
TXN004825,CUST0154,PROD0042,2025-12-24,5,40,Debit Card,Processing,156.18
TXN004826,CUST0029,PROD0081,2025-04-28,2,5,UPI,,118.48
TXN004827,CUST0285,PROD0047,2025-09-10,1,25,PayPal, SHIPPED ,37.74
TXN004828,CUST0066,PROD0013,11-03-2025,1,40,Bank Transfer,Shipped,52.06
TXN004829,CUST0132,PROD0034,2024/08/13,6,5,Credit Card, SHIPPED ,852.49
TXN004830,CUST0042,PROD0036,20/10/2024,2,60,upi,Returned,168.93
TXN004831,CUST0181,PROD0091,2025-04-17,3,15,UPI,Shipped,1631.59
TXN004832,CUST0305,PROD0079,2025-05-05,1,25,UPI,Cancelled,622.87
TXN004833,CUST0420,PROD0032,2024-10-10,4,10,upi,Pending,432.22
TXN004834,CUST0015,PROD0012,2024-01-26,6,15,Bank Transfer,Cancelled,390.61
TXN004835,CUST0151,PROD0039,2025-09-06,4,25,Cash,delivered,168.45
TXN004836,CUST0417,PROD0071,2025-02-27,1,50,Cash,Shipped,414.05
TXN004837,CUST0429,PROD0061,08/06/2025,1,10,Debit Card,delivered,167.55
TXN004838,CUST0294,PROD0076,2024-06-06,5,20,UPI,Pending,117.2
TXN004839,CUST0224,PROD0029,2025-06-11,4,20,Credit Card,Cancelled,466.08
TXN004840,CUST0110,PROD0016,2024/06/13,2,15,credit card,Returned,67.61
TXN004841,CUST0286,PROD0006,2025-03-25,3,40,UPI,Shipped,434.32
TXN004842,CUST0160,PROD0094,2025-06-21,4,50, PayPal,Returned,206.12
TXN004843,CUST0236,PROD0061,2025-05-23,1,40,Credit Card,Cancelled,111.7
TXN004844,CUST0207,PROD0050,24/02/2025,4,-10,Credit Card,Pending,94.12
TXN004845,CUST0194,PROD0092,05-22-2024,5,10,Debit Card,Processing,1013.18
TXN004846,CUST0404,PROD0088,2025-10-22,2,5,UPI, SHIPPED ,686.26
TXN004847,CUST0443,PROD0069,2024-06-17,5,20, PayPal,Processing,223.16
TXN004848,CUST0219,PROD0034,2025-12-26,,15,UPI,Delivered,635.63
TXN004849,CUST0465,PROD0039,2025-01-03,5,30,PayPal,Delivered,196.52
TXN004850,CUST0461,PROD0052,2025-02-14,4,500,Bank Transfer,delivered,68.04
TXN004851,CUST0119,PROD0013,05/07/2024,3,20,UPI,delivered,208.22
TXN004852,CUST0267,PROD0094,2024-10-10,5,5,Debit Card,Returned,489.53
TXN004853,CUST0441,PROD0056,2024-12-25,-3,20,PayPal,Shipped,749.09
TXN004854,CUST0015,PROD0050,2024-08-28,5,5, PayPal,Delivered,111.77
TXN004855,CUST0158,PROD0072,2025-12-28,2,30,Bank Transfer,Shipped,268.34
TXN004856,CUST0043,PROD0089,2025-02-24,3,60,credit card,delivered,19.9
TXN004857,CUST0378,PROD0071,2025-10-02,3,60,Bank Transfer,Processing,993.71
TXN004858,CUST0038,PROD0080,09/09/2024,5,15,Debit Card,Cancelled,794.88
TXN004859,CUST0391,PROD0053,2024-07-17,4,25,,Processing,132.57
TXN004860,CUST0251,PROD0052,2025-04-17,5,40, PayPal,Pending,51.03
TXN004861,CUST0188,PROD0073,2024-08-02,5,30,Debit Card,Cancelled,383.92
TXN004862,CUST0427,PROD0100,2024/11/12,4,20,Debit Card,delivered,355.87
TXN004863,CUST0113,PROD0100,2025-07-22,5,50,Bank Transfer,Processing,278.02
TXN004864,CUST0222,PROD0063,2024-05-13,2,60,Credit Card,Pending,353.46
TXN004865,CUST0435,PROD0052,27/04/2024,1,0,Debit Card,Shipped,
TXN004866,CUST0042,PROD0029,2025-09-16,3,20,Cash,Delivered,349.56
TXN004867,CUST0158,PROD0037,2024-07-06,2,30,Bank Transfer,Pending,43.19
TXN004868,CUST0317,PROD0021,2024-03-17,5,60,Credit Card,Shipped,128.78
TXN004869,CUST0002,PROD0093,2025-06-21,1,30,Bank Transfer,Pending,223.45
TXN004870,CUST0361,PROD0078,2024-01-19,6,60,Debit Card,delivered,162.67
TXN004871,CUST0464,PROD0062,2024-08-17,6,0,upi,Pending,151.08
TXN004872,CUST0314,PROD0074,25/01/2025,6,15,upi,Pending,1652.09
TXN004873,CUST0093,PROD0005,2025/08/21,4,5,Credit Card,Processing,237.01
TXN004874,CUST0390,PROD0025,2025-04-14,4,20,UPI,Processing,2526.3
TXN004875,CUST0030,PROD0047,2025-06-05,5,60, PayPal,Processing,100.64
TXN004876,CUST0459,PROD0035,2025-01-06,4,5,credit card,delivered,1184.57
TXN004877,CUST0469,PROD0088,2025-03-30,2,10, PayPal,Pending,650.14
TXN004878,CUST0004,PROD0016,2024-04-28,3,20,Debit Card,Pending,95.45
TXN004879,CUST0347,PROD0064,29/07/2024,2,30,Credit Card, SHIPPED ,75.54
TXN004880,CUST0261,PROD0044,2025-02-20,5,50,Cash, SHIPPED ,258.62
TXN004881,CUST0387,PROD0009,2024-02-05,3,60, PayPal,Cancelled,227.12
TXN004882,CUST0483,PROD0045,2025-05-27,4,60,Bank Transfer,Cancelled,281.15
TXN004883,CUST0486,PROD0090,2024-07-18,3,20, PayPal,Delivered,353.64
TXN004884,CUST0087,PROD0049,2024/07/24,4,30, PayPal, SHIPPED ,363.38
TXN004885,CUST0454,PROD0098,2024-12-25,4,20,credit card,Pending,805.76
TXN004886,CUST0336,PROD0095,31/01/2025,5,20,Bank Transfer,Pending,641.76
TXN004887,CUST0382,PROD0011,2024-12-23,6,15,Bank Transfer,Pending,411.88
TXN004888,CUST0465,PROD0033,2024-11-23,1,10,Bank Transfer,Delivered,113.28
TXN004889,CUST0397,PROD0047,2024-09-04,4,10,Credit Card,Returned,181.15
TXN004890,CUST0348,PROD0096,2025-06-20,4,25,UPI,Returned,57.27
TXN004891,CUST0171,PROD0004,2024-08-30,3,20,Cash,Delivered,117.84
TXN004892,CUST0396,PROD0062,2025-06-21,3,15,Cash,Cancelled,64.21
TXN004893,CUST0102,PROD0094,30/06/2025,4,60,UPI,Processing,164.9
TXN004894,CUST0370,PROD0078,2024-05-03,4,60,upi,Returned,108.45
TXN004895,CUST0500,PROD0095,2025/06/21,6,20,Credit Card,Pending,770.11
TXN004896,CUST0114,PROD0059,08-02-2024,3,5,credit card,Delivered,154.53
TXN004897,CUST0370,PROD0050,2024-08-11,6,20,Credit Card,delivered,112.94
TXN004898,CUST0053,PROD0006,2024-05-24,3,50,UPI,Pending,361.94
TXN004899,CUST0324,PROD0075,2025-03-18,2,20,upi,Pending,65.04
TXN004900,CUST0144,PROD0083,13/03/2025,6,30,upi,Delivered,-209.96
TXN004901,CUST0127,PROD0028,2024-05-19,2,60, PayPal,Returned,716.09
TXN004902,CUST0058,PROD0043,2025-08-31,1,60,Bank Transfer,Shipped,63.98
TXN004903,CUST0028,PROD0012,2024-01-22,6,40,upi,Delivered,275.72
TXN004904,CUST0248,PROD0069,2024-04-22,5,25,Debit Card, SHIPPED ,209.21
TXN004905,CUST0154,PROD0067,2024-09-25,4,40, PayPal,Cancelled,
TXN004906,CUST0266,PROD0026,2024/08/29,4,5,Bank Transfer,Returned,269.34
TXN004907,CUST0111,PROD0042,02/04/2025,3,20, PayPal,Cancelled,124.94
TXN004908,CUST0438,PROD0044,2024-01-24,6,10,upi,Delivered,558.63
TXN004909,CUST0096,PROD0098,2025-04-23,6,30,Cash,Pending,1057.56
TXN004910,CUST0172,PROD0056,2025-04-26,4,5,Cash,Shipped,1779.08
TXN004911,CUST0483,PROD0021,2025-09-06,2,30,Debit Card,Cancelled,90.15
TXN004912,CUST0292,PROD0015,2024-05-10,4,40,Bank Transfer,delivered,160.25
TXN004913,CUST0307,PROD0083,08-25-2025,3,5,UPI,Cancelled,-142.47
TXN004914,CUST0256,PROD0053,27/05/2025,1,25,Cash,Delivered,33.14
TXN004915,CUST0251,PROD0075,2024-03-08,6,30,credit card,Shipped,170.73
TXN004916,CUST0454,PROD0004,2025-03-13,1,40,Credit Card,Pending,29.46
TXN004917,CUST0271,PROD0027,2025/07/04,NaN,20, PayPal,Returned,434.45
TXN004918,CUST0263,PROD0026,2024-01-11,3,50,credit card,Pending,106.32
TXN004919,CUST0110,PROD0056,2024-12-02,3,0,Bank Transfer,Returned,1404.54
TXN004920,CUST0318,PROD0017,2025-05-05,5,0,Credit Card,Cancelled,535.65
TXN004921,CUST0061,PROD0058,21/07/2025,2,30,Bank Transfer,Cancelled,44.3
TXN004922,CUST0379,PROD0011,2025-03-14,6,50,credit card,Returned,242.28
TXN004923,CUST0486,PROD0034,2024-09-30,5,50,credit card,Cancelled,373.9
TXN004924,CUST0013,PROD0026,2024-07-09,1,40,credit card, SHIPPED ,42.53
TXN004925,CUST0003,PROD0092,2024-12-16,4,60,Credit Card,Shipped,360.24
TXN004926,CUST0381,PROD0047,2024-06-11,6,0,PayPal, SHIPPED ,301.92
TXN004927,CUST0196,PROD0026,2024-08-12,5,10,UPI,delivered,318.96
TXN004928,CUST0436,PROD0052,27/12/2024,1,15,Credit Card,Pending,14.46
TXN004929,CUST0306,PROD0083,2025-08-30,3,20,Credit Card,Processing,-119.98
TXN004930,CUST0350,PROD0060,08-01-2024,1,5,PayPal,delivered,237.41
TXN004931,CUST0111,PROD0012,2025-07-25,1,0,Bank Transfer,Processing,76.59
TXN004932,CUST0103,PROD0011,2025-11-11,2,0,upi,Processing,161.52
TXN004933,CUST0414,PROD0008,2024-11-04,1,0,UPI,Delivered,97.91
TXN004934,CUST0466,PROD0045,2024-10-31,3,40,UPI,delivered,316.3
TXN004935,CUST0228,PROD0097,12/05/2025,4,15,Cash,Processing,124.68
TXN004936,CUST0139,PROD0092,2024-12-03,6,25,UPI,Shipped,1013.18
TXN004937,CUST0192,PROD0011,2025-07-02,4,10,UPI,Processing,290.74
TXN004938,CUST0224,PROD0036,2024-05-14,3,5,Cash,delivered,601.81
TXN004939,CUST0095,PROD0047,2025/01/08,4,30,Cash,Shipped,140.9
TXN004940,CUST0173,PROD0044,2025-08-28,2,0,Cash,Shipped,206.9
TXN004941,CUST0295,PROD0055,2025-09-27,3,20,Cash,Pending,2520.96
TXN004942,CUST0199,PROD0014,22/11/2025,1,20,Cash,Returned,13.98
TXN004943,CUST0300,PROD0095,2024-04-27,3,0,Cash,Processing,481.32
TXN004944,CUST0336,PROD0033,2024-10-22,6,20,Credit Card,Cancelled,604.18
TXN004945,CUST0470,PROD0043,2024-01-28,4,60,credit card,delivered,255.92
TXN004946,CUST0402,PROD0046,2025-09-07,2,25,credit card,Shipped,276.63
TXN004947,CUST0440,PROD0008,06-03-2025,2,500, PayPal,Pending,176.24
TXN004948,CUST0398,PROD0043,2024-11-03,4,40, PayPal,Returned,383.88
TXN004949,CUST0191,PROD0074,03/07/2024,,5,PayPal,Cancelled,923.23
TXN004950,CUST0264,PROD0058,2024/05/31,6,60,UPI,Pending,75.94
TXN004951,CUST0306,PROD0061,2025-09-22,1,40,Credit Card,Returned,111.7
TXN004952,CUST0448,PROD0043,2025-01-07,3,50,Bank Transfer, SHIPPED ,239.92
TXN004953,CUST0237,PROD0034,2024-04-18,4,10,UPI,,538.42
TXN004954,CUST0404,PROD0054,2025-11-05,1,10,credit card,delivered,174.74
TXN004955,CUST0301,PROD0029,2024-12-17,2,40,upi,Pending,174.78
TXN004956,CUST0135,PROD0080,22/01/2024,3,5,PayPal,Processing,533.04
TXN004957,CUST0252,PROD0019,2025-11-26,4,25,UPI,Shipped,93.39
TXN004958,CUST0483,PROD0037,2025-01-11,6,15,Bank Transfer,Shipped,157.34
TXN004959,CUST0255,PROD0082,2024-02-20,3,20,credit card,delivered,688.15
TXN004960,CUST0405,PROD0038,2024-12-27,5,25,credit card, SHIPPED ,270.68
TXN004961,CUST0411,PROD0024,2024/05/05,5,15,UPI,delivered,430.27
TXN004962,CUST0407,PROD0085,2025-05-10,4,30,Cash,Delivered,81.51
TXN004963,CUST0287,PROD0079,30/12/2024,3,60,Debit Card,Delivered,996.59
TXN004964,CUST0258,PROD0054,02-22-2024,2,5, PayPal,Shipped,368.9
TXN004965,CUST0190,PROD0043,2025-11-27,5,25,PayPal,Shipped,599.81
TXN004966,CUST0321,PROD0092,2025-08-15,5,15,UPI, SHIPPED ,NaN
TXN004967,CUST0285,PROD0050,2024-02-17,6,15,Debit Card, SHIPPED ,120.0
TXN004968,CUST0019,PROD0068,2025-08-12,5,50,credit card,Delivered,131.85
TXN004969,CUST0046,PROD0005,2025-01-12,5,15,Debit Card,Shipped,265.07
TXN004970,CUST0056,PROD0048,28/07/2024,1,10,upi,Returned,262.08
TXN004971,CUST0025,PROD0005,2025-09-17,2,15,UPI, SHIPPED ,106.03
TXN004972,CUST0125,PROD0064,2025/08/24,2,0,,Pending,107.92
TXN004973,CUST0266,PROD0022,2025-11-01,5,50,UPI,Returned,449.32
TXN004974,CUST0146,PROD0058,2025-06-16,4,40,upi, SHIPPED ,75.94
TXN004975,CUST0128,PROD0096,2024-10-06,6,0,Cash,Cancelled,114.54
TXN004976,CUST0154,PROD0066,2025-12-17,2,20,PayPal, SHIPPED ,147.44
TXN004977,CUST0223,PROD0038,07/05/2025,2,30,Bank Transfer,Returned,101.05
TXN004978,CUST0435,PROD0004,2024-09-20,6,50,UPI,Processing,147.3
TXN004979,CUST0390,PROD0064,2025-09-05,4,15, PayPal,delivered,183.46
TXN004980,CUST0266,PROD0012,2025-11-30,5,40, PayPal,Returned,229.77
TXN004981,CUST0140,PROD0079,08-03-2025,3,30,Cash,Pending,1744.03
TXN004982,CUST0340,PROD0012,2024-11-09,4,60,UPI,delivered,122.54
TXN004983,CUST0128,PROD0012,2024/11/30,4,30,Bank Transfer,Processing,214.45
TXN004984,CUST0101,PROD0079,12/10/2024,2,30,Credit Card, SHIPPED ,1162.69
TXN004985,CUST0138,PROD0099,2025-08-26,4,30,Cash,Shipped,108.36
TXN004986,CUST0491,PROD0016,2025-11-08,2,10,PayPal,Cancelled,71.59
TXN004987,CUST0341,PROD0099,2025-10-27,6,10,Bank Transfer, SHIPPED ,208.98
TXN004988,CUST0287,PROD0063,2024-05-20,1,15, PayPal,Cancelled,375.55
TXN004989,CUST0118,PROD0063,2025-12-24,3,0,upi,Shipped,1325.46
TXN004990,CUST0105,PROD0066,2025-02-27,3,50,credit card,Pending,138.23
TXN004991,CUST0257,PROD0032,22/02/2024,3,25,upi,delivered,270.13
TXN004992,CUST0346,PROD0100,2025-04-05,4,25, PayPal, SHIPPED ,333.63
TXN004993,CUST0288,PROD0087,2024-01-03,3,25,Debit Card,Processing,165.65
TXN004994,CUST0470,PROD0051,2025/10/14,4,30,Bank Transfer,Returned,314.38
TXN004995,CUST0482,PROD0078,2024-09-27,4,15,PayPal,Pending,230.45
TXN004996,CUST0019,PROD0048,2025-02-24,3,30,credit card,Cancelled,611.52
TXN004997,CUST0452,PROD0033,2024-09-16,1,0,Bank Transfer,Processing,125.87
TXN004998,CUST0045,PROD0088,06/06/2025,4,20, PayPal,Shipped,1155.81
TXN004999,CUST0444,PROD0048,2024-05-20,2,25,Debit Card,Shipped,436.8
TXN005000,CUST0293,PROD0068,2024-12-21,6,0,credit card, SHIPPED ,316.44
TXN000100,CUST0013,PROD0062,2024-04-17,4,5,credit card ,Processing,95.68
TXN000777,CUST0164,PROD0009,11/10/2025,3,20,Bank Transfer,Processing,605.66
TXN001500,CUST0146,PROD0090,2025-06-30,2,20,Credit Card,Pending,206.29
TXN002500,CUST0087,PROD0004,2024-07-15,5,30,PayPal,Delivered ,171.85
TXN003333,CUST0371,PROD0059,15/06/2025,,5,Cash, SHIPPED ,309.05
TXN004200,CUST0406,PROD0040,06/07/2024,5,40,UPI, SHIPPED ,9999.99
